env,file,scale,scarcity,replicate,arm,seed,total_ticks,extinct,extinction_tick,final_pop,final_species,ticks_per_second,av_cells,cell_richness,cell_entropy,connections,hidden_nodes,species_count,pop,plant_breadth,total_breadth,specialist_pct,meat_pct,plant_types,mouth_pct,producer_pct,mover_pct,killer_pct,armor_pct,eye_pct,mouth_cells,nonmouth_cells,breadth0_pct,breadth1_pct,breadth2_pct,breadth3_pct,diet1_pct,diet2_pct,diet3_pct,diet_shannon,diet_types_held,niche_shannon,niche_count,dominant_diet
map_500_d01,seed_1.json,,,,normal,1,10000000,False,,324,6,1173,7.00257440396551,4,1.8499216462243482,104.95822183718661,4.0,4.84,319.44,1.873456790123457,1.873456790123457,12.654320987654321,0.0,12,42.835549129922946,0.000930323278931077,14.25762575369479,28.549333126614563,0.07609933489673734,14.280462331592037,2.999591199170055,4.002983204795455,0.0,12.654320987654321,87.34567901234568,0.0,56.32716049382716,43.67283950617284,0.0,0.9884179020412356,2,0.547881129703254,2,Generalists
map_500_d01,seed_2.json,,,,normal,2,1782834,True,1782834,0,0,1132,6.72,4,1.9502120649147472,119.04,3.84,0.96,1.78,,,,,,28.571428571428577,0.0,28.571428571428577,28.571428571428577,0.0,14.285714285714288,1.9200000000000002,4.799999999999999,,,,,,,,,,,,No diet / mouth
map_500_d01,seed_3.json,,,,normal,3,10000000,False,,151,1,1199,6.999590904855093,4,1.8426501547587761,104.34348146731918,4.0,1.08,122.62,1.0,1.0,100.0,0.0,1,28.57309844512126,0.00213232077948666,14.28654922256063,42.85751534690242,0.0,14.280704664636204,1.9999999999999996,4.9995909048550935,0.0,100.0,0.0,0.0,100.0,0.0,0.0,-0.0,1,-0.0,1,Type 1 specialists
map_500_d01,seed_4.json,,,,normal,4,684160,True,684160,0,0,1483,5.76,5,2.2516291673878226,69.12,3.84,0.96,5.54,,,,,,33.33333333333333,16.666666666666664,16.666666666666664,16.666666666666664,0.0,16.666666666666664,1.92,3.8400000000000003,,,,,,,,,,,,No diet / mouth
map_500_d01,seed_5.json,,,,normal,5,1222895,True,1222895,0,0,1163,5.76,4,1.9182958340544896,100.8,3.84,0.96,4.74,,,,,,33.33333333333333,0.0,16.666666666666664,33.33333333333333,0.0,16.666666666666664,1.92,3.8400000000000003,,,,,,,,,,,,No diet / mouth
map_500_d01,seed_6.json,,,,normal,6,6307221,True,6307221,0,0,980,5.76,4,1.9182958340544896,94.10150865800865,3.84,0.96,5.12,,,,,,33.33333333333333,0.0,16.666666666666664,33.33333333333333,0.0,16.666666666666664,1.92,3.8400000000000003,,,,,,,,,,,,No diet / mouth
map_500_d01,seed_7.json,,,,normal,7,6639342,True,6639342,0,0,799,4.8,4,1.9219280948873623,100.8,3.84,0.96,16.66,,,,,,40.0,0.0,20.0,20.0,0.0,20.0,1.92,2.88,,,,,,,,,,,,No diet / mouth
map_500_d01,seed_8.json,,,,normal,8,609235,True,609235,0,0,630,4.8,4,1.9219280948873623,99.66331701631701,3.84,0.96,6.92,,,,,,40.0,0.0,20.0,20.0,0.0,20.0,1.92,2.88,,,,,,,,,,,,No diet / mouth
map_500_d01,seed_9.json,,,,normal,9,6140689,True,6140689,0,0,1114,12.48,5,1.6150728155897291,34.98166666666667,3.84,1.58,4.18,,,,,,29.28151709401712,0.0,7.6923076923077,55.33386752136749,6.204594017094022,1.487713675213676,3.6543333333333363,8.825666666666663,,,,,,,,,,,,No diet / mouth
map_500_d01,seed_10.json,,,,normal,10,1549984,True,1549984,0,0,429,5.76,4,1.9182958340544896,115.06300694248992,3.84,0.96,6.88,,,,,,33.33333333333333,0.0,33.33333333333333,16.666666666666664,0.0,16.666666666666664,1.92,3.8400000000000003,,,,,,,,,,,,No diet / mouth
map_500_d01,seed_11.json,,,,normal,11,10000000,False,,387,3,714,6.141485946894526,5,2.1950444646845537,95.78036556558536,4.0,3.28,409.2,1.1550387596899225,1.1550387596899225,84.49612403100775,0.0,123,35.1754025114233,0.0,16.282704359287116,22.481580039222536,9.780702588363532,16.279610501703527,2.160292402002646,3.9811935448918794,0.0,84.49612403100775,15.503875968992247,0.0,7.751937984496124,60.46511627906977,31.782945736434108,1.2504498429467392,3,1.3501418244853027,3,Type 2 specialists
map_500_d01,seed_12.json,,,,normal,12,3792852,True,3792852,0,0,1047,5.762838345864662,4,1.7920907580096803,87.4895739348371,3.84,1.02,4.44,,,,,,16.65845790536331,0.0,16.65845790536331,50.02462628391007,0.0,16.65845790536331,0.96,4.802838345864662,,,,,,,,,,,,No diet / mouth
map_500_d01,seed_13.json,,,,normal,13,1157451,True,1157451,0,0,1108,4.8,4,1.9219280948873623,100.8,3.84,0.96,5.48,,,,,,40.0,0.0,20.0,20.0,0.0,20.0,1.92,2.88,,,,,,,,,,,,No diet / mouth
map_500_d01,seed_14.json,,,,normal,14,733157,True,733157,0,0,1420,4.8,4,1.9219280948873623,100.8,3.84,0.96,9.58,,,,,,40.0,0.0,20.0,20.0,0.0,20.0,1.92,2.88,,,,,,,,,,,,No diet / mouth
map_500_d01,seed_15.json,,,,normal,15,10000000,False,,360,8,716,5.99850518505523,5,2.084533547371955,100.27691930802175,4.0,5.26,354.24,1.3166666666666667,1.3166666666666667,68.33333333333333,0.0,123,38.451661171513415,4.440294491165683,16.666083362953167,23.79038708359843,0.0037997404532664203,16.647774150316035,2.3065248891131005,3.6919802959421286,0.0,68.33333333333333,31.666666666666668,0.0,16.11111111111111,46.111111111111114,37.77777777777778,1.4698686804101333,3,1.6013628201476977,3,Type 2 specialists
map_500_d01,seed_16.json,,,,normal,16,1153172,True,1153172,0,0,854,4.8,4,1.9219280948873623,96.23766227949798,3.84,0.96,12.38,,,,,,40.0,0.0,20.0,20.0,0.0,20.0,1.92,2.88,,,,,,,,,,,,No diet / mouth
map_500_d01,seed_17.json,,,,normal,17,10000000,False,,188,1,1127,7.992812054233374,5,2.2550040786331236,125.01152900284808,4.0,2.42,175.52,2.0,2.0,0.0,0.0,13,25.01205501855529,0.044199344492726104,25.02248253092233,24.888353062740283,12.52166877782821,12.511241265461164,1.9991665485345709,5.993645505698804,0.0,0.0,100.0,0.0,50.0,0.0,50.0,1.0,2,-0.0,1,Generalists
map_500_d01,seed_18.json,,,,normal,18,10000000,False,,89,1,1558,6.0,4,1.7925901668076714,86.37650005793218,4.0,1.04,94.04,1.0,1.0,100.0,0.0,1,49.99312641723356,0.0,16.673540249433106,16.666666666666664,0.0,16.666666666666664,2.9995875850340137,3.000412414965986,0.0,100.0,0.0,0.0,100.0,0.0,0.0,-0.0,1,-0.0,1,Type 1 specialists
map_500_d01,seed_19.json,,,,normal,19,10000000,False,,142,1,1695,5.998665866910188,4,1.9213936012069937,82.86140395361413,4.0,1.46,134.46,1.0,1.0,100.0,0.0,3,33.342897848189324,0.03109929666601275,16.639274119466315,33.340746832264664,0.0,16.645981903413688,2.0001290322580645,3.9985368346521235,0.0,100.0,0.0,0.0,0.0,0.0,100.0,-0.0,1,-0.0,1,Type 3 specialists
map_500_d01,seed_20.json,,,,normal,20,10000000,False,,207,1,904,6.0,4,1.9182812766381714,104.99257641921396,4.0,1.02,246.38,1.0,1.0,100.0,0.0,1,33.33478893740903,0.0,16.666666666666664,33.33333333333333,0.0,16.665211062590977,2.0000873362445417,3.9999126637554587,0.0,100.0,0.0,0.0,100.0,0.0,0.0,-0.0,1,-0.0,1,Type 1 specialists
map_500_d01_predation,seed_1.json,,,,predation,1,10000000,False,,309,2,604,4.998242872988069,4,1.9217873285533205,92.22933362283183,4.0,1.58,277.2,1.0,1.0,100.0,0.0,2,40.014061957824644,0.0,20.007030978912322,19.99370163123838,0.0,19.98520543202466,2.0000000000000004,2.9982428729880684,0.0,100.0,0.0,0.0,0.0,100.0,0.0,-0.0,1,-0.0,1,Type 2 specialists
map_500_d01_predation,seed_2.json,,,,predation,2,10000000,False,,495,1,305,9.000076913149874,4,1.6579985034560352,104.96142566794794,4.0,1.1,511.02,3.0,3.0,0.0,0.0,123,55.55508078708278,0.0,11.111016157416564,22.22203231483313,0.0017226446338215453,11.1101480960337,4.999999999999998,4.000076913149876,0.0,0.0,0.0,100.0,33.333333333333336,33.333333333333336,33.333333333333336,1.584962500721156,3,-0.0,1,Generalists
map_500_d01_predation,seed_3.json,,,,predation,3,8156220,True,8156220,0,0,771,6.72,4,1.8423709931771084,95.70789466089465,3.84,0.96,5.86,,,,,,42.85714285714286,0.0,14.285714285714285,28.57142857142857,0.0,14.285714285714285,2.88,3.84,,,,,,,,,,,,No diet / mouth
map_500_d01_predation,seed_4.json,,,,predation,4,10000000,False,,479,2,329,5.0,4,1.922064744129993,102.00330754329187,4.0,2.02,475.7,1.361169102296451,1.361169102296451,63.88308977035491,0.0,13,40.0,0.0008565310492505349,19.99914346895075,20.0,0.0,20.0,1.9999999999999998,3.0000000000000004,0.0,63.88308977035491,36.11691022964509,0.0,18.058455114822547,0.0,81.94154488517745,0.6813541570643014,2,0.9436493546190512,2,Type 3 specialists
map_500_d01_predation,seed_5.json,,,,predation,5,10000000,False,,317,2,269,6.000797532488848,4,1.9198860748787494,125.97856569359632,4.0,1.64,344.14,1.0,1.0,100.0,0.0,3,33.32493125356763,0.012500354046752513,33.330505460219115,16.670553607101045,0.0,16.661509325065477,1.9997616523676909,4.001035880121157,0.0,100.0,0.0,0.0,0.0,0.0,100.0,-0.0,1,-0.0,1,Type 3 specialists
map_500_d01_predation,seed_6.json,,,,predation,6,1278013,True,1278013,0,0,790,4.8,4,1.9219280948873623,100.8,3.84,0.96,11.36,,,,,,40.0,0.0,20.0,20.0,0.0,20.0,1.92,2.88,,,,,,,,,,,,No diet / mouth
map_500_d01_predation,seed_7.json,,,,predation,7,331473,True,331473,0,0,450,7.68,4,1.75,100.8,3.84,0.96,3.04,,,,,,50.0,0.0,12.5,0.0,25.0,12.5,3.84,3.84,,,,,,,,,,,,No diet / mouth
map_500_d01_predation,seed_8.json,,,,predation,8,10000000,False,,337,1,691,7.0,4,1.6644977792004612,104.9979574788841,4.0,1.0,350.56,2.0,2.0,0.0,0.0,13,57.14285714285714,0.0,14.285714285714285,14.285714285714285,0.0,14.285714285714285,4.0,3.0,0.0,0.0,100.0,0.0,50.0,0.0,50.0,1.0,2,-0.0,1,Generalists
map_500_d01_predation,seed_9.json,,,,predation,9,10000000,False,,236,2,1019,5.00384385568903,4,1.9295845395227609,104.5773815097751,4.0,2.46,238.32,1.0,1.0,100.0,0.0,1,39.95682265526831,0.0,19.983233957721353,19.999076710364083,0.07623028830115024,19.984636388345095,1.9993770153642054,3.0044668403248243,0.0,100.0,0.0,0.0,100.0,0.0,0.0,-0.0,1,-0.0,1,Type 1 specialists
map_500_d01_predation,seed_10.json,,,,predation,10,1253156,True,1253156,0,0,801,4.8,4,1.9219280948873623,100.8,3.84,0.96,7.4,,,,,,40.0,0.0,20.0,20.0,0.0,20.0,1.92,2.88,,,,,,,,,,,,No diet / mouth
map_500_d01_predation,seed_11.json,,,,predation,11,10000000,False,,421,3,1072,6.000504441316168,4,1.8917737894188085,70.3095271541708,4.0,2.48,378.54,1.479809976247031,1.479809976247031,52.019002375296914,0.0,13,41.21435090623473,0.0,16.660359319474782,25.45522356485177,0.0048006508541551035,16.66526555858456,2.4730689565882455,3.5274354847279223,0.0,52.019002375296914,47.980997624703086,0.0,76.00950118764845,0.0,23.990498812351543,0.7948822422543125,2,0.998823488224307,2,Type 1 specialists
map_500_d01_predation,seed_12.json,,,,predation,12,5366877,True,5366877,0,0,1150,5.76,4,1.9182958340544896,100.8,3.84,0.96,7.3,,,,,,33.33333333333333,0.0,16.666666666666664,33.33333333333333,0.0,16.666666666666664,1.92,3.8400000000000003,,,,,,,,,,,,No diet / mouth
map_500_d01_predation,seed_13.json,,,,predation,13,2512446,True,2512446,0,0,1285,4.803274853801169,4,1.9215151588957675,100.95391812865496,3.84,1.02,7.22,,,,,,40.04090776273498,0.0,19.918184474530047,19.986364079088343,0.0,20.054543683646635,1.9232748538011697,2.88,,,,,,,,,,,,No diet / mouth
map_500_d01_predation,seed_14.json,,,,predation,14,10000000,False,,500,1,599,4.999954022988506,4,1.9219244164486384,94.3696496940301,4.0,1.02,447.16,2.0,2.0,0.0,0.0,23,40.00036781947421,0.0,20.000183909737103,20.000183909737103,0.0,19.9992643610516,2.0,2.999954022988506,0.0,0.0,100.0,0.0,0.0,50.0,50.0,1.0,2,-0.0,1,Generalists
map_500_d01_predation,seed_15.json,,,,predation,15,683064,True,683064,0,0,869,3.888792373081054,4,1.9996621134335053,104.94735171188958,3.84,1.52,20.62,,,,,,24.686326959631455,0.0,24.686326959631455,24.686326959631455,0.0,25.941019121105636,0.9600000000000001,2.928792373081054,,,,,,,,,,,,No diet / mouth
map_500_d01_predation,seed_16.json,,,,predation,16,10000000,False,,251,1,1109,5.998784673093718,4,1.7922964444735918,73.61744333001153,4.0,1.34,214.6,1.0,1.0,100.0,0.0,3,50.01165215443037,0.0,16.670043258683524,16.666766138908088,0.0,16.651538447978,3.0000913242009135,2.9986933488928047,0.0,100.0,0.0,0.0,0.0,0.0,100.0,-0.0,1,-0.0,1,Type 3 specialists
map_500_d01_predation,seed_17.json,,,,predation,17,10000000,False,,468,1,542,4.999957711273893,4,1.9219164975674068,103.00243184543497,4.0,1.1,488.96,2.0,2.0,0.0,0.0,13,40.001159674853234,0.0,19.99932169154035,19.999349477271323,0.0,20.000169156335108,2.0000410677618072,2.9999166435120865,0.0,0.0,100.0,0.0,50.0,0.0,50.0,1.0,2,-0.0,1,Generalists
map_500_d01_predation,seed_18.json,,,,predation,18,10000000,False,,200,1,1249,6.003633563684323,4,1.9244777465427592,93.88617592919648,4.0,1.72,198.8,1.0,1.0,100.0,0.0,3,33.31315908582262,0.060522742532141724,33.31315908582262,16.65657954291131,0.0,16.65657954291131,2.0000000000000004,4.003633563684323,0.0,100.0,0.0,0.0,0.0,0.0,100.0,-0.0,1,-0.0,1,Type 3 specialists
map_500_d01_predation,seed_19.json,,,,predation,19,10000000,False,,324,4,1151,4.9999423631123925,4,1.9256999726304547,103.20804646404434,4.0,2.58,334.74,1.0,1.0,100.0,0.0,13,40.00046110041614,0.03572784031885522,19.964502709889214,19.999077799167715,0.0,20.00023055020807,2.0,2.9999423631123925,0.0,100.0,0.0,0.0,50.0,0.0,50.0,1.0,2,1.0,2,Type 1 specialists
map_500_d01_predation,seed_20.json,,,,predation,20,10000000,False,,198,1,1125,5.9982037212184265,4,1.9186070757035256,101.88055995666487,4.0,1.42,158.6,1.0,1.0,100.0,0.0,1,33.326013303733674,0.0,16.651774105820436,33.34782170758564,0.002733058659705006,16.671657824200544,1.9989621701183011,3.999241551100125,0.0,100.0,0.0,0.0,100.0,0.0,0.0,-0.0,1,-0.0,1,Type 1 specialists
map_500_d02,seed_1.json,,,,normal,1,10000000,False,,431,4,573,6.041275359553196,4,1.964248558194081,95.30785296714207,4.0,4.12,422.82,1.0,1.0,100.0,0.0,123,33.10559246132289,0.0,16.552796230661446,33.1040066719632,0.6848084053910202,16.552796230661446,2.0,4.041275359553195,0.0,100.0,0.0,0.0,36.42691415313225,29.234338747099766,34.33874709976798,1.578941214425387,3,1.578941214425387,3,Type 1 specialists
map_500_d02,seed_2.json,,,,normal,2,10000000,False,,364,1,628,5.0,4,1.9219280948873623,103.40423364886857,4.0,1.02,350.84,1.0,1.0,100.0,0.0,1,40.0,0.0,20.0,20.0,0.0,20.0,2.0,3.0,0.0,100.0,0.0,0.0,100.0,0.0,0.0,-0.0,1,-0.0,1,Type 1 specialists
map_500_d02,seed_3.json,,,,normal,3,3763135,True,3763135,0,0,1089,6.72,4,1.8423709931771084,100.36836833342096,3.84,0.96,6.64,,,,,,28.57142857142857,0.0,14.285714285714285,42.85714285714286,0.0,14.285714285714285,1.92,4.8,,,,,,,,,,,,No diet / mouth
map_500_d02,seed_4.json,,,,normal,4,10000000,False,,667,5,362,4.825911847836749,4,1.9745619435440849,96.00742637342599,4.0,4.12,671.7,1.0,1.0,100.0,0.0,123,26.286690099390487,0.0006250821289322926,20.712875668124674,32.29726414197582,0.001896314918490454,20.700648693461602,1.2685724919106152,3.5573393559261337,0.0,100.0,0.0,0.0,45.72713643178411,29.08545727136432,25.187406296851574,1.535432943225874,3,1.535432943225874,3,Type 1 specialists
map_500_d02,seed_5.json,,,,normal,5,2688947,True,2688947,0,0,1340,5.76,5,2.2516291673878226,100.8,3.84,0.96,5.4,,,,,,16.666666666666664,16.666666666666664,16.666666666666664,33.33333333333333,0.0,16.666666666666664,0.96,4.8,,,,,,,,,,,,No diet / mouth
map_500_d02,seed_6.json,,,,normal,6,10000000,False,,231,2,416,9.552527905201071,4,1.8401212851980606,79.90974357109867,4.0,2.1,215.94,1.4588744588744589,1.4588744588744589,54.112554112554115,0.0,13,25.619203353950827,0.0,20.933845316201214,42.97649957224599,0.0,10.470451757601973,2.447281549476361,7.105246355724709,0.0,54.112554112554115,45.887445887445885,0.0,77.05627705627705,0.0,22.943722943722943,0.7770289773300474,2,0.9951143930764039,2,Type 1 specialists
map_500_d02,seed_7.json,,,,normal,7,10000000,False,,334,2,434,6.421469602207222,4,1.8903351931599683,101.59578931936632,4.0,2.02,370.92,1.0,1.0,100.0,0.0,13,37.708963091173096,0.0,15.572759227206726,31.144610421805453,0.0,15.573667259814727,2.421469602207221,4.000000000000001,0.0,100.0,0.0,0.0,44.61077844311377,0.0,55.38922155688623,0.9916034549160289,2,0.9916034549160289,2,Type 3 specialists
map_500_d02,seed_8.json,,,,normal,8,10000000,False,,260,1,1039,6.0,4,1.9182958340544896,101.01625342126945,4.0,1.0,257.6,1.0,1.0,100.0,0.0,3,33.33333333333333,0.0,16.666666666666664,33.33333333333333,0.0,16.666666666666664,2.0,4.0,0.0,100.0,0.0,0.0,0.0,0.0,100.0,-0.0,1,-0.0,1,Type 3 specialists
map_500_d02,seed_9.json,,,,normal,9,10000000,False,,550,3,269,6.764291479364443,4,1.8627780787295685,66.46946107313956,4.0,2.12,577.66,1.7563636363636363,1.7563636363636363,24.363636363636363,0.0,123,29.56702865483135,0.0,14.781362036079623,40.867576261872394,0.0,14.784033047216639,2.0000000000000004,4.764291479364442,0.0,24.363636363636363,75.63636363636364,0.0,24.363636363636363,37.81818181818182,37.81818181818182,1.557398946106502,3,0.8010353097428659,2,Generalists
map_500_d02,seed_10.json,,,,normal,10,10000000,False,,380,1,239,9.001133061954013,4,1.8912220039474996,123.07746399792288,4.0,1.46,373.94,2.0,2.0,0.0,0.0,13,33.32913733583609,0.0,22.21942489055738,33.32913733583609,0.0,11.122300437770452,3.0000000000000004,6.001133061954012,0.0,0.0,100.0,0.0,50.0,0.0,50.0,1.0,2,-0.0,1,Generalists
map_500_d02,seed_11.json,,,,normal,11,10000000,False,,577,2,379,5.000061925689194,4,1.9219342093636926,103.45298024335521,4.0,2.1,619.06,1.0,1.0,100.0,0.0,13,19.999752300311016,0.0,20.00108395946404,39.99938849921134,0.0,19.99977524101359,0.9999999999999999,4.000061925689194,0.0,100.0,0.0,0.0,51.1265164644714,0.0,48.8734835355286,0.999633801661124,2,0.999633801661124,2,Type 1 specialists
map_500_d02,seed_12.json,,,,normal,12,10000000,False,,441,3,455,4.9998187988513685,4,1.9277110238654436,59.90495445056837,4.0,2.16,419.14,1.0,1.0,100.0,0.0,1,20.000724830862566,0.027558173298860053,20.000724830862566,39.97540550763122,0.02241999978108762,19.973166657563706,1.0,3.999818798851368,0.0,100.0,0.0,0.0,100.0,0.0,0.0,-0.0,1,-0.0,1,Type 1 specialists
map_500_d02,seed_13.json,,,,normal,13,10000000,False,,762,5,246,5.438792958351695,5,2.0999558908568132,57.28987764329826,4.0,3.64,772.86,1.0,1.0,100.0,0.0,123,22.42582826633279,0.0018756895735978203,18.38549924420606,36.7723844522898,4.034608804669135,18.37980354292863,1.2196943686013517,4.2190985897503435,0.0,100.0,0.0,0.0,39.23884514435696,39.37007874015748,21.391076115485564,1.5349794750606929,3,1.5349794750606929,3,Type 2 specialists
map_500_d02,seed_14.json,,,,normal,14,10000000,False,,295,1,641,6.0,4,1.9182958340544896,100.08603189366468,4.0,1.0,316.02,1.0,1.0,100.0,0.0,1,33.33333333333333,0.0,16.666666666666664,33.33333333333333,0.0,16.666666666666664,2.0,4.0,0.0,100.0,0.0,0.0,100.0,0.0,0.0,-0.0,1,-0.0,1,Type 1 specialists
map_500_d02,seed_15.json,,,,normal,15,10000000,False,,278,1,589,5.99992700729927,4,1.9192980254712708,93.80917749054419,4.0,1.38,298.76,1.0,1.0,100.0,0.0,3,33.313759643759425,0.006224958138019054,16.686848636146646,33.33252229345856,0.0,16.660644468497342,1.998801262012687,4.001125745286584,0.0,100.0,0.0,0.0,0.0,0.0,100.0,-0.0,1,-0.0,1,Type 3 specialists
map_500_d02,seed_16.json,,,,normal,16,2585502,True,2585502,0,0,1103,5.76,5,2.2516291673878226,94.95724603174602,3.84,0.96,5.04,,,,,,33.33333333333333,16.666666666666664,16.666666666666664,16.666666666666664,0.0,16.666666666666664,1.92,3.8400000000000003,,,,,,,,,,,,No diet / mouth
map_500_d02,seed_17.json,,,,normal,17,10000000,False,,496,3,430,6.354420895471568,5,2.1574235211890787,116.36068744238264,4.0,3.28,493.4,1.6350806451612903,1.6350806451612903,36.49193548387097,0.0,123,31.481146144898826,0.0006183526633055638,25.87406067131004,21.31955534220745,5.587544207793765,15.737075281126609,2.000444528765393,4.353976366706175,0.0,36.49193548387097,63.50806451612903,0.0,36.49193548387097,31.754032258064516,31.754032258064516,1.581771650398865,3,0.9466910052375748,2,Generalists
map_500_d02,seed_18.json,,,,normal,18,10000000,False,,282,2,518,6.000004538939322,4,1.849671118560776,98.28493194834405,4.0,2.08,276.26,1.0,1.0,100.0,0.0,23,20.874541099899428,0.0,16.666654058511433,45.789786599755516,0.001190475289893673,16.66782776654372,1.2524734134767201,4.747531125462602,0.0,100.0,0.0,0.0,0.0,21.27659574468085,78.72340425531915,0.7467366074830679,2,0.7467366074830679,2,Type 3 specialists
map_500_d02,seed_19.json,,,,normal,19,10000000,False,,670,1,292,6.0,4,1.9187235793598996,104.99911343795243,4.0,1.1,596.32,2.0,2.0,0.0,0.0,13,33.330472309957024,0.0028610233763147327,16.666666666666664,33.33333333333333,0.0,16.666666666666664,1.9998283385974212,4.000171661402579,0.0,0.0,100.0,0.0,50.0,0.0,50.0,1.0,2,-0.0,1,Generalists
map_500_d02,seed_20.json,,,,normal,20,10000000,False,,516,2,528,6.46028697516078,4,1.8871537887189214,102.96812966937699,4.0,2.52,474.9,1.0,1.0,100.0,0.0,23,30.958377045630016,0.0,15.47780172418437,38.10058364758229,0.0,15.463237582603332,2.0000000000000004,4.46028697516078,0.0,100.0,0.0,0.0,0.0,52.13178294573643,47.86821705426357,0.9986883373435113,2,0.9986883373435113,2,Type 2 specialists
map_500_d02_predation,seed_1.json,,,,predation,1,10000000,False,,253,1,499,4.999942857142858,5,2.32192736215097,99.86445425157063,4.0,1.52,299.7,1.0,1.0,100.0,0.0,1,19.967789058270164,0.0,20.0315252196073,20.00022857404085,20.00022857404085,20.00022857404085,0.9983780427483322,4.001564814394525,0.0,100.0,0.0,0.0,100.0,0.0,0.0,-0.0,1,-0.0,1,Type 1 specialists
map_500_d02_predation,seed_2.json,,,,predation,2,10000000,False,,422,1,398,5.000033568225989,4,1.921847030996584,104.99419652992559,4.0,1.24,411.74,1.0,1.0,100.0,0.0,1,19.99769176533677,0.0,19.994338650747757,40.00810385591798,0.0,19.999865727997495,0.9998913011372029,4.000142267088786,0.0,100.0,0.0,0.0,100.0,0.0,0.0,-0.0,1,-0.0,1,Type 1 specialists
map_500_d02_predation,seed_3.json,,,,predation,3,10000000,False,,599,2,226,5.0,4,1.922050137051957,99.53017509077024,4.0,2.04,555.04,1.8146911519198665,1.8146911519198665,18.530884808013354,0.0,13,39.99924812030075,0.0007054673721340384,19.999294532627868,20.000751879699248,0.0,20.0,1.9999624060150376,3.0000375939849624,0.0,18.530884808013354,81.46911519198665,0.0,40.73455759599332,0.0,59.26544240400668,0.9750856293922581,2,0.691554126185196,2,Generalists
map_500_d02_predation,seed_4.json,,,,predation,4,10000000,False,,596,2,600,5.0001105736631475,4,1.9220552647682039,125.99607831014386,4.0,2.1,583.48,1.0,1.0,100.0,0.0,23,20.00308790009405,0.0,39.998430513896736,19.998866884119266,0.0006849163601071374,19.998929785529832,1.0001765131517364,3.999934060511411,0.0,100.0,0.0,0.0,0.0,48.32214765100671,51.67785234899329,0.9991875557819341,2,0.9991875557819341,2,Type 3 specialists
map_500_d02_predation,seed_5.json,,,,predation,5,10000000,False,,568,2,287,5.3023590371554175,4,1.9359776556947217,92.47762671865219,4.0,2.6,564.54,1.3345070422535212,1.3345070422535212,66.54929577464789,0.0,12,37.71841215814317,0.0,18.844194885476092,24.577929887550702,0.001316582695198232,18.85814648613483,1.999965635738832,3.3023934014165857,0.0,66.54929577464789,33.45070422535211,0.0,16.725352112676056,83.27464788732394,0.0,0.6513832684818406,2,0.9194650738384047,2,Type 2 specialists
map_500_d02_predation,seed_6.json,,,,predation,6,10000000,False,,788,1,325,4.999922419270785,4,1.9224435120978942,98.08555948838433,4.0,1.8,780.1,2.0,2.0,0.0,0.0,13,40.000111093417345,0.0030647294295477975,19.994665510028113,20.01096407714348,0.0005025203599932649,19.990692069621524,1.999974522292994,2.999947896977791,0.0,0.0,100.0,0.0,50.0,0.0,50.0,1.0,2,-0.0,1,Generalists
map_500_d02_predation,seed_7.json,,,,predation,7,10000000,False,,851,3,298,4.9997719654957224,4,1.951896742243409,95.47406482913755,4.0,3.46,824.6,1.1962397179788484,1.1962397179788484,80.37602820211517,0.0,123,23.705142228426503,0.0,19.99592493505479,36.29658051578987,0.001012083707731023,20.0013402370211,1.1852030555177562,3.8145689099779663,0.0,80.37602820211517,19.623971797884842,0.0,9.811985898942421,53.87779083431257,36.310223266745005,1.3400446260192558,3,1.5126971818688832,3,Type 2 specialists
map_500_d02_predation,seed_8.json,,,,predation,8,10000000,False,,413,3,501,5.313878972266469,4,1.9370054567177084,104.99029423311843,4.0,2.58,464.96,1.334140435835351,1.334140435835351,66.5859564164649,0.0,13,24.72081288117689,0.0016802444996692019,18.817785333809443,37.63728926530223,0.005467887060334461,18.816964388151447,1.3136340774661994,4.00024489480027,0.0,66.5859564164649,33.41404358353511,0.0,16.707021791767556,0.0,83.29297820823244,0.6509585933680764,2,0.9191008228753937,2,Type 3 specialists
map_500_d02_predation,seed_9.json,,,,predation,9,10000000,False,,406,1,577,6.999285453154402,4,1.8421853031586815,95.90146837070341,4.0,1.48,373.44,1.0,1.0,100.0,0.0,2,42.86701415766901,0.0,14.276963839273765,28.57434538690874,0.0,14.281676616148484,3.0003846861393653,3.9989007670150376,0.0,100.0,0.0,0.0,0.0,100.0,0.0,-0.0,1,-0.0,1,Type 2 specialists
map_500_d02_predation,seed_10.json,,,,predation,10,10000000,False,,492,6,398,5.371221633427665,4,1.8774855864470847,97.45903631746373,4.0,3.66,451.58,1.3658536585365855,1.3658536585365855,63.41463414634146,0.0,23,44.140796394626754,0.003360226740760558,18.6151615914827,18.624542801892947,0.013476807578077022,18.602662177678766,2.370900005115451,3.000321628312214,0.0,63.41463414634146,36.58536585365854,0.0,0.0,81.70731707317073,18.29268292682927,0.6864381668766382,2,0.9474351361840307,2,Type 2 specialists
map_500_d02_predation,seed_11.json,,,,predation,11,10000000,False,,545,3,626,5.004018535013617,4,1.9268372886536165,100.48803245091467,4.0,5.48,547.22,1.0,1.0,100.0,0.0,13,39.96859767887719,0.012470021195672146,19.975926294151243,20.0330840534897,0.02831663074807126,19.981605321538122,2.0000360360360365,3.00398249897758,0.0,100.0,0.0,0.0,60.0,0.0,40.0,0.9709505944546686,2,0.9709505944546686,2,Type 1 specialists
map_500_d02_predation,seed_12.json,,,,predation,12,10000000,False,,498,5,593,6.0484786759990365,4,1.880409646215263,104.3724833039114,4.0,3.74,498.52,1.0,1.0,100.0,0.0,23,42.54694931705492,0.0019528668867996035,16.551982989263077,24.387995472769965,0.0038744858158228823,16.507244868209412,2.5734431567301845,3.475035519268852,0.0,100.0,0.0,0.0,0.0,48.59437751004016,51.40562248995984,0.99942983684629,2,0.99942983684629,2,Type 3 specialists
map_500_d02_predation,seed_13.json,,,,predation,13,10000000,False,,390,4,649,4.998930176733358,4,1.9218421618381043,102.86138891673976,4.0,1.72,403.4,1.0,1.0,100.0,0.0,1,40.008560417759945,0.0,19.99726439421012,20.017710580366128,0.0,19.976464607663804,1.9999999999999998,2.9989301767333583,0.0,100.0,0.0,0.0,100.0,0.0,0.0,-0.0,1,-0.0,1,Type 1 specialists
map_500_d02_predation,seed_14.json,,,,predation,14,10000000,False,,532,2,488,5.001642221365778,4,1.9217309735807566,91.97232167777995,4.0,1.54,581.94,1.0,1.0,100.0,0.0,1,19.995405284206306,0.0,19.99146125847632,40.01970018597606,0.0,19.993433271341313,1.0000986330280666,4.001543588337711,0.0,100.0,0.0,0.0,100.0,0.0,0.0,-0.0,1,-0.0,1,Type 1 specialists
map_500_d02_predation,seed_15.json,,,,predation,15,10000000,False,,290,2,803,5.000030373111439,4,1.9223022069651496,102.04032843602653,4.0,1.96,303.92,1.0,1.0,100.0,0.0,1,19.99987850829226,0.0,19.970286867485477,39.998396480631584,0.0024883268282022246,20.028949816762477,1.0,4.000030373111439,0.0,100.0,0.0,0.0,100.0,0.0,0.0,-0.0,1,-0.0,1,Type 1 specialists
map_500_d02_predation,seed_16.json,,,,predation,16,6298721,True,6298721,0,0,378,5.76,5,2.2516291673878226,87.36,3.84,0.96,1.46,,,,,,33.33333333333333,0.0,16.666666666666664,16.666666666666664,16.666666666666664,16.666666666666664,1.92,3.8400000000000003,,,,,,,,,,,,No diet / mouth
map_500_d02_predation,seed_17.json,,,,predation,17,10000000,False,,460,1,266,5.0,4,1.9219280948873623,99.1527324962903,4.0,1.0,431.56,1.0,1.0,100.0,0.0,2,40.0,0.0,20.0,20.0,0.0,20.0,2.0,3.0,0.0,100.0,0.0,0.0,0.0,100.0,0.0,-0.0,1,-0.0,1,Type 2 specialists
map_500_d02_predation,seed_18.json,,,,predation,18,10000000,False,,481,1,258,6.000040058527618,4,1.922480653558423,103.11812115143921,4.0,2.02,481.8,2.0,2.0,0.0,0.0,13,33.33446855163036,0.018629939581081018,16.666555393721747,33.29859742607858,0.015193295266494457,16.666555393721747,2.0000814663951125,3.999958592132505,0.0,0.0,100.0,0.0,50.0,0.0,50.0,1.0,2,-0.0,1,Generalists
map_500_d02_predation,seed_19.json,,,,predation,19,10000000,False,,345,1,267,5.999275927418278,4,1.7926720937460798,104.77598686169534,4.0,1.3,376.88,1.0,1.0,100.0,0.0,1,49.99679368034482,0.0,16.664958502196818,16.668678222145697,0.0008961654958142845,16.668673429816845,2.99944560774591,2.9998303196723684,0.0,100.0,0.0,0.0,100.0,0.0,0.0,-0.0,1,-0.0,1,Type 1 specialists
map_500_d02_predation,seed_20.json,,,,predation,20,10000000,False,,534,2,234,4.999381751791306,4,1.921971771940369,98.50731989064562,4.0,1.32,523.88,1.0,1.0,100.0,0.0,3,19.999421905448813,0.0,20.002473298657268,39.99563149723665,0.0,20.002473298657268,0.999847449204761,3.9995343025865453,0.0,100.0,0.0,0.0,0.0,0.0,100.0,-0.0,1,-0.0,1,Type 3 specialists
map_500_d03,seed_1.json,,,,normal,1,10000000,False,,548,4,245,6.531150181927859,4,1.8888586181993667,100.89811048657035,4.0,4.04,580.54,1.0,1.0,100.0,0.0,123,34.67582349276534,0.0,15.311238788645054,34.70117636206781,0.0005225678767455648,15.311238788645054,2.2647301091327265,4.266420072795132,0.0,100.0,0.0,0.0,11.313868613138686,59.306569343065696,29.37956204379562,1.3218752240315483,3,1.3218752240315483,3,Type 2 specialists
map_500_d03,seed_2.json,,,,normal,2,10000000,False,,538,5,343,5.9271811769342655,4,1.9037838111012213,89.91687400068646,4.0,4.28,535.3,1.0,1.0,100.0,0.0,123,26.63371008899269,0.0006202730232951788,16.855261914120266,39.64517030815266,0.0006476555176057145,16.864589760193482,1.578628251114017,4.348552925820249,0.0,100.0,0.0,0.0,23.79182156133829,35.87360594795539,40.33457249070632,1.5517582256919558,3,1.5517582256919558,3,Type 3 specialists
map_500_d03,seed_3.json,,,,normal,3,10000000,False,,585,3,290,5.445372871927302,4,1.9367487872958746,75.04976399680086,4.0,4.22,661.74,1.0,1.0,100.0,0.0,123,26.56160555914997,0.000998055181255585,18.364215335102777,36.72781648240171,0.0,18.345364568164296,1.4463784634662866,3.9989944084610154,0.0,100.0,0.0,0.0,20.512820512820515,54.18803418803419,25.299145299145298,1.4494390672223927,3,1.4494390672223927,3,Type 2 specialists
map_500_d03,seed_4.json,,,,normal,4,10000000,False,,504,5,495,6.266201924649082,4,1.9021352521766939,79.10218845907121,4.0,4.26,514.98,1.2599206349206349,1.2599206349206349,74.0079365079365,0.0,123,36.1849461723024,0.006264896641620619,15.939764768438568,31.91726063171837,0.0,15.951763530899028,2.2674217934820478,3.998780131167034,0.0,74.0079365079365,25.99206349206349,0.0,12.996031746031745,32.34126984126984,54.66269841269841,1.385594030936975,3,1.5582071833194455,3,Type 3 specialists
map_500_d03,seed_5.json,,,,normal,5,10000000,False,,788,3,223,6.667525114203334,5,2.2418829939018208,79.68424787117496,4.0,4.54,735.78,1.0,1.0,100.0,0.0,123,24.193890880663695,0.0,18.8097212446101,30.407145674973762,11.60198344907381,14.987258750678631,1.6131337505712022,5.054391363632132,0.0,100.0,0.0,0.0,24.396442185514612,34.9428208386277,40.66073697585769,1.5544841993121572,3,1.5544841993121572,3,Type 3 specialists
map_500_d03,seed_6.json,,,,normal,6,10000000,False,,516,3,280,7.417276908720218,4,1.8423208950165866,92.10321683774951,4.0,4.16,516.56,1.2054263565891472,1.2054263565891472,79.45736434108527,0.0,123,35.16497853083181,0.01824076224405905,13.470121570041831,37.86462236912542,0.0,13.482036767756874,2.60828383252381,4.808993076196408,0.0,79.45736434108527,20.54263565891473,0.0,39.92248062015504,10.271317829457365,49.8062015503876,1.3669551588449222,3,1.5272089481642865,3,Type 3 specialists
map_500_d03,seed_7.json,,,,normal,7,10000000,False,,584,4,241,6.253894738907762,5,2.2632747963117326,109.78166884348231,4.0,4.42,565.94,1.0,1.0,100.0,0.0,123,19.635327436057256,0.0,23.207489840326463,28.79403888293882,12.369150745841075,15.993993094836393,1.2279727094908972,5.025922029416865,0.0,100.0,0.0,0.0,41.78082191780822,26.198630136986303,32.02054794520548,1.558404157687709,3,1.558404157687709,3,Type 1 specialists
map_500_d03,seed_8.json,,,,normal,8,10000000,False,,688,8,263,4.9282190415079,4,1.9658902654450248,77.63366271045716,4.0,5.42,722.26,1.0,1.0,100.0,0.0,123,25.00211654475326,0.01433917849020935,20.27641406949807,34.427570352637886,0.006277648252039256,20.273282206368535,1.2321590683385273,3.6960599731693726,0.0,100.0,0.0,0.0,42.151162790697676,33.866279069767444,23.982558139534884,1.5483982239472462,3,1.5483982239472462,3,Type 1 specialists
map_500_d03,seed_9.json,,,,normal,9,10000000,False,,687,4,178,6.036537166253879,4,1.9069279029896355,100.41451337266811,4.0,3.9,739.2,0.9985443959243085,1.0,99.85443959243086,0.0,123,28.675597801611374,0.0015088402243158122,16.5632433514004,38.19364682551874,0.0017231849439337135,16.564279996301227,1.7310131189397508,4.305524047314128,0.14556040756914118,99.85443959243086,0.0,0.0,29.694323144104803,27.510917030567686,42.64919941775837,1.5567332283020816,3,1.570451083162079,3,Type 3 specialists
map_500_d03,seed_10.json,,,,normal,10,10000000,False,,352,2,302,5.558664274371881,4,1.9353948924095061,97.1885465357059,4.0,2.0,346.22,1.0,1.0,100.0,0.0,13,28.04026646397901,0.0,17.989933384005248,35.979866768010496,0.0,17.989933384005248,1.5586642743718806,4.0,0.0,100.0,0.0,0.0,44.60227272727273,0.0,55.39772727272727,0.9915768778499123,2,0.9915768778499123,2,Type 3 specialists
map_500_d03,seed_11.json,,,,normal,11,10000000,False,,175,1,1204,6.0,4,1.9182958340544896,105.0,4.0,1.0,168.46,1.0,1.0,100.0,0.0,3,33.33333333333333,0.0,16.666666666666664,33.33333333333333,0.0,16.666666666666664,2.0,4.0,0.0,100.0,0.0,0.0,0.0,0.0,100.0,-0.0,1,-0.0,1,Type 3 specialists
map_500_d03,seed_12.json,,,,normal,12,10000000,False,,435,1,323,7.000045871559633,4,1.8423773165666477,90.97180842435242,4.0,1.02,398.42,1.0,1.0,100.0,0.0,3,28.57124134179985,0.0,14.285620670899926,42.85686201269979,0.0,14.286275974600427,1.9999999999999998,5.000045871559634,0.0,100.0,0.0,0.0,0.0,0.0,100.0,-0.0,1,-0.0,1,Type 3 specialists
map_500_d03,seed_13.json,,,,normal,13,10000000,False,,465,1,454,5.999860761884068,4,1.918303569439875,125.98766698222498,4.0,1.1,438.06,2.0,2.0,0.0,0.0,12,33.33328905234578,0.0,33.332604051280796,16.66705344818671,0.0,16.66705344818671,1.9999509304970922,3.9999098313869754,0.0,0.0,100.0,0.0,50.0,50.0,0.0,1.0,2,-0.0,1,Generalists
map_500_d03,seed_14.json,,,,normal,14,10000000,False,,657,3,276,6.0000928965100995,4,1.9184507771829928,91.6807074955781,4.0,3.08,643.68,1.0,1.0,100.0,0.0,123,33.33281724960096,0.001002601835965074,16.665912600734263,33.33385892302834,0.0,16.66640862480048,2.0,4.0000928965100995,0.0,100.0,0.0,0.0,39.117199391171994,33.63774733637747,27.245053272450534,1.5695288618464773,3,1.5695288618464773,3,Type 1 specialists
map_500_d03,seed_15.json,,,,normal,15,10000000,False,,519,4,313,6.489753837661234,4,1.8385634654588332,70.44000767008718,4.0,3.7,530.54,1.0,1.0,100.0,0.0,123,23.27472566033554,0.0028244591044174973,15.400318407916908,45.90115388932684,0.012072638465899628,15.408904944850393,1.5104724017467497,4.979281435914484,0.0,100.0,0.0,0.0,26.782273603082853,23.50674373795761,49.71098265895954,1.501325995813682,3,1.501325995813682,3,Type 3 specialists
map_500_d03,seed_16.json,,,,normal,16,10000000,False,,328,2,479,7.417202145153484,4,1.834884535569091,97.94131937436856,4.0,2.22,335.22,1.0,1.0,100.0,0.0,13,32.59573774312036,0.0,13.480495153196111,40.44651799007862,0.0008121790761059958,13.476436934528813,2.417691759111327,4.999510386042157,0.0,100.0,0.0,0.0,39.63414634146341,0.0,60.36585365853659,0.968770216601432,2,0.968770216601432,2,Type 3 specialists
map_500_d03,seed_17.json,,,,normal,17,10000000,False,,474,2,438,7.581263244769991,5,2.1101212059170322,100.1849890657426,4.0,2.04,446.86,1.0,1.0,100.0,0.0,23,31.902974173569127,0.0,13.190413889002736,34.04851291321543,7.667685135209974,13.190413889002736,2.418648455009259,5.162614789760731,0.0,100.0,0.0,0.0,0.0,40.71729957805907,59.28270042194093,0.9749921852383018,2,0.9749921852383018,2,Type 3 specialists
map_500_d03,seed_18.json,,,,normal,18,10000000,False,,516,2,362,6.69409263207611,4,1.8694059439427366,66.80302573298928,4.0,2.26,490.42,1.7209302325581395,1.7209302325581395,27.906976744186046,0.0,123,29.877088799407886,0.0013769413336458549,14.939851955985523,40.241090867563464,0.0033197915304543782,14.937271644179017,2.0,4.69409263207611,0.0,27.906976744186046,72.09302325581395,0.0,27.906976744186046,36.04651162790697,36.04651162790697,1.5751104377103071,3,0.8541802051521676,2,Generalists
map_500_d03,seed_19.json,,,,normal,19,10000000,False,,716,2,259,5.000670439900731,4,1.9712509282519781,94.27062150965969,4.0,2.28,761.02,1.0,1.0,100.0,0.0,23,28.526795778047916,0.010663006531266662,19.9973185999406,31.468429569247903,0.0,19.996793046232323,1.4265310439236918,3.57413939597704,0.0,100.0,0.0,0.0,0.0,46.927374301675975,53.072625698324025,0.9972741777957876,2,0.9972741777957876,2,Type 3 specialists
map_500_d03,seed_20.json,,,,normal,20,10000000,False,,911,6,245,5.238144376043462,4,1.9345398668182172,67.69647301071456,4.0,5.06,961.66,0.9989023051591658,1.0,99.89023051591657,0.0,123,23.650056586634484,0.0011891014558573939,19.09073000304226,38.18144730556132,0.0,19.076577003306078,1.2388241090238907,3.9993202670195718,0.10976948408342481,99.89023051591657,0.0,0.0,24.698133918770584,39.18770581778266,36.004390779363334,1.5585402986420558,3,1.5693320738822336,3,Type 2 specialists
map_500_d03_predation,seed_1.json,,,,predation,1,10000000,False,,599,2,207,5.2504563544942995,4,1.9593661221937806,99.4190524497342,4.0,2.2,583.3,1.0,1.0,100.0,0.0,23,30.954670853662623,0.005088758738446799,19.04596348361257,30.95340217911222,0.0,19.040874724874126,1.625261482848924,3.6251948716453755,0.0,100.0,0.0,0.0,0.0,65.6093489148581,34.390651085141904,0.9285080008232174,2,0.9285080008232174,2,Type 2 specialists
map_500_d03_predation,seed_2.json,,,,predation,2,10000000,False,,516,2,351,4.999490645519384,4,1.9218952083232206,102.07987883478373,4.0,2.36,505.92,1.437984496124031,1.437984496124031,56.201550387596896,0.0,13,40.003286215979585,0.0,20.00116717824151,20.002822019129567,0.0,19.992724586649345,1.9999605522682447,2.9995300932511397,0.0,56.201550387596896,43.798449612403104,0.0,21.899224806201552,0.0,78.10077519379846,0.7583231037765737,2,0.988874384085728,2,Type 3 specialists
map_500_d03_predation,seed_3.json,,,,predation,3,10000000,False,,557,3,226,4.999846354460514,4,1.9238012974679444,101.4150815383922,4.0,2.98,611.46,1.4272890484739678,1.4272890484739678,57.27109515260323,0.0,23,40.00056802474598,0.005713450384703486,19.994899000627843,19.99423446350601,0.008940440965684545,19.99564461976977,1.99996694214876,2.999879412311754,0.0,57.27109515260323,42.72890484739677,0.0,0.0,21.364452423698385,78.63554757630162,0.7483916036255629,2,0.9846910551169008,2,Type 3 specialists
map_500_d03_predation,seed_4.json,,,,predation,4,10000000,False,,984,5,143,4.795311443900032,4,1.9461370626728787,78.95895034217357,4.0,4.68,1020.62,1.0,1.0,100.0,0.0,123,37.442663391662364,0.0012980567979868703,20.84655324087208,20.853690737532485,0.002922178076994705,20.852872395058085,1.7954923225213533,2.999819121378679,0.0,100.0,0.0,0.0,36.28048780487805,27.134146341463413,36.58536585365854,1.572032307475776,3,1.572032307475776,3,Type 3 specialists
map_500_d03_predation,seed_5.json,,,,predation,5,10000000,False,,510,1,393,4.99848391085521,4,1.9230817818434658,58.4005183544579,4.0,2.14,522.1,1.0,1.0,100.0,0.0,3,19.980611901306048,0.010250774703285441,20.00528926134838,40.011442527564284,0.0,19.99240553507801,0.9987276711772041,3.9997562396780064,0.0,100.0,0.0,0.0,0.0,0.0,100.0,-0.0,1,-0.0,1,Type 3 specialists
map_500_d03_predation,seed_6.json,,,,predation,6,10000000,False,,243,2,760,6.0,4,1.9196395160284156,125.93135387782723,4.0,1.16,221.44,1.0,1.0,100.0,0.0,3,33.33333333333333,0.01121668662953528,33.33333333333333,16.666666666666664,0.0,16.655449980037133,2.0,4.0,0.0,100.0,0.0,0.0,0.0,0.0,100.0,-0.0,1,-0.0,1,Type 3 specialists
map_500_d03_predation,seed_7.json,,,,predation,7,10000000,False,,658,6,398,5.42298059594363,4,1.8693299719003444,104.30587757363908,4.0,4.62,661.3,1.3981762917933132,1.3981762917933132,60.182370820668694,0.0,123,44.67651692369663,0.0028634051365990947,18.443472804562873,18.44108203645711,0.001775276572778018,18.434289553574,2.4227988437155403,3.00018175222809,0.0,60.182370820668694,39.817629179331306,0.0,7.598784194528875,12.310030395136778,80.09118541033435,0.9110698639552979,3,1.351812252464258,3,Type 3 specialists
map_500_d03_predation,seed_8.json,,,,predation,8,10000000,False,,604,1,371,5.000034246575343,4,1.9219308256087242,94.5261209184954,4.0,1.18,619.8,2.0,2.0,0.0,0.0,13,39.99972602927377,0.0,19.999180425455503,19.997111099892077,0.0,20.003982445378654,2.0,3.0000342465753427,0.0,0.0,100.0,0.0,50.0,0.0,50.0,1.0,2,-0.0,1,Generalists
map_500_d03_predation,seed_9.json,,,,predation,9,10000000,False,,283,2,810,7.0,4,1.9176621441379105,126.0,4.0,2.0,306.1,1.4558303886925794,1.4558303886925794,54.41696113074205,0.0,12,20.59586849730194,0.0,28.57142857142858,36.54698864555519,0.0,14.28571428571429,1.4417107948111356,5.558289205188864,0.0,54.41696113074205,45.58303886925795,0.0,77.20848056537102,22.791519434628974,0.0,0.7743592779531521,2,0.9943633904763536,2,Type 1 specialists
map_500_d03_predation,seed_10.json,,,,predation,10,10000000,False,,349,1,748,6.0026179405390705,4,1.9197251162120719,75.81978790237393,4.0,1.8,311.76,1.0,1.0,100.0,0.0,3,33.31879556239737,0.011779915643001872,16.670223445416905,33.34521612745315,0.0,16.653984949089576,2.0,4.0026179405390705,0.0,100.0,0.0,0.0,0.0,0.0,100.0,-0.0,1,-0.0,1,Type 3 specialists
map_500_d03_predation,seed_11.json,,,,predation,11,10000000,False,,528,2,458,5.472325405508235,4,1.9365925342176131,101.07605983563496,4.0,2.64,547.18,1.0,1.0,100.0,0.0,13,26.918782151775783,0.0006549737314731417,18.273077531983375,36.543477183718984,0.0,18.264008158790382,1.4730833545450424,3.999242050963192,0.0,100.0,0.0,0.0,52.84090909090909,0.0,47.15909090909091,0.9976700150302422,2,0.9976700150302422,2,Type 1 specialists
map_500_d03_predation,seed_12.json,,,,predation,12,10000000,False,,652,3,380,6.002864619882054,4,1.9193596826229586,92.38951014136825,4.0,3.2,633.52,0.9984662576687117,1.0,99.84662576687117,0.0,23,36.13720976350318,0.0009975836260127534,16.665659590215423,30.495128860066327,0.03952368130510269,16.66148052128396,2.169267779505896,3.833596840376158,0.15337423312883436,99.84662576687117,0.0,0.0,0.0,42.331288343558285,57.515337423312886,0.9839558800842647,2,0.9982944201981161,2,Type 3 specialists
map_500_d03_predation,seed_13.json,,,,predation,13,10000000,False,,625,3,502,4.999255195369584,4,1.9710207253917968,109.21064652857498,4.0,4.12,595.92,1.0,1.0,100.0,0.0,23,30.564521488883305,0.0,29.4156767301061,20.029791077233146,0.0006981842814092471,19.989312519496035,1.5279984284728516,3.4712567668967322,0.0,100.0,0.0,0.0,0.0,52.16,47.84,0.998653373366146,2,0.998653373366146,2,Type 2 specialists
map_500_d03_predation,seed_14.json,,,,predation,14,10000000,False,,590,4,333,6.102209229473763,4,1.9579572997501673,138.96727839756358,4.0,3.86,643.68,1.0,1.0,100.0,0.0,123,32.77450701932969,0.008885482589706914,16.378622096960093,27.659362650265667,0.0005081397699085207,23.17811461108493,1.9999689922480626,4.1022402372257005,0.0,100.0,0.0,0.0,33.559322033898304,41.69491525423729,24.74576271186441,1.5534091702056474,3,1.5534091702056474,3,Type 2 specialists
map_500_d03_predation,seed_15.json,,,,predation,15,10000000,False,,248,1,374,7.0000796812749,5,2.2359328545880786,97.09623133218707,4.0,1.02,230.28,1.0,1.0,100.0,0.0,3,28.57110334543716,0.0,14.28555167271858,28.57110334543716,14.286689963688518,14.28555167271858,1.9999999999999998,5.000079681274901,0.0,100.0,0.0,0.0,0.0,0.0,100.0,-0.0,1,-0.0,1,Type 3 specialists
map_500_d03_predation,seed_16.json,,,,predation,16,10000000,False,,638,2,164,5.200460011604739,4,1.9613383448769544,95.30270596361841,4.0,2.12,587.74,1.0,1.0,100.0,0.0,23,30.771280099360354,0.0,19.22906815490393,30.76983971972328,0.0007438711085069216,19.22906815490393,1.6002481166261222,3.600211894978617,0.0,100.0,0.0,0.0,0.0,62.539184952978054,37.460815047021946,0.954144750661241,2,0.954144750661241,2,Type 2 specialists
map_500_d03_predation,seed_17.json,,,,predation,17,10000000,False,,771,3,167,6.001498652259553,4,1.9181737689212395,104.93332225009085,4.0,4.08,695.22,1.1841763942931258,1.1841763942931258,81.58236057068741,0.0,123,33.32745656368514,0.0,16.662986358542216,33.35941856261102,0.0004864964900221738,16.649652018671595,2.0001468565019516,4.001351795757601,0.0,81.58236057068741,18.41763942931258,0.0,44.87678339818417,45.91439688715953,9.20881971465629,1.3512280655096904,3,1.4990387484190626,3,Type 2 specialists
map_500_d03_predation,seed_18.json,,,,predation,18,10000000,False,,469,2,229,5.0,4,1.9219280927795457,95.54758998696205,4.0,2.04,488.96,1.0,1.0,100.0,0.0,23,40.0,0.0,19.9982905982906,20.0017094017094,0.0,20.0,2.0,3.0,0.0,100.0,0.0,0.0,0.0,71.42857142857143,28.571428571428573,0.863120568566631,2,0.863120568566631,2,Type 2 specialists
map_500_d03_predation,seed_19.json,,,,predation,19,10000000,False,,418,2,457,6.003153194662342,4,1.918645010608408,82.00189397190091,4.0,1.74,431.1,2.0,2.0,0.0,0.0,23,33.315824786518604,0.0,16.710438033703486,33.315824786518604,0.0,16.657912393259302,2.0,4.003153194662342,0.0,0.0,100.0,0.0,0.0,50.0,50.0,1.0,2,-0.0,1,Generalists
map_500_d03_predation,seed_20.json,,,,predation,20,10000000,False,,293,1,355,6.0,4,1.9182958330536606,98.50633714768136,4.0,1.02,301.02,1.0,1.0,100.0,0.0,2,33.33333333333333,0.0,16.66774193548387,33.33333333333333,0.0,16.665591397849465,2.0,4.0,0.0,100.0,0.0,0.0,0.0,100.0,0.0,-0.0,1,-0.0,1,Type 2 specialists
map_500_d04,seed_1.json,,,,normal,1,10000000,False,,293,2,1155,7.999860600099572,4,1.8112574091010418,90.68143280876353,4.0,2.06,323.08,1.4368600682593857,1.4368600682593857,56.31399317406143,0.0,23,37.50065344841959,0.0,12.50021781613986,37.50065344841959,0.0,12.498475287020955,3.0000000000000004,4.999860600099571,0.0,56.31399317406143,43.68600682593857,0.0,0.0,21.843003412969285,78.15699658703072,0.7572904125307798,2,0.9884661876967884,2,Type 3 specialists
map_500_d04,seed_2.json,,,,normal,2,10000000,False,,645,3,385,6.000547157948463,4,1.9192535658246082,100.31638718132928,4.0,2.84,623.0,1.7364341085271318,1.7364341085271318,26.356589147286822,0.0,123,33.340993766314796,0.0,16.664099606809977,33.3302938441331,0.008060014790380812,16.656552767951744,2.0006420538763767,3.9999051040720865,0.0,26.356589147286822,73.64341085271317,0.0,36.82170542635659,36.82170542635659,26.356589147286822,1.5685139267879706,3,0.8320798182608389,2,Generalists
map_500_d04,seed_3.json,,,,normal,3,10000000,False,,440,2,497,6.55430237141085,4,1.9437502283040058,112.99807149464955,4.0,2.06,435.12,1.0,1.0,100.0,0.0,13,30.514307803737918,0.0,22.057237725191438,32.171300569201684,0.0,15.257153901868959,2.0000000000000004,4.5543023714108495,0.0,100.0,0.0,0.0,39.09090909090909,0.0,60.90909090909091,0.9653837115895599,2,0.9653837115895599,2,Type 3 specialists
map_500_d04,seed_4.json,,,,normal,4,10000000,False,,642,5,340,5.785724374131206,4,1.918050082600149,95.54407553872191,4.0,3.94,589.56,1.0,1.250778816199377,100.0,25.077881619937695,123,38.56766396335237,0.010754238300966485,17.27318537998575,26.858991650325738,0.015044298845951471,17.27436046918923,2.231418734460696,3.55430563967051,0.0,100.0,0.0,0.0,25.077881619937695,40.18691588785047,34.73520249221184,1.558867295599124,3,1.558867295599124,3,Type 2 specialists
map_500_d04,seed_5.json,,,,normal,5,10000000,False,,390,2,468,6.365001362722394,4,1.8946235903637394,104.99238605706739,4.0,2.14,402.76,1.0,1.0,100.0,0.0,13,31.42262293213879,0.0008334703302450468,15.708620069764198,37.15784795856875,0.0,15.710075569198011,2.0000503778337535,4.36495098488864,0.0,100.0,0.0,0.0,62.30769230769231,0.0,37.69230769230769,0.9558398699876868,2,0.9558398699876868,2,Type 1 specialists
map_500_d04,seed_6.json,,,,normal,6,10000000,False,,887,3,241,5.164592494593801,4,1.9319096356366414,50.60838041183165,4.0,3.04,880.96,1.0,1.0,100.0,0.0,123,22.549594536452247,0.00042790302501011343,19.36261188170764,38.724753797107475,0.0,19.36261188170764,1.1645946669909466,3.9999978276028547,0.0,100.0,0.0,0.0,42.84103720405862,39.9098083427283,17.249154453213077,1.4901320802907854,3,1.4901320802907854,3,Type 1 specialists
map_500_d04,seed_7.json,,,,normal,7,10000000,False,,738,3,183,6.075304902363224,5,2.2666801438273536,87.98197595973782,4.0,3.24,701.68,1.0,1.0,100.0,0.0,123,25.312211901733995,0.0008921599579142196,16.45918706357228,28.012914344348406,13.754715306857218,16.46007922353019,1.5377940505626129,4.5375108518006115,0.0,100.0,0.0,0.0,32.38482384823848,23.306233062330623,44.3089430894309,1.5368215631687527,3,1.5368215631687527,3,Type 3 specialists
map_500_d04,seed_8.json,,,,normal,8,10000000,False,,558,3,329,5.616875394266836,5,2.1551724080296557,103.09938067515066,4.0,3.56,513.76,1.0,1.0,100.0,0.0,123,30.030468865110404,0.0,17.792909876814374,28.874585622885174,5.498542949190571,17.80349268599947,1.6867740164673495,3.930101377799487,0.0,100.0,0.0,0.0,29.56989247311828,29.92831541218638,40.50179211469534,1.5687768177439567,3,1.5687768177439567,3,Type 3 specialists
map_500_d04,seed_9.json,,,,normal,9,10000000,False,,626,3,229,5.780984630850136,4,1.928776885993545,97.18430499849711,4.0,3.24,658.94,1.0,1.0,100.0,0.0,123,34.596704430580715,0.0,17.295966345909463,30.812894830100333,0.0,17.294434393409485,2.000030165912519,3.7809544649376168,0.0,100.0,0.0,0.0,29.073482428115017,43.9297124600639,26.996805111821086,1.5494894594547304,3,1.5494894594547304,3,Type 2 specialists
map_500_d04,seed_10.json,,,,normal,10,10000000,False,,573,3,221,7.000367659302173,4,1.9429531865599614,120.34889231325477,4.0,3.14,611.92,1.7172774869109948,1.7172774869109948,28.272251308900522,0.0,123,28.553825795946704,0.0,24.74546262972731,32.399179302887084,0.0,14.3015322714389,1.998872786512934,5.001494872789239,0.0,28.272251308900522,71.72774869109948,0.0,28.272251308900522,35.86387434554974,35.86387434554974,1.5764114433110394,3,0.8591339564000446,2,Generalists
map_500_d04,seed_11.json,,,,normal,11,10000000,False,,473,3,371,5.919884503932845,4,1.8590215739780969,100.55747897970909,4.0,3.52,491.08,1.0,1.0,100.0,0.0,123,20.958239619595993,0.001868843922247781,16.89222145019308,45.24487633876078,0.014453023118704974,16.888340724409197,1.2407035795375774,4.679180924395268,0.0,100.0,0.0,0.0,41.86046511627907,34.24947145877378,23.890063424947147,1.5488072951237755,3,1.5488072951237755,3,Type 1 specialists
map_500_d04,seed_12.json,,,,normal,12,10000000,False,,838,4,255,4.938217371420259,4,1.9693778447358328,86.36428335850886,4.0,3.22,803.9,1.0,1.0,100.0,0.0,123,26.53183045904687,0.0,20.245820104799517,32.966676176699075,0.004402288962684102,20.251270970491866,1.3101994606844238,3.628017910735835,0.0,100.0,0.0,0.0,29.594272076372317,38.54415274463007,31.86157517899761,1.5757496517152707,3,1.5757496517152707,3,Type 2 specialists
map_500_d04,seed_13.json,,,,normal,13,10000000,False,,539,3,293,4.99977722823781,4,1.9671120665669874,76.17550555214966,4.0,2.74,552.12,1.0,1.0,100.0,0.0,23,26.94524747763897,0.0,20.014946574303398,33.04716606920371,0.004431558583891258,19.988208320270026,1.347202347479316,3.652574880758494,0.0,100.0,0.0,0.0,0.0,36.178107606679035,63.821892393320965,0.9441516913263537,2,0.9441516913263537,2,Type 3 specialists
map_500_d04,seed_14.json,,,,normal,14,2278026,True,2278026,0,0,665,4.8,4,1.9219280948873623,100.54807919164132,3.84,0.96,12.48,,,,,,20.0,0.0,20.0,40.0,0.0,20.0,0.96,3.84,,,,,,,,,,,,No diet / mouth
map_500_d04,seed_15.json,,,,normal,15,10000000,False,,450,2,424,5.442828119739053,4,1.9811518801604993,99.80155527006963,4.0,2.0,436.28,1.0,1.0,100.0,0.0,13,28.609609673575427,0.0,26.50879447224261,26.50879447224261,0.0,18.37280138193936,1.5571718802609475,3.885656239478106,0.0,100.0,0.0,0.0,41.111111111111114,0.0,58.888888888888886,0.977080222772778,2,0.977080222772778,2,Type 3 specialists
map_500_d04,seed_16.json,,,,normal,16,10000000,False,,551,2,248,5.77237979547933,4,1.8774872974533983,66.43484777092087,4.0,2.0,523.78,1.0,1.0,100.0,0.0,23,21.78408171983468,0.0,17.323877420247978,43.56816343966936,0.0,17.323877420247978,1.2574599318264432,4.514919863652887,0.0,100.0,0.0,0.0,0.0,29.58257713248639,70.41742286751361,0.8761283417684876,2,0.8761283417684876,2,Type 3 specialists
map_500_d04,seed_17.json,,,,normal,17,10000000,False,,575,4,311,6.33129132063995,4,1.8981650957603073,105.0331963502304,4.0,4.48,585.44,1.0,1.0,100.0,0.0,123,31.706707473642766,0.0,15.794566216531683,36.69177648577807,0.006217117829760459,15.80073270621772,2.007444018339443,4.323847302300507,0.0,100.0,0.0,0.0,35.65217391304348,33.56521739130435,30.782608695652176,1.5823680398212219,3,1.5823680398212219,3,Type 1 specialists
map_500_d04,seed_18.json,,,,normal,18,10000000,False,,146,1,804,7.0,5,2.128085278891394,105.0,4.0,1.0,138.98,1.0,1.0,100.0,0.0,2,14.285714285714285,0.0,14.285714285714285,42.85714285714287,14.285714285714285,14.285714285714285,1.0,6.0,0.0,100.0,0.0,0.0,0.0,100.0,0.0,-0.0,1,-0.0,1,Type 2 specialists
map_500_d04,seed_19.json,,,,normal,19,10000000,False,,448,3,420,6.3220450883100225,5,2.1109578097208708,95.5430971877202,4.0,3.1,412.7,1.0,1.0,100.0,0.0,123,31.636043873772696,0.0,15.817666372691356,31.634498040033233,5.094125340811366,15.817666372691356,2.0000449578574506,4.3220001304525715,0.0,100.0,0.0,0.0,27.455357142857142,31.25,41.294642857142854,1.563304750797471,3,1.563304750797471,3,Type 3 specialists
map_500_d04,seed_20.json,,,,normal,20,10000000,False,,523,2,359,5.9179748724182355,5,2.2072530302587987,100.82692925706706,4.0,2.38,486.16,1.0,1.0,100.0,0.0,23,24.665424813121245,0.0,16.894835133463513,32.40163333653678,9.140434429341777,16.89767228753668,1.4596936426157279,4.458281229802508,0.0,100.0,0.0,0.0,0.0,47.03632887189293,52.96367112810707,0.9974641758089334,2,0.9974641758089334,2,Type 3 specialists
map_500_d04_predation,seed_1.json,,,,predation,1,10000000,False,,527,2,211,6.476948065433939,4,1.8864427050151629,101.2107587191568,4.0,2.6,515.16,1.0,1.0,100.0,0.0,23,38.24199695296937,0.0,15.432355264498469,30.87812805129117,0.0023404250463149403,15.445179306194673,2.476914281828656,4.000033783605284,0.0,100.0,0.0,0.0,0.0,51.992409867172675,48.007590132827325,0.9988542842200517,2,0.9988542842200517,2,Type 2 specialists
map_500_d04_predation,seed_2.json,,,,predation,2,10000000,False,,426,2,221,5.6443910891413145,5,2.2353918749405732,104.29466450728619,4.0,2.82,522.46,1.5985915492957747,1.5985915492957747,40.140845070422536,0.0,123,27.435564681443903,0.0012933450372817228,27.42452789111629,17.714741552093916,9.716902864151301,17.706969666157313,1.5485705681350213,4.095820521006293,0.0,40.140845070422536,59.859154929577464,0.0,29.929577464788732,29.929577464788732,40.140845070422536,1.5703600745814783,3,0.9717685252857038,2,Generalists
map_500_d04_predation,seed_3.json,,,,predation,3,10000000,False,,652,3,140,6.6333577443135585,4,1.9729863562381644,121.02826435779095,4.0,3.08,621.62,1.0,1.0,100.0,0.0,123,30.15064281305345,0.0004589138936537814,29.476760651823486,20.603548878274445,0.0,19.76858874295496,2.0000000000000004,4.633357744313558,0.0,100.0,0.0,0.0,38.95705521472393,27.76073619631902,33.282208588957054,1.5713437471104605,3,1.5713437471104605,3,Type 1 specialists
map_500_d04_predation,seed_4.json,,,,predation,4,10000000,False,,853,3,205,4.99965249267825,4,1.9217216321977897,93.52250349282522,4.0,4.52,829.56,1.0,1.0,100.0,0.0,123,20.001390125902784,0.0,20.000477627720706,40.020620277971005,0.0,19.977511968405498,1.0,3.9996524926782504,0.0,100.0,0.0,0.0,46.07268464243845,41.73505275498241,12.192262602579133,1.411393332844265,3,1.411393332844265,3,Type 1 specialists
map_500_d04_predation,seed_5.json,,,,predation,5,10000000,False,,530,2,213,5.000154282977984,4,1.9706135862461691,101.06468313052308,4.0,2.76,468.34,1.3924528301886792,1.3924528301886792,60.75471698113208,0.0,123,29.283634027581773,0.0,19.99503532443699,30.73092240345126,0.0,19.990408244529966,1.4642268810417285,3.535927401936256,0.0,60.75471698113208,39.24528301886792,0.0,60.75471698113208,19.62264150943396,19.62264150943396,1.3588170473255543,3,0.9663642171368749,2,Type 1 specialists
map_500_d04_predation,seed_6.json,,,,predation,6,10000000,False,,558,3,269,5.99989247311828,4,1.918402146899437,95.7525224835798,4.0,2.14,559.6,1.0,1.0,100.0,0.0,12,33.33393071560422,0.0,16.668836909948165,33.33148245185409,0.0005767116040761974,16.665173210989444,2.0,3.9998924731182797,0.0,100.0,0.0,0.0,34.76702508960574,65.23297491039426,0.0,0.9319701641291369,2,0.9319701641291369,2,Type 2 specialists
map_500_d04_predation,seed_7.json,,,,predation,7,10000000,False,,815,4,356,4.000238546718867,4,2.0119309395385674,94.0461228477674,4.0,5.3,793.34,1.0,1.0,100.0,0.0,123,24.989095566978847,0.12152346060106547,24.994124963140006,24.877502285968525,0.006296697456939948,25.01145702585461,0.9996234333467034,3.0006151133721635,0.0,100.0,0.0,0.0,49.57055214723926,27.23926380368098,23.190184049079754,1.5018935748371747,3,1.5018935748371747,3,Type 1 specialists
map_500_d04_predation,seed_8.json,,,,predation,8,10000000,False,,606,3,254,4.999124656781836,4,1.9730956465722165,91.12664020796525,4.0,3.32,575.98,1.0,1.0,100.0,0.0,23,30.14889589235009,0.0006431994207704368,19.98208073729064,29.8648781849779,0.018489001038984314,19.98501298492161,1.5071808883019595,3.4919437684798766,0.0,100.0,0.0,0.0,0.0,47.35973597359736,52.64026402640264,0.9979876604582384,2,0.9979876604582384,2,Type 3 specialists
map_500_d04_predation,seed_9.json,,,,predation,9,10000000,False,,527,2,353,6.720976403757435,5,2.2235875736875714,92.01925325686824,4.0,2.0,508.24,1.3757115749525617,1.3757115749525617,62.428842504743834,0.0,12,35.1212094802038,14.878790519796189,14.878790519796189,20.242418960407623,0.0,14.878790519796189,2.360488201878717,4.360488201878717,0.0,62.428842504743834,37.571157495256166,0.0,18.785578747628083,81.21442125237192,0.0,0.6969643213382161,2,0.954956851191945,2,Type 2 specialists
map_500_d04_predation,seed_10.json,,,,predation,10,10000000,False,,864,4,254,5.669541453103392,4,1.8361417699491223,83.76712321516648,4.0,3.46,904.56,1.3287037037037037,1.3287037037037037,67.12962962962963,0.0,123,47.09120857227055,0.0,17.637728549991635,17.638110740906928,0.0,17.632952136830887,2.669855590772257,2.9996858623311344,0.0,67.12962962962963,32.870370370370374,0.0,16.435185185185187,34.72222222222222,48.842592592592595,1.4629736644865459,3,1.5843168611534169,3,Type 3 specialists
map_500_d04_predation,seed_11.json,,,,predation,11,10000000,False,,1008,5,221,4.487439223754973,4,1.9840527536992645,93.77608029660958,4.0,5.22,1023.38,1.0,1.0,100.0,0.0,123,33.07936131386775,0.05134402080887353,22.272734241874147,22.28442437072665,0.020970866472154116,22.291165186250414,1.4844162345661298,3.0030229891888434,0.0,100.0,0.0,0.0,23.61111111111111,23.71031746031746,52.67857142857143,1.4711416003335525,3,1.4711416003335525,3,Type 3 specialists
map_500_d04_predation,seed_12.json,,,,predation,12,10000000,False,,851,3,203,6.241156443062641,4,1.9752362046995013,149.07869556705072,4.0,3.62,853.68,1.0,1.0,100.0,0.0,123,32.71199351346457,0.0,23.72959705451928,19.876134319935932,0.0,23.682275112080212,2.0416066908198274,4.199549752242814,0.0,100.0,0.0,0.0,26.11764705882353,26.823529411764707,47.05882352941177,1.5268464175319176,3,1.5268464175319176,3,Type 3 specialists
map_500_d04_predation,seed_13.json,,,,predation,13,10000000,False,,734,3,335,4.340494198224223,4,1.98772609650219,103.23146122728159,4.0,2.3,730.96,0.9986376021798365,1.0,99.86376021798365,0.0,23,23.036341866942724,0.0,23.036190330568125,30.886135674557792,0.0030936558138928184,23.03823847211746,0.9998910822177467,3.3406031160064766,0.1362397820163488,99.86376021798365,0.0,0.0,0.0,33.92370572207084,65.9400544959128,0.9252358111828598,2,0.9382053428624827,2,Type 3 specialists
map_500_d04_predation,seed_14.json,,,,predation,14,10000000,False,,714,3,285,5.000531316797057,4,1.9225465346912811,102.06024191728143,4.0,2.76,663.56,1.0,1.0,100.0,0.0,23,19.997874958625804,0.0,19.992776256765463,40.00637512412258,0.005098701860344841,19.997874958625804,0.9999999999999997,4.000531316797057,0.0,100.0,0.0,0.0,0.0,52.80112044817927,47.19887955182073,0.9977348576417429,2,0.9977348576417429,2,Type 2 specialists
map_500_d04_predation,seed_15.json,,,,predation,15,10000000,False,,911,2,230,5.0000641112446464,4,1.9222509037304063,61.728887013235116,4.0,2.18,923.34,1.0,1.0,100.0,0.0,13,19.999743558309568,0.0,19.998346565411047,40.00038246749242,0.0022425601920265732,19.999284848594932,0.9999999999999998,4.0000641112446464,0.0,100.0,0.0,0.0,49.61580680570801,0.0,50.38419319429199,0.9999574099506756,2,0.9999574099506756,2,Type 3 specialists
map_500_d04_predation,seed_16.json,,,,predation,16,8775478,True,8775478,0,0,194,8.64,4,1.8910611120726526,120.96,3.84,0.96,3.86,,,,,,33.333333333333336,0.0,22.222222222222218,33.333333333333336,0.0,11.111111111111109,2.8800000000000003,5.76,,,,,,,,,,,,No diet / mouth
map_500_d04_predation,seed_17.json,,,,predation,17,10000000,False,,823,3,120,5.3253584480270995,4,1.95533675577764,55.336216608266135,4.0,3.68,792.68,1.0,1.0,100.0,0.0,123,32.28520583041522,0.007496154348735172,18.77858415842199,30.150168048458685,0.0,18.77854580835536,1.7193029361529548,3.6060555118741444,0.0,100.0,0.0,0.0,27.980535279805352,29.683698296836983,42.33576642335766,1.559263490448218,3,1.559263490448218,3,Type 3 specialists
map_500_d04_predation,seed_18.json,,,,predation,18,10000000,False,,637,2,157,7.999805350670849,4,1.750578656000731,88.8397542638942,4.0,2.06,641.88,2.0,2.0,0.0,0.0,23,50.00960078912675,0.0022311310016862583,12.500706733261978,24.984926068630838,0.0022311310016862583,12.500304146977054,4.000670719777693,3.999134630893156,0.0,0.0,100.0,0.0,0.0,50.0,50.0,1.0,2,-0.0,1,Generalists
map_500_d04_predation,seed_19.json,,,,predation,19,10000000,False,,827,4,104,4.99985730080362,4,1.9219794823670786,98.09141280279627,4.0,2.62,831.24,1.0,1.0012091898428053,100.0,0.12091898428053205,23,40.00310284338968,0.0,19.99426979625973,20.002037989525626,0.000492018962191302,20.000097351862774,2.000098058063199,2.9997592427404203,0.0,100.0,0.0,0.0,0.0,49.09310761789601,50.90689238210399,0.9997626769848971,2,0.9997626769848971,2,Type 3 specialists
map_500_d04_predation,seed_20.json,,,,predation,20,10000000,False,,521,1,160,4.99980648006362,4,1.9219513165575597,76.17954371642062,4.0,1.1,558.76,1.0,1.0,100.0,0.0,2,39.99767767088004,0.0,20.000774109706654,20.000774109706654,0.0,20.000774109706654,1.99980648006362,3.0000000000000004,0.0,100.0,0.0,0.0,0.0,100.0,0.0,-0.0,1,-0.0,1,Type 2 specialists
map_500_d05,seed_1.json,,,,normal,1,10000000,False,,800,4,212,5.9996985543552634,4,1.918278992072057,99.93478677993295,4.0,3.34,781.94,1.0,1.0,100.0,0.0,123,33.334214696644736,0.0,16.667534592661966,33.33413582307525,0.0,16.664114887618044,1.999952397260274,3.9997461570949895,0.0,100.0,0.0,0.0,39.75,26.625,33.625,1.566089559254399,3,1.566089559254399,3,Type 1 specialists
map_500_d05,seed_2.json,,,,normal,2,10000000,False,,439,3,414,5.460486532546007,4,1.936923359217311,85.11131367404607,4.0,2.98,430.54,1.0,1.0,100.0,0.0,23,36.621608670779494,0.0008868468007829001,18.300792660280038,26.77095592420701,0.0017574984221397384,18.303998399510544,1.999718009469615,3.460768523076392,0.0,100.0,0.0,0.0,0.0,41.45785876993166,58.54214123006834,0.9788422009271818,2,0.9788422009271818,2,Type 3 specialists
map_500_d05,seed_3.json,,,,normal,3,10000000,False,,572,6,260,5.949029099163323,4,1.8738515955514552,97.76436891700263,4.0,4.48,602.8,1.0,1.0,100.0,0.0,123,22.066795589925356,0.0041029575160643076,16.80594732025686,44.25151791995528,0.06488238868764934,16.806753823658795,1.3127600908975483,4.636269008265775,0.0,100.0,0.0,0.0,30.41958041958042,35.13986013986014,34.44055944055944,1.5821130034959603,3,1.5821130034959603,3,Type 2 specialists
map_500_d05,seed_4.json,,,,normal,4,10000000,False,,634,5,222,5.556000977694655,5,2.1442612862794035,93.6734097734008,4.0,4.36,629.32,1.0,1.0,100.0,0.0,123,27.98839116131724,0.0,17.988576746634166,31.03764411460795,4.986831029473202,17.998556947967437,1.5550352865637902,4.000965691130864,0.0,100.0,0.0,0.0,26.498422712933753,27.129337539432175,46.37223974763407,1.532423361026657,3,1.532423361026657,3,Type 3 specialists
map_500_d05,seed_5.json,,,,normal,5,10000000,False,,806,6,184,4.892791416424411,4,1.963488218801781,94.16850756474696,4.0,5.06,849.86,0.9987593052109182,1.0,99.87593052109182,0.0,123,24.401525087112372,0.0,20.428098174008984,34.72702719501768,0.005582767872487327,20.437766775988482,1.1939157249388834,3.6988756914855276,0.12406947890818859,99.87593052109182,0.0,0.0,49.75186104218362,20.471464019851116,29.65260545905707,1.4895792078146801,3,1.501557664425757,3,Type 1 specialists
map_500_d05,seed_6.json,,,,normal,6,10000000,False,,455,4,408,5.004314624634991,4,1.9227018768326134,80.81870511127653,4.0,3.12,502.1,1.0021978021978022,1.0021978021978022,99.78021978021978,0.0,12,39.976278960896046,0.0,19.981964985116022,20.05324348454814,0.003908010082229127,19.984604559357557,2.0005387744250016,3.003775850209989,0.0,99.78021978021978,0.21978021978021978,0.0,39.23076923076923,60.76923076923077,0.0,0.9662726472858592,2,0.9865726234755235,2,Type 2 specialists
map_500_d05,seed_7.json,,,,normal,7,10000000,False,,699,3,218,5.721808395670632,4,1.9742559228950434,99.15697229178846,4.0,3.66,678.1,1.0,1.0,100.0,0.0,123,25.913444584094886,0.00048682429185183893,25.800339904845337,30.791800707983153,0.015391542651827213,17.47853643613294,1.4827176478201978,4.239090747850434,0.0,100.0,0.0,0.0,24.034334763948497,21.602288984263232,54.36337625178827,1.4499303709395583,3,1.4499303709395583,3,Type 3 specialists
map_500_d05,seed_8.json,,,,normal,8,10000000,False,,755,4,237,5.0001846666171,4,1.9656533543451251,103.06740855816729,4.0,4.92,689.3,1.0,1.0,100.0,0.0,123,26.720979558960657,0.0,19.991984340286166,33.2948367959879,0.0,19.992199304765283,1.3360983226770404,3.6640863439400597,0.0,100.0,0.0,0.0,23.178807947019866,42.51655629139073,34.3046357615894,1.5429829581227268,3,1.5429829581227268,3,Type 2 specialists
map_500_d05,seed_9.json,,,,normal,9,10000000,False,,596,3,263,6.000068849974545,4,1.9067137469613757,92.25537817963136,4.0,3.04,580.86,1.0,1.0,100.0,0.0,123,28.127401456144874,0.0005564766417005657,16.66647541893195,38.53850021958291,0.0005910097666287922,16.66647541893195,1.687663453077435,4.31240539689711,0.0,100.0,0.0,0.0,29.19463087248322,37.080536912751676,33.7248322147651,1.578128212022313,3,1.578128212022313,3,Type 2 specialists
map_500_d05,seed_10.json,,,,normal,10,10000000,False,,733,4,217,5.293101070456031,5,2.154938398671037,98.56062855449807,4.0,4.12,684.64,1.0,1.0,100.0,0.0,123,27.46561523134328,0.0,18.878379257748687,29.84214432491169,4.931435006526415,18.88242617946993,1.4537827738175657,3.8393182966384654,0.0,100.0,0.0,0.0,56.20736698499318,23.328785811732605,20.463847203274216,1.4254268222138164,3,1.4254268222138164,3,Type 1 specialists
map_500_d05,seed_11.json,,,,normal,11,10000000,False,,789,3,204,4.971873835735126,4,1.963632918193793,91.09969090203796,4.0,3.2,773.34,1.0,1.0,100.0,0.0,123,34.10271442843698,0.0,20.112136072799952,25.67602989709315,0.0,20.10911960166991,1.695543935942926,3.2763298997922004,0.0,100.0,0.0,0.0,25.982256020278832,40.93789607097592,33.07984790874525,1.5606267750964826,3,1.5606267750964826,3,Type 2 specialists
map_500_d05,seed_12.json,,,,normal,12,10000000,False,,570,3,259,6.376287286894141,4,1.8639058882421082,97.75791768726502,4.0,3.52,602.32,1.0,1.0,100.0,0.0,123,25.455032906568263,0.0,15.679731768841354,43.18267221559884,0.0,15.682563108991543,1.6230860270962324,4.753201259797908,0.0,100.0,0.0,0.0,35.6140350877193,23.157894736842106,41.228070175438596,1.5462133767947681,3,1.5462133767947681,3,Type 3 specialists
map_500_d05,seed_13.json,,,,normal,13,10000000,False,,687,4,245,6.275588578766353,4,1.8953905368306716,100.104725253611,4.0,3.32,680.48,1.0,1.0,100.0,0.0,123,38.31621830650083,0.00048360425920435503,15.93384119081043,29.819833630453868,0.0004707462434500295,15.929152521732215,2.4045682198579486,3.8710203589084045,0.0,100.0,0.0,0.0,24.16302765647744,39.44687045123727,36.3901018922853,1.5552215916186674,3,1.5552215916186674,3,Type 2 specialists
map_500_d05,seed_14.json,,,,normal,14,10000000,False,,754,3,242,5.681044406115998,5,2.2011693441189033,87.1383191959491,4.0,3.5,760.62,1.0,1.0,100.0,0.0,123,32.40308581191105,0.0004620051751725222,17.602397174073104,24.1480405046774,8.255870619943881,17.59014388421939,1.840833693926539,3.8402107121894584,0.0,100.0,0.0,0.0,20.55702917771883,40.318302387267906,39.12466843501326,1.5272300840141924,3,1.5272300840141924,3,Type 2 specialists
map_500_d05,seed_15.json,,,,normal,15,3655644,True,3655644,0,0,744,5.76,4,1.9182958340544896,100.8,3.84,0.96,3.92,,,,,,33.33333333333333,0.0,16.666666666666664,33.33333333333333,0.0,16.666666666666664,1.92,3.8400000000000003,,,,,,,,,,,,No diet / mouth
map_500_d05,seed_16.json,,,,normal,16,10000000,False,,649,9,235,4.999664188297541,4,1.9672965723846148,99.92011149724472,4.0,7.44,620.78,1.0,1.0,100.0,0.0,123,33.73710244597313,0.028946218528978333,19.957941015793406,26.28008581823587,0.0,19.995924501468625,1.6867418291605722,3.3129223591369694,0.0,100.0,0.0,0.0,35.43913713405239,33.281972265023114,31.2788906009245,1.5830891466230117,3,1.5830891466230117,3,Type 1 specialists
map_500_d05,seed_17.json,,,,normal,17,10000000,False,,585,3,213,6.686468980243369,5,2.076594867470707,97.92465451081299,4.0,3.6,599.52,1.0,1.0,100.0,0.0,123,24.36197618655882,0.0024901057062897704,14.957084892153933,40.17817954154868,5.54569711755252,14.954572156479756,1.6289559806885319,5.057512999554837,0.0,100.0,0.0,0.0,30.5982905982906,39.14529914529915,30.256410256410255,1.5742639700789847,3,1.5742639700789847,3,Type 2 specialists
map_500_d05,seed_18.json,,,,normal,18,10000000,False,,521,2,253,6.436887298552716,4,1.960217100936643,102.36352465773862,4.0,2.76,528.6,1.0,1.0,100.0,0.0,23,31.070918399483006,0.041965121833971365,24.32563871976596,29.026018559175558,0.0006201780119657283,15.534839021729537,2.0000000000000004,4.4368872985527155,0.0,100.0,0.0,0.0,0.0,40.882917466410746,59.117082533589254,0.9758815898367939,2,0.9758815898367939,2,Type 3 specialists
map_500_d05,seed_19.json,,,,normal,19,10000000,False,,261,1,303,4.999867219970275,4,1.9218745684128375,102.99537952154255,4.0,1.12,260.74,1.0,1.0,100.0,0.0,2,40.00535146098873,0.0,19.996354510167222,20.0005311342237,0.0,19.99776289462035,2.000214453931875,2.9996527660384,0.0,100.0,0.0,0.0,0.0,100.0,0.0,-0.0,1,-0.0,1,Type 2 specialists
map_500_d05,seed_20.json,,,,normal,20,10000000,False,,786,3,230,5.999717854066193,5,2.134131847152182,94.85979359532928,4.0,3.26,737.06,1.0,1.0,100.0,0.0,123,27.815085944707697,0.0,16.66602247131494,33.333557172896185,5.520289120415614,16.665045290665574,1.668826677548484,4.330891176517709,0.0,100.0,0.0,0.0,31.6793893129771,34.86005089058524,33.46055979643766,1.5838601002229677,3,1.5838601002229677,3,Type 2 specialists
map_500_d05_predation,seed_1.json,,,,predation,1,10000000,False,,513,1,231,6.001501505076079,4,1.7954495059784241,102.96651393524544,4.0,1.5,493.28,1.0,1.0,100.0,0.0,3,16.661830362855564,0.0,16.662496862730073,49.987490588190234,0.025685323494057315,16.662496862730073,0.9999599999999998,5.001541505076079,0.0,100.0,0.0,0.0,0.0,0.0,100.0,-0.0,1,-0.0,1,Type 3 specialists
map_500_d05_predation,seed_2.json,,,,predation,2,10000000,False,,828,4,125,5.6147212179116295,5,2.21636075354032,115.27919019784227,4.0,3.86,836.1,1.0,1.0,100.0,0.0,123,25.000500056087738,0.0,17.81536440423762,25.001116639009812,7.186347811942598,24.996671088722238,1.403708381233167,4.211012836678463,0.0,100.0,0.0,0.0,16.06280193236715,40.57971014492754,43.35748792270532,1.4745186119464302,3,1.4745186119464302,3,Type 3 specialists
map_500_d05_predation,seed_3.json,,,,predation,3,10000000,False,,630,2,182,5.979801691393715,4,1.7951328515165856,102.05884771496045,4.0,2.12,643.06,1.0,1.0,100.0,0.0,13,49.83218992078507,0.0,16.722962593211513,16.72188489279191,0.0,16.722962593211513,2.979866135741634,2.9999355556520815,0.0,100.0,0.0,0.0,65.71428571428571,0.0,34.285714285714285,0.9275265884316759,2,0.9275265884316759,2,Type 1 specialists
map_500_d05_predation,seed_4.json,,,,predation,4,10000000,False,,948,3,142,4.897952243478756,4,1.9711359426263084,96.24898434015522,4.0,3.14,945.68,1.0,1.0,100.0,0.0,123,26.531020259087086,0.0,20.41586471897264,32.63559069396963,0.00041121239871570145,20.41711311557193,1.2994767019977593,3.598475541480997,0.0,100.0,0.0,0.0,46.62447257383966,28.69198312236287,24.68354430379747,1.5282915944113165,3,1.5282915944113165,3,Type 1 specialists
map_500_d05_predation,seed_5.json,,,,predation,5,10000000,False,,970,4,156,5.287198958452176,4,1.9355522658517317,102.6666836596403,4.0,3.6,949.38,1.3257731958762886,1.3257731958762886,67.42268041237114,0.0,123,37.827610958999806,0.0,24.34560808068498,18.913606388906338,0.0,18.913174571408874,2.0000210526315794,3.2871779058205974,0.0,67.42268041237114,32.577319587628864,0.0,52.16494845360825,31.54639175257732,16.288659793814432,1.4412710537020625,3,1.5827690475453422,3,Type 1 specialists
map_500_d05_predation,seed_6.json,,,,predation,6,10000000,False,,492,3,245,5.002388488174856,4,1.9699435454808083,96.84723774750984,4.0,2.98,464.74,1.0,1.0,100.0,0.0,23,28.66370525317301,0.0,19.990450609022066,31.359111720783154,0.0,19.986732417021766,1.4338698918690982,3.5685185963057577,0.0,100.0,0.0,0.0,0.0,57.520325203252035,42.479674796747965,0.9836195026434529,2,0.9836195026434529,2,Type 2 specialists
map_500_d05_predation,seed_7.json,,,,predation,7,10000000,False,,215,2,450,9.000573362963756,5,2.1972008080390544,100.11877599696656,4.0,1.16,212.86,1.0,1.0,100.0,0.0,1,33.331209902078335,0.0,11.11468685454802,22.218734629982322,22.224965312698547,11.110403300692775,3.0000000000000004,6.000573362963755,0.0,100.0,0.0,0.0,100.0,0.0,0.0,-0.0,1,-0.0,1,Type 1 specialists
map_500_d05_predation,seed_8.json,,,,predation,8,10000000,False,,717,2,297,4.0004077250252825,4,2.0004495682358527,60.63091791424625,4.0,2.42,659.16,1.0,1.0,100.0,0.0,12,24.998124208555485,0.0031198584658713602,24.99507388400282,25.007738336084458,0.0,24.995943712891357,1.000026891950469,3.000380833074814,0.0,100.0,0.0,0.0,52.85913528591353,47.14086471408647,0.0,0.9976400061492938,2,0.9976400061492938,2,Type 1 specialists
map_500_d05_predation,seed_9.json,,,,predation,9,10000000,False,,1020,4,191,4.651514868402893,4,1.9837260662342966,93.23495891700946,4.0,3.66,996.0,1.0,1.0,100.0,0.0,123,21.4983516546575,0.002327582024218147,26.32784960226588,30.679641894355914,0.0,21.4918292666965,0.9999990236779331,3.6515158447249605,0.0,100.0,0.0,0.0,41.76470588235294,34.509803921568626,23.725490196078432,1.5482052688225956,3,1.5482052688225956,3,Type 1 specialists
map_500_d05_predation,seed_10.json,,,,predation,10,10000000,False,,668,5,232,4.476832568660826,4,1.978300562492374,90.62532740200373,4.0,4.88,739.5,1.0,1.0,100.0,0.0,123,32.98542726832476,0.0,22.335551541321806,22.33660178755675,0.010999674581282537,22.331419728215398,1.476702350860292,3.000130217800534,0.0,100.0,0.0,0.0,44.31137724550898,26.79640718562874,28.892215568862277,1.54695963895727,3,1.54695963895727,3,Type 1 specialists
map_500_d05_predation,seed_11.json,,,,predation,11,10000000,False,,890,3,146,4.948240224145258,4,1.9279801463713975,65.60616959793305,4.0,3.86,845.5,1.0,1.0,100.0,0.0,123,39.383344466476245,0.0,20.20629513787353,20.201163788774515,0.0,20.20919660687571,1.9487824925038633,2.999457731641395,0.0,100.0,0.0,0.0,37.41573033707865,27.752808988764045,34.831460674157306,1.5738657190322327,3,1.5738657190322327,3,Type 1 specialists
map_500_d05_predation,seed_12.json,,,,predation,12,10000000,False,,815,4,172,5.674568206605772,6,2.3681318415102526,68.46268682505907,4.0,3.72,822.26,1.0,1.0,100.0,0.0,123,21.51979449348878,5.934734037563335,17.62293179040359,31.358247415992047,5.941806047021364,17.622486215530884,1.221155416454414,4.453412790151359,0.0,100.0,0.0,0.0,33.61963190184049,43.06748466257669,23.312883435582823,1.5418793035467033,3,1.5418793035467033,3,Type 2 specialists
map_500_d05_predation,seed_13.json,,,,predation,13,10000000,False,,930,3,164,4.999999976447367,4,1.9694799292209366,90.62595411473312,4.0,3.08,949.48,1.0,1.0,100.0,0.0,123,28.208195143034825,0.0004385964932940905,20.000000094210538,31.791804668544092,0.0,19.999561497717245,1.4104097505079687,3.589590225939398,0.0,100.0,0.0,0.0,39.89247311827957,40.53763440860215,19.56989247311828,1.5175058327214506,3,1.5175058327214506,3,Type 2 specialists
map_500_d05_predation,seed_14.json,,,,predation,14,10000000,False,,1088,4,137,4.516769540558871,4,1.973764958953854,81.67318753027206,4.0,3.4,1140.82,1.0,1.0,100.0,0.0,123,22.140100176869506,0.0016177094075934075,22.134669287317728,33.58389568962454,0.00039429594188389354,22.13932284083875,1.0000173010380624,3.5167522395208084,0.0,100.0,0.0,0.0,28.125,47.05882352941177,24.816176470588236,1.5254215810778433,3,1.5254215810778433,3,Type 2 specialists
map_500_d05_predation,seed_15.json,,,,predation,15,10000000,False,,1050,3,136,5.282926164854987,5,2.1341764103004106,76.40329384952219,4.0,3.62,1131.18,1.0,1.0,100.0,0.0,123,33.31219538694931,4.473960625200276,18.923932856035748,24.365605420932305,0.0,18.92430571088237,1.7598586861847612,3.523067478670226,0.0,100.0,0.0,0.0,48.095238095238095,26.666666666666668,25.238095238095237,1.5177168534518053,3,1.5177168534518053,3,Type 1 specialists
map_500_d05_predation,seed_16.json,,,,predation,16,10000000,False,,407,2,145,5.000469236480135,4,1.9231386264106358,101.95047162203367,4.0,1.14,428.8,1.0,1.0,100.0,0.0,3,39.996246460418455,0.009383848953846674,19.998123230209227,19.998123230209227,0.0,19.998123230209227,1.9999999999999998,3.000469236480135,0.0,100.0,0.0,0.0,0.0,0.0,100.0,-0.0,1,-0.0,1,Type 3 specialists
map_500_d05_predation,seed_17.json,,,,predation,17,10000000,False,,533,3,166,3.999738595033728,4,2.0036285323876846,103.90613222991209,4.0,1.84,485.6,1.0,1.0,100.0,0.0,3,25.001633887815792,0.015184999954525468,24.993179853262383,25.001633887815792,0.014676537835210801,24.97369083331629,0.9999999999999998,2.999738595033728,0.0,100.0,0.0,0.0,0.0,0.0,100.0,-0.0,1,-0.0,1,Type 3 specialists
map_500_d05_predation,seed_18.json,,,,predation,18,10000000,False,,299,1,269,4.999934426229508,4,1.921935963656911,101.98718472883829,4.0,1.02,317.62,1.0,1.0,100.0,0.0,2,39.999213104434155,0.0,20.000262298521946,20.000262298521946,0.0,20.000262298521946,1.9999344262295082,3.0000000000000004,0.0,100.0,0.0,0.0,0.0,100.0,0.0,-0.0,1,-0.0,1,Type 2 specialists
map_500_d05_predation,seed_19.json,,,,predation,19,10000000,False,,293,3,251,5.000339890810973,4,1.925803394863539,75.78104101187888,4.0,1.4,275.62,1.0,1.0,100.0,0.0,3,19.998640529170437,0.019327890623308832,19.986109992694935,39.98479948566137,0.012481572679510786,19.998640529170437,1.0,4.000339890810973,0.0,100.0,0.0,0.0,0.0,0.0,100.0,-0.0,1,-0.0,1,Type 3 specialists
map_500_d05_predation,seed_20.json,,,,predation,20,10000000,False,,533,3,142,5.466536772887175,4,1.9421085216206808,96.36033940689464,4.0,2.38,561.1,1.0,1.0,100.0,0.0,13,35.360471498161715,0.005476085283341433,18.293117590643153,28.047817235268646,0.0,18.293117590643153,1.932993177513299,3.5335435953738763,0.0,100.0,0.0,0.0,42.96435272045028,0.0,57.03564727954972,0.9856697123256859,2,0.9856697123256859,2,Type 3 specialists
map_500_d06,seed_1.json,,,,normal,1,10000000,False,,673,3,173,5.477608420110417,4,1.9242434348892814,99.90144590092851,4.0,3.54,715.7,1.0,1.0,100.0,0.0,123,24.694225068066014,0.0,18.254119090128803,38.79944402382735,0.0015391845622546225,18.250672633415572,1.3526529516094012,4.124955468501016,0.0,100.0,0.0,0.0,43.23922734026746,22.288261515601782,34.472511144130756,1.5353644490972571,3,1.5353644490972571,3,Type 1 specialists
map_500_d06,seed_2.json,,,,normal,2,10000000,False,,646,3,207,5.676628662703657,4,1.9731914385487113,109.64404186580637,4.0,5.02,623.28,1.0,1.0,100.0,0.0,123,29.54641863208563,0.013717179626150083,23.264063994495075,29.554432034669375,0.009932035446087461,17.611436123677677,1.6772404688713867,3.999388193832271,0.0,100.0,0.0,0.0,31.73374613003096,37.15170278637771,31.11455108359133,1.5802687552022445,3,1.5802687552022445,3,Type 2 specialists
map_500_d06,seed_3.json,,,,normal,3,10000000,False,,445,4,214,6.274188317463072,4,1.959293523687447,96.34406119176876,4.0,3.76,491.32,1.0,1.0,100.0,0.0,123,31.87878708658011,0.0018135027211407737,25.149638324533637,27.037006091011644,0.0,15.932754995153461,2.0001351351351357,4.274053182327936,0.0,100.0,0.0,0.0,31.756756756756758,27.25225225225225,40.990990990990994,1.564060422848713,3,1.564060422848713,3,Type 3 specialists
map_500_d06,seed_4.json,,,,normal,4,10000000,False,,540,3,349,6.676221447874468,4,1.8701596544052388,92.96369085093953,4.0,3.1,545.34,1.0,1.0,100.0,0.0,123,29.958138032010144,0.0,14.978532509858159,40.085324361390086,0.0,14.978005096741615,2.0000716366768994,4.676149811197568,0.0,100.0,0.0,0.0,28.88888888888889,39.629629629629626,31.48148148148148,1.5716431148734875,3,1.5716431148734875,3,Type 2 specialists
map_500_d06,seed_5.json,,,,normal,5,10000000,False,,544,2,195,5.568850589503401,4,1.9357144242952855,102.27572563971606,4.0,3.08,555.96,1.0,1.0,100.0,0.0,23,35.91405385825496,0.0,17.95308847200302,28.176318111712252,0.0039685298797962195,17.952571028149965,2.0,3.568850589503401,0.0,100.0,0.0,0.0,0.0,40.625,59.375,0.9744894033980523,2,0.9744894033980523,2,Type 3 specialists
map_500_d06,seed_6.json,,,,normal,6,10000000,False,,562,2,323,6.000066404829366,4,1.8493950251642852,63.82690839691171,4.0,2.18,606.8,1.0,1.0,100.0,0.0,23,20.83320806281792,0.0,16.66648221084878,45.83166772320471,0.0027269847026946846,16.66591501842589,1.250006318025341,4.750060086804025,0.0,100.0,0.0,0.0,0.0,22.95373665480427,77.04626334519573,0.7772039573627914,2,0.7772039573627914,2,Type 3 specialists
map_500_d06,seed_7.json,,,,normal,7,10000000,False,,641,3,249,6.719136410172813,4,1.9387338799785487,117.8895989315855,4.0,3.02,653.14,1.0,1.0,100.0,0.0,123,24.481826730466782,0.0,25.450211400165756,35.18509688561754,0.0,14.882864983749911,1.644967333722214,5.074169076450599,0.0,100.0,0.0,0.0,36.661466458658346,28.705148205928236,34.633385335413415,1.57741423665464,3,1.57741423665464,3,Type 1 specialists
map_500_d06,seed_8.json,,,,normal,8,10000000,False,,570,3,392,6.817013403860971,6,2.2995689070415883,99.922809618065,4.0,3.22,585.56,1.0,1.0,100.0,0.0,123,20.662379558713138,5.993199072231661,19.101681103978944,35.3315600451946,4.244489848776296,14.666690371105357,1.4085571840741038,5.408456219786866,0.0,100.0,0.0,0.0,29.473684210526315,42.63157894736842,27.894736842105264,1.5576476611692112,3,1.5576476611692112,3,Type 2 specialists
map_500_d06,seed_9.json,,,,normal,9,10000000,False,,792,4,259,5.135120770452801,5,2.1684147898415995,82.36314043997399,4.0,3.46,776.72,1.0,1.0,100.0,0.0,123,30.845327190970835,5.373937875905041,19.46972761031168,24.84365702305345,0.0,19.467350299758998,1.5839448032976688,3.5511759671551317,0.0,100.0,0.0,0.0,30.555555555555557,40.025252525252526,29.41919191919192,1.570690271999949,3,1.570690271999949,3,Type 2 specialists
map_500_d06,seed_10.json,,,,normal,10,10000000,False,,679,3,207,5.9513070554645875,4,1.9140275112404705,95.85130973024894,4.0,3.7,694.98,1.0,1.0,100.0,0.0,123,28.95718574548274,0.0,16.798631973830197,37.44420512202355,0.007546611151593971,16.792430547511916,1.7233310383349,4.227976017129688,0.0,100.0,0.0,0.0,47.864506627393226,24.742268041237114,27.39322533136966,1.5190659439714387,3,1.5190659439714387,3,Type 1 specialists
map_500_d06,seed_11.json,,,,normal,11,10000000,False,,693,2,253,6.132484886723318,4,1.9105266543976749,123.94405793599459,4.0,2.9,700.88,1.0,1.0,100.0,0.0,12,32.61317155028356,0.0009071894159913353,34.77733164838613,16.30614423772704,0.0,16.302445374187283,1.999997816402288,4.132487070321029,0.0,100.0,0.0,0.0,54.68975468975469,45.31024531024531,0.0,0.9936445931923152,2,0.9936445931923152,2,Type 1 specialists
map_500_d06,seed_12.json,,,,normal,12,3165154,True,3165154,0,0,722,5.76,4,1.9182958340544896,100.8,3.84,0.96,22.0,,,,,,33.33333333333333,0.0,16.666666666666664,33.33333333333333,0.0,16.666666666666664,1.92,3.8400000000000003,,,,,,,,,,,,No diet / mouth
map_500_d06,seed_13.json,,,,normal,13,10000000,False,,753,4,285,5.794033603326352,4,1.9282992971871582,95.73028570449327,4.0,4.04,704.34,1.0,1.0,100.0,0.0,123,34.51826718526108,0.0,17.25913359263054,30.963465629477838,0.0,17.25913359263054,2.0000000000000004,3.794033603326352,0.0,100.0,0.0,0.0,28.02124833997344,48.20717131474104,23.771580345285525,1.5144825542204334,3,1.5144825542204334,3,Type 2 specialists
map_500_d06,seed_14.json,,,,normal,14,10000000,False,,695,4,352,5.700001362711318,4,1.9003126222633064,96.89280382278066,4.0,3.64,667.22,1.0,1.0,100.0,0.0,123,41.22945994228347,0.0,17.568702172564624,23.657982430276522,0.0,17.543855454875374,2.350079778548675,3.3499215841626437,0.0,100.0,0.0,0.0,31.223021582733814,36.83453237410072,31.942446043165468,1.5809886787329193,3,1.5809886787329193,3,Type 2 specialists
map_500_d06,seed_15.json,,,,normal,15,10000000,False,,524,3,388,5.715158778501478,4,1.9306076902654288,97.3661739221386,4.0,3.28,550.22,1.0,1.0,100.0,0.0,123,29.768420856571748,0.0,17.496685721574337,35.24585747242776,0.0,17.489035949426157,1.7013125178056252,4.013846260695853,0.0,100.0,0.0,0.0,43.51145038167939,29.580152671755727,26.908396946564885,1.5517914237983323,3,1.5517914237983323,3,Type 1 specialists
map_500_d06,seed_16.json,,,,normal,16,10000000,False,,435,3,206,5.619638217254484,4,1.934509555492967,99.0927409538039,4.0,3.2,420.46,1.0,1.0,100.0,0.0,123,28.81928367138789,0.0,17.794739827371973,35.585974410850696,0.002685336793037264,17.79731675359639,1.6195394791362951,4.000098738118189,0.0,100.0,0.0,0.0,49.42528735632184,36.7816091954023,13.793103448275861,1.4274385020459228,3,1.4274385020459228,3,Type 1 specialists
map_500_d06,seed_17.json,,,,normal,17,10000000,False,,770,4,177,5.605094254617595,4,1.9764518455305782,110.19517179583818,4.0,3.9,795.62,1.0,1.0,100.0,0.0,123,28.639512826753155,0.0,24.879226695780083,28.640409931310888,0.0013275604661785623,17.83952298568969,1.6052716880028102,3.9998225666147844,0.0,100.0,0.0,0.0,32.98701298701299,40.77922077922078,26.233766233766232,1.5619671744030903,3,1.5619671744030903,3,Type 2 specialists
map_500_d06,seed_18.json,,,,normal,18,10000000,False,,953,2,156,7.662961459281439,4,1.826363987992977,65.41932700478672,4.0,2.16,886.82,1.0,1.0,100.0,0.0,23,34.75049533153472,0.0,13.050364411076028,39.14935519304195,0.0,13.049785064347311,2.662917064164901,5.000044395116538,0.0,100.0,0.0,0.0,0.0,35.57187827911857,64.42812172088142,0.9390719725767721,2,0.9390719725767721,2,Type 3 specialists
map_500_d06,seed_19.json,,,,normal,19,10000000,False,,902,5,196,4.986792861950867,4,1.966725104798223,84.91099591244472,4.0,3.82,890.56,1.0,1.0,100.0,0.0,123,26.648851545670517,0.0,20.05030605944891,33.24971143240714,0.0031393035395294385,20.047991658933903,1.3289230266713805,3.6578698352794863,0.0,100.0,0.0,0.0,35.2549889135255,30.931263858093125,33.813747228381374,1.582848830929334,3,1.582848830929334,3,Type 1 specialists
map_500_d06,seed_20.json,,,,normal,20,10000000,False,,842,4,161,5.738700443285436,4,1.9290863197947914,105.57417676418116,4.0,3.76,875.2,1.0,1.0,100.0,0.0,123,20.63635920603036,0.0008166655801678667,17.43140684186478,38.72066219887629,0.005148670801894412,23.205606416846507,1.184258837234439,4.554441606050997,0.0,100.0,0.0,0.0,34.204275534441805,15.795724465558195,50.0,1.4499415793039294,3,1.4499415793039294,3,Type 3 specialists
map_500_d06_predation,seed_1.json,,,,predation,1,10000000,False,,661,3,188,6.956955167401468,4,1.8755928118329794,87.26279699753707,4.0,3.16,704.14,1.0,1.0,100.0,0.0,123,42.148553136078796,0.0007860074440261252,17.9905614875824,25.486357569017464,0.0,14.373741799877301,2.9322559453853874,4.024699222016081,0.0,100.0,0.0,0.0,24.508320726172467,49.167927382753405,26.32375189107413,1.5076531501345776,3,1.5076531501345776,3,Type 2 specialists
map_500_d06_predation,seed_2.json,,,,predation,2,10000000,False,,776,3,165,4.999971056439943,4,1.9680494442030458,103.25485063487754,4.0,3.76,776.08,1.0,1.0,100.0,0.0,123,32.5156316049027,0.0004938300191335904,19.999553973905513,27.490905729736443,0.0005618010049132138,19.992853060431294,1.6257721690637734,3.3741988873761697,0.0,100.0,0.0,0.0,49.48453608247423,33.24742268041237,17.2680412371134,1.4679821930924564,3,1.4679821930924564,3,Type 1 specialists
map_500_d06_predation,seed_3.json,,,,predation,3,10000000,False,,852,5,211,5.289244185029082,4,1.9486112312080464,102.68704436490009,4.0,3.68,904.94,1.0,1.0,100.0,0.0,123,26.92089257373172,0.0,18.906292941257007,35.26573296010707,0.0,18.907081524904193,1.4239117450140308,3.865332440015051,0.0,100.0,0.0,0.0,33.80281690140845,24.64788732394366,41.54929577464789,1.5534158128846964,3,1.5534158128846964,3,Type 3 specialists
map_500_d06_predation,seed_4.json,,,,predation,4,10000000,False,,1004,4,168,5.34066371252751,4,1.9525241550665828,89.65501212709954,4.0,4.04,977.78,1.0,1.0,100.0,0.0,123,29.343260657033593,0.0,18.72426450769248,33.214061431753045,0.001623027495477725,18.7167903760254,1.5671248739825545,3.773538838544956,0.0,100.0,0.0,0.0,45.0199203187251,19.721115537848604,35.2589641434263,1.5105217745515602,3,1.5105217745515602,3,Type 1 specialists
map_500_d06_predation,seed_5.json,,,,predation,5,10000000,False,,258,1,627,6.000064421272159,5,2.251608674415328,105.0,4.0,1.06,258.98,1.0,1.0,100.0,0.0,3,33.33538243657857,0.0,16.666487720609773,16.665154401592126,16.666487720609773,16.666487720609773,2.000144421272159,3.999920000000001,0.0,100.0,0.0,0.0,0.0,0.0,100.0,-0.0,1,-0.0,1,Type 3 specialists
map_500_d06_predation,seed_6.json,,,,predation,6,10000000,False,,752,5,235,5.000429334718623,4,1.9683950239692032,99.99839827439641,4.0,4.08,739.2,0.9986702127659575,1.0,99.86702127659575,0.0,123,32.93178821559961,0.008979341328701772,20.002231996417798,27.06092369457079,0.0030019141680768407,19.993074837915035,1.6467307983802535,3.3536985363383693,0.13297872340425532,99.86702127659575,0.0,0.0,31.51595744680851,35.1063829787234,33.244680851063826,1.5833749454054054,3,1.5960805156868916,3,Type 2 specialists
map_500_d06_predation,seed_7.json,,,,predation,7,10000000,False,,637,4,403,5.361278101977612,4,1.954665609916961,93.48613312442842,4.0,3.4,638.5,1.0,1.0,100.0,0.0,12,31.327094064880818,0.0,18.64155798666766,31.35994184916519,0.013671062841212438,18.657735036445118,1.6795326340863832,3.6817454678912287,0.0,100.0,0.0,0.0,33.59497645211931,66.40502354788069,0.0,0.9208900725238292,2,0.9208900725238292,2,Type 2 specialists
map_500_d06_predation,seed_8.json,,,,predation,8,10000000,False,,876,4,255,4.709413957114296,4,1.9547278960718715,100.51662947094722,4.0,4.44,787.08,1.0,1.0,100.0,0.0,123,36.30496573906966,0.0,21.237945871644808,21.23649024041111,0.0,21.220598148874423,1.7097511236413097,2.9996628334729865,0.0,100.0,0.0,0.0,29.680365296803654,44.06392694063927,26.255707762557076,1.5476560556170598,3,1.5476560556170598,3,Type 2 specialists
map_500_d06_predation,seed_9.json,,,,predation,9,10000000,False,,1007,5,175,5.707190331855092,4,1.892442033683639,100.09777010670244,4.0,3.76,977.82,1.6673286991062561,1.6673286991062561,33.267130089374376,0.0,123,42.30506391360539,0.0037063322858842877,17.51171858250324,22.648389885254165,0.008366464697780275,17.52275482165354,2.414430517562404,3.2927598142926877,0.0,33.267130089374376,66.73286991062562,0.0,33.267130089374376,33.36643495531281,33.36643495531281,1.5849610775420906,3,0.9176323784358342,2,Generalists
map_500_d06_predation,seed_10.json,,,,predation,10,1361477,True,1361477,0,0,693,3.84,4,2.0,97.55433180376876,3.84,0.96,35.2,,,,,,25.0,0.0,25.0,25.0,0.0,25.0,0.96,2.88,,,,,,,,,,,,No diet / mouth
map_500_d06_predation,seed_11.json,,,,predation,11,10000000,False,,163,1,455,6.003049976757235,4,1.9221159254394755,117.1016332140787,4.0,1.76,160.26,1.0,1.0,100.0,0.0,3,33.31639762693384,0.03014415928832535,33.28625346764552,16.709005932665395,0.0,16.65819881346692,2.0,4.003049976757235,0.0,100.0,0.0,0.0,0.0,0.0,100.0,-0.0,1,-0.0,1,Type 3 specialists
map_500_d06_predation,seed_12.json,,,,predation,12,10000000,False,,871,4,171,5.181372505487342,5,2.1798002058287578,108.69761541139843,4.0,3.78,855.8,1.0,1.0,100.0,0.0,123,30.38201767091817,5.862859171478033,25.15809674000114,19.300758589272043,0.005676735586545412,19.29059109274407,1.57420551021326,3.6071669952740826,0.0,100.0,0.0,0.0,41.10218140068886,31.34328358208955,27.554535017221585,1.5642527998987865,3,1.5642527998987865,3,Type 1 specialists
map_500_d06_predation,seed_13.json,,,,predation,13,10000000,False,,793,4,202,5.451954882674308,4,1.9366986716158392,104.98740237353591,4.0,3.28,831.22,1.1765447667087012,1.1765447667087012,82.34552332912989,0.0,123,36.68547713773069,0.00046085539373317067,18.338524155798957,26.635341832460423,0.0,18.340196018616183,2.0000756620428755,3.451879220631432,0.0,82.34552332912989,17.654476670870114,0.0,8.827238335435057,49.93694829760403,41.235813366960905,1.3364052465292673,3,1.4687932561243475,3,Type 2 specialists
map_500_d06_predation,seed_14.json,,,,predation,14,10000000,False,,950,6,159,5.197820792613783,5,2.233645226926823,98.41610868973021,4.0,4.26,966.24,1.0,1.0,100.0,0.0,123,26.777469778370484,0.0,19.24074013629945,26.185548833897958,8.552042507509727,19.244198743922382,1.3918448918760127,3.8059759007377703,0.0,100.0,0.0,0.0,33.78947368421053,44.526315789473685,21.68421052631579,1.526865457075425,3,1.526865457075425,3,Type 2 specialists
map_500_d06_predation,seed_15.json,,,,predation,15,10000000,False,,472,2,298,5.196005233339653,4,1.9330544285112925,102.43255114394404,4.0,2.0,502.88,1.0,1.0,100.0,0.0,12,38.49110826846744,0.0,19.24555413423372,23.017783463065122,0.0,19.24555413423372,2.0000000000000004,3.1960052333396525,0.0,100.0,0.0,0.0,79.23728813559322,20.76271186440678,0.0,0.7369225139354292,2,0.7369225139354292,2,Type 1 specialists
map_500_d06_predation,seed_16.json,,,,predation,16,10000000,False,,760,3,127,4.999637739278135,4,1.957504037395307,96.32581939740481,4.0,3.36,781.2,1.0,1.0,100.0,0.0,123,24.735122148905468,0.0,19.998936370899756,35.27065471581941,0.0,19.99528676437536,1.2366665018132226,3.7629712374649116,0.0,100.0,0.0,0.0,38.94736842105263,36.18421052631579,24.86842105263158,1.5597685534398191,3,1.5597685534398191,3,Type 1 specialists
map_500_d06_predation,seed_17.json,,,,predation,17,10000000,False,,945,4,101,5.155475476953734,4,1.9029622803160442,100.13853946021112,4.0,3.56,939.6,1.1428571428571428,1.1428571428571428,85.71428571428571,0.0,123,41.806185212353725,0.000424903680296019,19.3964591607822,19.399683865182528,0.0,19.397246858001242,2.1553076264727546,3.0001678504809792,0.0,85.71428571428571,14.285714285714286,0.0,7.142857142857143,42.53968253968254,50.317460317460316,1.295098867702024,3,1.4487817096056184,3,Type 3 specialists
map_500_d06_predation,seed_18.json,,,,predation,18,10000000,False,,950,3,98,5.4900198332552375,4,1.945516491220122,96.70297034463518,4.0,3.12,881.08,1.0,1.0,100.0,0.0,123,33.00550295318823,0.0,18.21445880892237,30.564756157986494,0.0,18.21528207990291,1.8120086581956767,3.6780111750595608,0.0,100.0,0.0,0.0,19.494204425711274,51.527924130663855,28.977871443624867,1.4705757124473833,3,1.4705757124473833,3,Type 2 specialists
map_500_d06_predation,seed_19.json,,,,predation,19,10000000,False,,749,3,129,5.274307554454393,4,1.8878946616970946,99.56042561792628,4.0,2.98,759.44,1.0,1.0,100.0,0.0,23,43.12100522568207,0.00048614961066065655,18.959834815765614,18.959348666154956,0.0,18.9593251427867,2.274334436174823,2.99997311827957,0.0,100.0,0.0,0.0,0.0,73.69826435246996,26.30173564753004,0.831265555221828,2,0.831265555221828,2,Type 2 specialists
map_500_d06_predation,seed_20.json,,,,predation,20,10000000,False,,751,3,124,5.177211544732281,4,1.9012028062492838,90.10846593672215,4.0,3.52,738.58,1.1637816245006658,1.1637816245006658,83.62183754993342,0.0,123,42.055898991690036,0.0,19.31378312557145,19.31488637913554,0.00874180835532186,19.306689695247663,2.1773228578387234,2.999888686893558,0.0,83.62183754993342,16.37816245006658,0.0,43.00932090545939,48.801597869507326,8.18908122503329,1.3242782088384488,3,1.4790028849707428,3,Type 2 specialists
map_500_d07,seed_1.json,,,,normal,1,10000000,False,,391,3,413,5.910249511997015,4,1.8918250274239952,100.19012023772886,4.0,2.1,342.74,1.0,1.0,100.0,0.0,13,41.54152249852426,0.000883538352193538,16.918667847122748,24.621763054017993,0.0,16.91716306198281,2.4552076307451602,3.455041881251855,0.0,100.0,0.0,0.0,47.82608695652174,0.0,52.17391304347826,0.9986359641585718,2,0.9986359641585718,2,Type 3 specialists
map_500_d07,seed_2.json,,,,normal,2,10000000,False,,463,5,291,6.304449334786629,4,1.8987403024110565,101.70492490569144,4.0,4.58,467.9,1.0,1.0,100.0,0.0,123,31.723627136860628,0.0,15.849827192288807,36.56473210242026,0.0,15.861813568430314,2.0,4.304449334786628,0.0,100.0,0.0,0.0,36.06911447084233,38.8768898488121,25.053995680345572,1.5608338916461832,3,1.5608338916461832,3,Type 2 specialists
map_500_d07,seed_3.json,,,,normal,3,10000000,False,,668,4,217,6.152757650515088,4,1.9514124951854075,79.77114761991355,4.0,3.9,624.48,1.0,1.0,100.0,0.0,123,32.506324998233154,0.0,21.786589620117688,29.453660830571764,0.0,16.2534245510774,2.000035398230089,4.152722252284999,0.0,100.0,0.0,0.0,21.706586826347305,33.532934131736525,44.76047904191617,1.526053362566414,3,1.526053362566414,3,Type 3 specialists
map_500_d07,seed_4.json,,,,normal,4,10000000,False,,868,3,170,5.50846943618335,5,2.116196948241603,95.29018200720098,4.0,3.04,898.76,1.0,1.0,100.0,0.0,123,27.076681072510993,0.0,18.154283321957283,32.64418847734909,3.970984034537703,18.153863093644933,1.49151070121211,4.016958734971239,0.0,100.0,0.0,0.0,23.847926267281107,47.35023041474654,28.80184331797235,1.5211034844478737,3,1.5211034844478737,3,Type 2 specialists
map_500_d07,seed_5.json,,,,normal,5,10000000,False,,591,3,184,6.0,4,1.9278542223888244,105.36182031289823,4.0,3.0,589.22,1.0,1.0,100.0,0.0,123,21.680369488096762,0.0,23.151538283421335,38.501425561815225,0.0,16.666666666666668,1.3008221692858057,4.699177830714194,0.0,100.0,0.0,0.0,33.16412859560068,30.11844331641286,36.71742808798646,1.5802456271165313,3,1.5802456271165313,3,Type 3 specialists
map_500_d07,seed_6.json,,,,normal,6,10000000,False,,590,3,173,5.870378908739858,4,1.9248958097896143,97.8439816838185,4.0,3.62,630.18,1.0,1.0,100.0,0.0,123,34.068862977946814,0.0,17.028803400486993,31.87631980600882,0.0004798500151765131,17.0255339655422,1.9999713467048716,3.8704075620349867,0.0,100.0,0.0,0.0,18.64406779661017,62.3728813559322,18.983050847457626,1.3316150093557375,3,1.3316150093557375,3,Type 2 specialists
map_500_d07,seed_7.json,,,,normal,7,10000000,False,,543,3,316,6.471196144840998,4,1.9038064932859393,114.04091601697006,4.0,4.72,552.02,1.0,1.0,100.0,0.0,123,40.49906575542509,0.0028621251172776677,24.408080517280446,19.625221136203937,0.009537627528073618,15.455232838445177,2.620773981861689,3.8504221629793087,0.0,100.0,0.0,0.0,42.9097605893186,31.123388581952117,25.96685082872928,1.552983825881035,3,1.552983825881035,3,Type 1 specialists
map_500_d07,seed_8.json,,,,normal,8,10000000,False,,478,3,251,5.723506419966194,4,1.9315034857705486,78.48284630006685,4.0,3.62,519.46,1.0,1.0,100.0,0.0,123,34.94361416321804,0.003824188463415606,17.469893848833607,30.111509022405848,0.0,17.471158777079093,2.000000000000001,3.723506419966193,0.0,100.0,0.0,0.0,37.02928870292887,22.384937238493723,40.58577405857741,1.542108981006029,3,1.542108981006029,3,Type 3 specialists
map_500_d07,seed_9.json,,,,normal,9,10000000,False,,377,1,449,6.0,4,1.792481250360578,102.88937512071492,4.0,1.0,356.56,1.0,1.0,100.0,0.0,2,50.000000000000014,0.0,16.666666666666664,16.666666666666664,0.0,16.666666666666664,3.000000000000001,2.999999999999999,0.0,100.0,0.0,0.0,0.0,100.0,0.0,-0.0,1,-0.0,1,Type 2 specialists
map_500_d07,seed_10.json,,,,normal,10,10000000,False,,665,3,211,5.888553831775522,5,2.0811677078644926,100.20357229377368,4.0,3.04,639.68,1.0,1.0,100.0,0.0,123,38.03944131711955,0.0010323487854256492,16.98209829727377,23.92111736576091,4.075244722572009,16.981065948488347,2.239972979265244,3.6485808525102783,0.0,100.0,0.0,0.0,38.796992481203006,25.112781954887218,36.090225563909776,1.5612270842405658,3,1.5612270842405658,3,Type 1 specialists
map_500_d07,seed_11.json,,,,normal,11,10000000,False,,727,3,192,6.1852342338498705,4,1.8952865777862526,106.77505290512988,4.0,3.02,710.12,1.0,1.0,100.0,0.0,123,41.966264229380975,0.0,20.983132114690488,20.883067194216054,0.0,16.167536461712487,2.5957117417835645,3.5895224920663065,0.0,100.0,0.0,0.0,29.573590096286107,43.328748280605225,27.097661623108667,1.553051998367142,3,1.553051998367142,3,Type 2 specialists
map_500_d07,seed_12.json,,,,normal,12,10000000,False,,581,4,806,6.806345664088709,4,1.8856411494718428,91.62233101508404,4.0,3.66,563.92,1.549053356282272,1.549053356282272,45.09466437177281,0.0,123,41.558642363939335,0.002031875844685659,18.64325919692095,25.11429127381273,0.0004938545151401991,14.681281434967156,2.8286248525921183,3.9777208114965905,0.0,45.09466437177281,54.90533562822719,0.0,13.855421686746988,13.59724612736661,72.5473321858864,1.1223945671372217,3,1.5420642294953248,3,Generalists
map_500_d07,seed_13.json,,,,normal,13,10000000,False,,262,1,507,6.0,4,1.9182958340544896,104.21348189195463,4.0,1.0,237.62,1.0,1.0,100.0,0.0,1,33.33333333333333,0.0,16.666666666666664,33.33333333333333,0.0,16.666666666666664,2.0,4.0,0.0,100.0,0.0,0.0,100.0,0.0,0.0,-0.0,1,-0.0,1,Type 1 specialists
map_500_d07,seed_14.json,,,,normal,14,10000000,False,,641,5,202,5.339949021231503,4,1.9792298758528675,109.84955986854287,4.0,3.66,646.84,1.0,1.0,100.0,0.0,123,31.26633117631178,0.008299619593815751,25.031267607050832,24.95779766050014,0.008299619593815751,18.728004316949615,1.669606145624461,3.6703428756070418,0.0,100.0,0.0,0.0,29.797191887675506,34.945397815912635,35.257410296411855,1.5808157194712158,3,1.5808157194712158,3,Type 3 specialists
map_500_d07,seed_15.json,,,,normal,15,10000000,False,,830,3,176,5.189030244911156,4,1.9616106205365154,94.96546190235955,4.0,3.08,815.32,1.0,1.0,100.0,0.0,123,29.987994910704053,0.0,19.271423614859305,31.468687250942057,0.00047060863528349927,19.271423614859305,1.5560861257588514,3.6329441191523046,0.0,100.0,0.0,0.0,21.325301204819276,35.30120481927711,43.373493975903614,1.5284168570908025,3,1.5284168570908025,3,Type 3 specialists
map_500_d07,seed_16.json,,,,normal,16,10000000,False,,332,5,352,6.678541134536159,4,1.8771145367429425,97.86537743837248,4.0,4.4,317.92,1.0,1.0,100.0,0.0,12,31.344042235712116,0.0,14.972399930695438,38.69210781147057,0.016277042514859084,14.975172979607018,2.093324753938421,4.585216380597738,0.0,100.0,0.0,0.0,56.325301204819276,43.674698795180724,0.0,0.9884247263735706,2,0.9884247263735706,2,Type 1 specialists
map_500_d07,seed_17.json,,,,normal,17,10000000,False,,700,3,185,6.815357945450404,4,1.8816161028451572,89.87833641798261,4.0,3.32,770.68,1.0,1.0,100.0,0.0,123,18.013700466882625,0.00041448428382956506,25.66674509797166,41.64995360139996,0.0,14.669186349461933,1.2276981660393214,5.587659779411083,0.0,100.0,0.0,0.0,29.714285714285715,21.0,49.285714285714285,1.4961405027053272,3,1.4961405027053272,3,Type 3 specialists
map_500_d07,seed_18.json,,,,normal,18,10000000,False,,648,3,218,5.283864546959596,4,1.9355262756956748,77.51820858975938,4.0,3.82,663.3,1.0,1.0,100.0,0.0,123,37.83961686910192,0.0,18.91513721450139,24.31970399319556,0.0,18.925541923201138,1.999394100451819,3.2844704465077776,0.0,100.0,0.0,0.0,27.77777777777778,45.06172839506173,27.160493827160494,1.542284735272787,3,1.542284735272787,3,Type 2 specialists
map_500_d07,seed_19.json,,,,normal,19,10000000,False,,676,4,228,5.570980459536932,4,1.9358718498157748,90.60510198440717,4.0,3.94,614.02,1.0,1.0,100.0,0.0,123,28.202846779923163,0.0,17.951326729285626,35.91291226568182,0.006686867308278674,17.926227357801114,1.57117508314266,3.9998053763942716,0.0,100.0,0.0,0.0,29.28994082840237,40.0887573964497,30.62130177514793,1.5703664167777136,3,1.5703664167777136,3,Type 2 specialists
map_500_d07,seed_20.json,,,,normal,20,10000000,False,,660,3,214,5.582241669686718,4,1.9364616197690134,98.35807438955237,4.0,3.52,683.42,1.0,1.0,100.0,0.0,123,28.337080568773764,0.0,17.908682088845556,35.82790065970473,0.012386352823585479,17.913950329852366,1.5818443194827871,4.000397350203931,0.0,100.0,0.0,0.0,26.666666666666668,41.06060606060606,32.27272727272727,1.5623593291016233,3,1.5623593291016233,3,Type 2 specialists
map_500_d07_predation,seed_1.json,,,,predation,1,10000000,False,,735,3,178,5.253313531131205,4,1.8913175084005203,88.42907883755838,4.0,3.38,667.92,1.2639455782312925,1.2639455782312925,73.60544217687075,0.0,123,42.8909687249483,0.006070177142606298,19.029534571631423,19.035060096277647,0.0,19.03836643000003,2.2531970636609624,3.0001164674702423,0.0,73.60544217687075,26.39455782312925,0.0,13.197278911564625,50.06802721088435,36.734693877551024,1.41601872989399,3,1.5686947352408338,3,Type 2 specialists
map_500_d07_predation,seed_2.json,,,,predation,2,10000000,False,,752,4,200,6.461339851311894,4,1.8669313135927186,103.60566889904605,4.0,4.46,724.38,1.1502659574468086,1.300531914893617,84.97340425531915,15.02659574468085,123,42.351076428529936,0.0,15.491727253182342,26.688186326400437,0.0004138146039324907,15.46859617728335,2.7364469787361627,3.7248928725757313,0.0,84.97340425531915,15.02659574468085,0.0,43.08510638297872,7.513297872340425,49.401595744680854,1.3065461015298114,3,1.4601179082208189,3,Type 3 specialists
map_500_d07_predation,seed_3.json,,,,predation,3,10000000,False,,585,3,160,5.999485363629992,4,1.9073957866587985,99.82853713718976,4.0,3.72,675.46,1.0,1.0,100.0,0.0,123,38.413168719456465,0.002516215000552496,16.65652519854463,28.259216619605297,0.0,16.66857324739305,2.304592435030285,3.694892928599707,0.0,100.0,0.0,0.0,36.92307692307692,29.914529914529915,33.162393162393165,1.579641982979708,3,1.579641982979708,3,Type 1 specialists
map_500_d07_predation,seed_4.json,,,,predation,4,10000000,False,,725,2,196,4.866843664492683,5,2.2375911399506996,93.633874719844,4.0,2.1,721.52,1.0,1.0,100.0,0.0,23,20.54661001322602,0.0011559970895001165,20.546093965242576,29.453648010765697,8.90645009488115,20.546041918795055,0.9999713876967098,3.8668722767959736,0.0,100.0,0.0,0.0,0.0,40.827586206896555,59.172413793103445,0.9755862710906082,2,0.9755862710906082,2,Type 3 specialists
map_500_d07_predation,seed_5.json,,,,predation,5,10000000,False,,397,3,504,6.711425585986156,4,1.700488415088532,88.91105393301379,4.0,3.74,401.22,1.3425692695214106,1.3425692695214106,65.74307304785894,0.0,12,55.29304733701548,0.0,14.909301081152737,14.931087805537658,0.0,14.866563776294129,3.7109517262478935,3.0004738597382623,0.0,65.74307304785894,34.25692695214106,0.0,82.87153652392946,17.12846347607053,0.0,0.6606350591985812,2,0.9272561253173004,2,Type 1 specialists
map_500_d07_predation,seed_6.json,,,,predation,6,10000000,False,,598,2,226,7.0,5,2.177152926219897,125.4881010952759,4.0,2.16,560.02,1.471571906354515,1.471571906354515,52.84280936454849,0.0,23,28.56919540906479,0.0,28.574208032617815,21.72643477542485,6.8444474971782565,14.285714285714288,1.9998436786345353,5.0001563213654645,0.0,52.84280936454849,47.15719063545151,0.0,0.0,76.42140468227424,23.578595317725753,0.7879619535463195,2,0.9976668952676295,2,Type 2 specialists
map_500_d07_predation,seed_7.json,,,,predation,7,10000000,False,,580,4,204,5.001111105593186,4,1.9727690824153614,135.1978754895995,4.0,2.8,585.58,1.0,1.0,100.0,0.0,13,29.282660169459064,0.0,19.996214313623568,20.003577128520067,0.01684109382187663,30.70070729457542,1.4644583697479294,3.536652735845256,0.0,100.0,0.0,0.0,49.6551724137931,0.0,50.3448275862069,0.9999656906901914,2,0.9999656906901914,2,Type 3 specialists
map_500_d07_predation,seed_8.json,,,,predation,8,10000000,False,,1077,4,161,4.664745523162193,4,1.959761694816693,93.63643452730803,4.0,3.92,1139.48,1.0,1.0,100.0,0.0,123,35.681100424271115,0.0,21.438554477585942,21.438199348081724,0.0022287312558418727,21.439917018805374,1.6644325346561928,3.0003129885060003,0.0,100.0,0.0,0.0,31.87732342007435,33.36431226765799,34.75836431226766,1.5840633709788117,3,1.5840633709788117,3,Type 3 specialists
map_500_d07_predation,seed_9.json,,,,predation,9,10000000,False,,830,5,179,4.999672022366416,4,1.9702267910570876,97.47680306410733,4.0,3.48,870.46,1.0,1.0,100.0,0.0,123,31.572244138896842,0.0,19.998479735711996,28.427519655195788,0.003316241566146796,19.99844022862922,1.578508657045646,3.4211633653207696,0.0,100.0,0.0,0.0,43.493975903614455,32.65060240963855,23.85542168674699,1.5428968446813587,3,1.5428968446813587,3,Type 1 specialists
map_500_d07_predation,seed_10.json,,,,predation,10,10000000,False,,779,3,210,5.7258680508870645,5,2.184738696955641,89.23038493983275,4.0,3.56,731.92,1.5173299101412068,1.5173299101412068,48.26700898587933,0.0,123,34.931131581786346,0.0,17.46460084502083,21.98540105021573,8.154265677956268,17.46460084502083,2.0001105030548256,3.725757547832239,0.0,48.26700898587933,51.73299101412067,0.0,48.26700898587933,25.866495507060336,25.866495507060336,1.516463179515376,3,0.9991332693741692,2,Generalists
map_500_d07_predation,seed_11.json,,,,predation,11,10000000,False,,833,4,154,5.256522879143492,4,1.9352096944797244,86.884585826267,4.0,4.0,793.52,1.0,1.0,100.0,0.0,123,38.045927952186176,0.002525122397028227,19.008028793259502,23.919991491991237,0.0,19.023526640166054,1.9998929073891152,3.2566299717543763,0.0,100.0,0.0,0.0,38.41536614645858,25.45018007202881,36.134453781512605,1.5633303691158185,3,1.5633303691158185,3,Type 1 specialists
map_500_d07_predation,seed_12.json,,,,predation,12,10000000,False,,1153,4,130,5.297930209340645,4,1.956200323812143,80.37311634755257,4.0,3.28,1161.76,1.0,1.0,100.0,0.0,123,30.474787525128335,0.0009528146562035136,18.87460041257439,31.776629031322674,0.0,18.873030216318405,1.6145329745261483,3.683397234814497,0.0,100.0,0.0,0.0,39.28881179531657,30.182133564614052,30.529054640069383,1.5737356649053447,3,1.5737356649053447,3,Type 1 specialists
map_500_d07_predation,seed_13.json,,,,predation,13,10000000,False,,957,3,146,5.33134161051456,4,1.9519879067392965,99.99634223560965,4.0,3.54,943.0,1.0,1.0,100.0,0.0,123,28.698219732649132,0.0016420125142651704,18.749800359300238,33.79216826994101,0.001580443082102006,18.756589182513252,1.5300001300836235,3.8013414804309362,0.0,100.0,0.0,0.0,48.90282131661442,18.599791013584117,32.49738766980146,1.4830115314268097,3,1.4830115314268097,3,Type 1 specialists
map_500_d07_predation,seed_14.json,,,,predation,14,10000000,False,,1012,5,174,4.540612727121516,4,1.9897101600160414,93.68740552417248,4.0,4.26,958.08,1.0,1.0,100.0,0.0,123,27.190032585783847,0.0009337866417178214,22.018156664522355,28.766532883125524,0.0008945897239532148,22.023449490202605,1.2345940800985888,3.306018647022927,0.0,100.0,0.0,0.0,32.312252964426875,23.122529644268774,44.56521739130435,1.5347683074921694,3,1.5347683074921694,3,Type 3 specialists
map_500_d07_predation,seed_15.json,,,,predation,15,10000000,False,,774,6,178,5.493716508149231,4,1.9336101365139513,93.0926196667468,4.0,3.98,760.34,1.0,1.0,100.0,0.0,123,37.114202595546736,0.0033325299606382095,18.20261381373843,26.473342240723554,0.0,18.20650882003065,2.0389490748595014,3.4547674332897294,0.0,100.0,0.0,0.0,24.289405684754524,44.315245478036175,31.3953488372093,1.5409438164947007,3,1.5409438164947007,3,Type 2 specialists
map_500_d07_predation,seed_16.json,,,,predation,16,10000000,False,,783,4,107,5.230658368069604,4,1.9595938295267052,89.97702669272617,4.0,3.9,750.5,1.0,1.0,100.0,0.0,123,31.52600411976524,0.0,19.11495893236079,30.24538354229225,0.0009163865319558817,19.112737019049767,1.6490175726084686,3.5816407954611353,0.0,100.0,0.0,0.0,25.415070242656448,43.42273307790549,31.162196679438058,1.5490356388742477,3,1.5490356388742477,3,Type 2 specialists
map_500_d07_predation,seed_17.json,,,,predation,17,10000000,False,,184,1,642,5.0,4,1.9219280948873623,115.0100311554309,4.0,1.0,188.1,1.0,1.0,100.0,0.0,3,20.0,0.0,40.0,20.0,0.0,20.0,1.0,4.0,0.0,100.0,0.0,0.0,0.0,0.0,100.0,-0.0,1,-0.0,1,Type 3 specialists
map_500_d07_predation,seed_18.json,,,,predation,18,4728535,True,4728535,0,0,217,4.8,4,1.9219280948873623,86.4,3.84,0.96,19.34,,,,,,20.0,0.0,20.0,40.0,0.0,20.0,0.96,3.84,,,,,,,,,,,,No diet / mouth
map_500_d07_predation,seed_19.json,,,,predation,19,10000000,False,,660,2,149,5.0,4,1.9708529604758414,99.75356110640013,4.0,2.0,640.7,1.0,1.0,100.0,0.0,12,30.450573543637425,0.0,20.000000000000007,29.549426456362564,0.0,20.000000000000007,1.5225286771818713,3.4774713228181287,0.0,100.0,0.0,0.0,51.666666666666664,48.333333333333336,0.0,0.9991983542636398,2,0.9991983542636398,2,Type 1 specialists
map_500_d07_predation,seed_20.json,,,,predation,20,10000000,False,,1011,4,116,5.05106505073025,4,1.9890361165191206,93.28136461999743,4.0,4.56,1011.96,1.0,1.0,100.0,0.0,123,26.50820869531137,0.0004115967737737827,26.514708806935722,27.17802224720021,0.0,19.798648653778926,1.3389468649835097,3.7121181857467405,0.0,100.0,0.0,0.0,32.93768545994065,29.673590504451038,37.388724035608305,1.5784948390354974,3,1.5784948390354974,3,Type 3 specialists
map_500_d08,seed_1.json,,,,normal,1,10000000,False,,157,1,444,8.0,5,2.1556390622295662,104.07058487389719,4.0,1.0,148.16,1.0,1.0,100.0,0.0,2,37.500000000000014,0.0,12.5,25.0,12.5,12.5,3.000000000000001,4.999999999999999,0.0,100.0,0.0,0.0,0.0,100.0,0.0,-0.0,1,-0.0,1,Type 2 specialists
map_500_d08,seed_2.json,,,,normal,2,10000000,False,,332,8,426,6.14211833603887,4,1.8580587208955446,98.76242553751814,4.0,5.6,322.6,1.0030120481927711,1.0030120481927711,99.6987951807229,0.0,13,44.693849444348224,0.0,16.297078946565712,22.711839170111777,0.0,16.297232438974287,2.7451491218029185,3.396969214235951,0.0,99.6987951807229,0.30120481927710846,0.0,37.5,0.0,62.5,0.954434002924965,2,0.9808462304724282,2,Type 3 specialists
map_500_d08,seed_3.json,,,,normal,3,10000000,False,,549,5,191,6.295992106429999,4,1.8832807199687336,97.07822894156782,4.0,4.66,525.78,1.0,1.0,100.0,0.0,123,27.027770063324336,0.0006132478878206782,15.882496203384866,41.18922554700878,0.023384139572310222,15.876510798821894,1.7016662697309506,4.594325836699049,0.0,100.0,0.0,0.0,28.961748633879782,31.51183970856102,39.5264116575592,1.5720727384372242,3,1.5720727384372242,3,Type 3 specialists
map_500_d08,seed_4.json,,,,normal,4,10000000,False,,530,3,219,7.666796627601485,6,2.4138677157903894,122.81386083234213,4.0,5.54,567.54,1.2433962264150944,1.2433962264150944,75.66037735849056,0.0,123,30.42793935759504,8.71333031782641,26.070383886886717,11.350034826448766,10.41262139407613,13.025690217166938,2.332848228516722,5.333948399084763,0.0,75.66037735849056,24.339622641509433,0.0,50.660377358490564,12.169811320754716,37.16981132075472,1.3975177304943553,3,1.5570800699322767,3,Type 1 specialists
map_500_d08,seed_5.json,,,,normal,5,10000000,False,,476,4,252,5.742412016817632,4,1.9338780875663308,100.06354701849999,4.0,3.82,465.72,1.0,1.0,100.0,0.0,123,34.82637511420045,0.015746003783492078,17.41428509607687,30.31641929456289,0.012889395299418493,17.41428509607687,1.9998739495798319,3.7425380672377995,0.0,100.0,0.0,0.0,26.26050420168067,44.53781512605042,29.201680672268907,1.5448703241089379,3,1.5448703241089379,3,Type 2 specialists
map_500_d08,seed_6.json,,,,normal,6,10000000,False,,612,3,200,6.075769707720483,4,1.9429526698771071,126.09846746135972,4.0,3.0,565.78,1.0,1.0,100.0,0.0,123,21.268907855019368,0.0,20.501682143402565,37.727727858175506,0.0,20.501682143402565,1.292249860618249,4.783519847102234,0.0,100.0,0.0,0.0,44.77124183006536,29.41176470588235,25.81699346405229,1.5426955121656778,3,1.5426955121656778,3,Type 1 specialists
map_500_d08,seed_7.json,,,,normal,7,10000000,False,,494,4,251,5.664922439632179,4,1.934214389737776,103.96404581927614,4.0,4.86,525.62,1.0,1.0,100.0,0.0,123,35.31663139507745,0.005433542114710495,17.651113238664227,29.37283433118813,0.004787660371242762,17.64919983258423,2.0006597768219256,3.6642626628102533,0.0,100.0,0.0,0.0,41.70040485829959,24.493927125506072,33.80566801619433,1.5522535126512047,3,1.5522535126512047,3,Type 1 specialists
map_500_d08,seed_8.json,,,,normal,8,10000000,False,,512,5,246,5.76878784695106,5,1.9722149873940102,75.87066061225939,4.0,7.66,563.54,1.0,1.0,100.0,0.0,123,38.89417025818477,0.0033341560626430795,17.343762352182026,25.53049154544772,0.9290808058703199,17.299160882252515,2.243722167026617,3.5250656799244426,0.0,100.0,0.0,0.0,50.78125,26.7578125,22.4609375,1.4893019870867314,3,1.4893019870867314,3,Type 1 specialists
map_500_d08,seed_9.json,,,,normal,9,10000000,False,,571,4,233,5.764456955222143,4,1.919044531240956,84.50491036430542,4.0,3.56,568.96,1.0,1.0,100.0,0.0,123,27.027805081443045,0.005408042867586435,17.347078109573282,38.276399517776895,0.008537377418103807,17.33477187092109,1.5580061898611275,4.206450765361016,0.0,100.0,0.0,0.0,33.62521891418564,23.642732049036777,42.73204903677758,1.5447675726558927,3,1.5447675726558927,3,Type 3 specialists
map_500_d08,seed_10.json,,,,normal,10,10000000,False,,456,3,209,6.346438392658469,5,2.2586724232081883,112.78232066913631,4.0,4.7,496.46,1.0,1.0,100.0,0.0,123,21.201040914001197,0.005638543472344216,26.062712711596337,25.78329860860833,11.190439965435985,15.75686925688581,1.345511000209402,5.000927392449068,0.0,100.0,0.0,0.0,28.50877192982456,34.64912280701754,36.8421052631579,1.5767178629969498,3,1.5767178629969498,3,Type 3 specialists
map_500_d08,seed_11.json,,,,normal,11,10000000,False,,641,4,291,5.726049911350812,5,2.0473120823551736,94.83204201229553,4.0,4.7,625.24,1.0,1.0,100.0,0.0,123,42.47496581108321,0.0,17.46015720701361,18.317049089061893,4.288302659849332,17.45952523299196,2.4321377421718178,3.2939121691789945,0.0,100.0,0.0,0.0,54.13416536661467,20.74882995319813,25.117004680187208,1.4507157195629405,3,1.4507157195629405,3,Type 1 specialists
map_500_d08,seed_12.json,,,,normal,12,10000000,False,,614,3,247,6.642471237068773,5,2.183440857366236,101.11887174078491,4.0,3.14,564.7,1.0,1.0,100.0,0.0,123,26.078330807534954,0.0,15.058059548225927,34.140221252995175,9.668750376111394,15.054638015132547,1.732245622998154,4.910225614070619,0.0,100.0,0.0,0.0,37.13355048859935,26.058631921824105,36.807817589576544,1.5670331777523105,3,1.5670331777523105,3,Type 1 specialists
map_500_d08,seed_13.json,,,,normal,13,10000000,False,,530,4,369,6.329667863962486,4,1.882564327249265,102.54860694130514,4.0,3.42,530.86,1.2490566037735849,1.2490566037735849,75.09433962264151,0.0,123,27.81587373940025,0.0,15.798617265424447,40.59293041474632,0.0,15.792578580428987,1.7606524211631978,4.569015442799289,0.0,75.09433962264151,24.90566037735849,0.0,33.20754716981132,12.641509433962264,54.15094339622642,1.384534910588755,3,1.5708929753732284,3,Type 3 specialists
map_500_d08,seed_14.json,,,,normal,14,10000000,False,,498,4,406,6.438075486315588,4,1.8808115814492365,99.59096879847813,4.0,3.5,508.2,1.2891566265060241,1.2891566265060241,71.08433734939759,0.0,123,28.878441589004943,0.0,15.532592031975145,40.06229974546515,0.0006275794760393996,15.526039054078733,1.859215868771693,4.578859617543895,0.0,71.08433734939759,28.91566265060241,0.0,14.457831325301205,28.91566265060241,56.626506024096386,1.3855897198431828,3,1.5605441828205473,3,Type 3 specialists
map_500_d08,seed_15.json,,,,normal,15,10000000,False,,586,3,401,5.2601031887256395,4,1.9350108471214154,100.62106374846833,4.0,3.44,589.54,1.2969283276450512,1.2969283276450512,70.30716723549489,0.0,123,23.94846527972185,0.0,19.020948034793296,38.02020385558226,0.0,19.010382829902593,1.2597139858295017,4.000389202896137,0.0,70.30716723549489,29.69283276450512,0.0,53.24232081911263,31.911262798634812,14.84641638225256,1.4185608810044168,3,1.576254806127879,3,Type 1 specialists
map_500_d08,seed_16.json,,,,normal,16,10000000,False,,760,6,169,5.583673812435417,5,2.0685769999614045,103.27226420016416,4.0,5.9,751.54,1.1960526315789475,1.1960526315789475,80.39473684210526,0.0,123,39.21610599020917,0.00048666727241407175,17.89606790038085,21.307054887885695,3.6704870203863855,17.90979753386549,2.1896994404322263,3.3939743720031905,0.0,80.39473684210526,19.605263157894736,0.0,9.802631578947368,20.526315789473685,69.67105263157895,1.160612712678469,3,1.3728783712841985,3,Type 3 specialists
map_500_d08,seed_17.json,,,,normal,17,10000000,False,,721,6,154,5.740530241967449,4,1.9639184633215376,110.93559921003502,4.0,4.3,741.6,1.0,1.0,100.0,0.0,123,30.331906485887316,0.000483888710744907,30.290054293992146,21.968757362074985,0.0033297629861394084,17.40546820634867,1.7412122647876476,3.9993179771798015,0.0,100.0,0.0,0.0,27.045769764216367,46.87933425797503,26.0748959778086,1.528266871210381,3,1.528266871210381,3,Type 2 specialists
map_500_d08,seed_18.json,,,,normal,18,10000000,False,,521,3,217,7.884627654017569,5,1.892247297602679,98.36558822078537,4.0,3.14,532.76,1.0,1.0,100.0,0.0,123,20.934541473962177,0.0,12.680903279031355,50.30645742899635,3.3951907248583457,12.682907093151771,1.650610646297799,6.23401700771977,0.0,100.0,0.0,0.0,28.023032629558543,33.78119001919386,38.1957773512476,1.573579773478445,3,1.573579773478445,3,Type 3 specialists
map_500_d08,seed_19.json,,,,normal,19,10000000,False,,816,3,157,5.022758674448853,4,1.9672951062111574,94.39714750201568,4.0,3.48,866.28,1.0,1.0,100.0,0.0,123,32.4807223871728,0.0004489149445428965,19.90661674758077,27.699671271309285,0.0004540337010371143,19.912086645291577,1.631428301225372,3.391330373223481,0.0,100.0,0.0,0.0,41.299019607843135,21.323529411764707,37.377450980392155,1.5329756649699138,3,1.5329756649699138,3,Type 1 specialists
map_500_d08,seed_20.json,,,,normal,20,10000000,False,,697,2,242,5.9999822533652605,4,1.918395618709976,93.57841434185424,4.0,2.42,700.06,1.0,1.0,100.0,0.0,12,33.33668047954096,0.0,16.665851955999837,33.33391529924049,0.0008895039049723215,16.662662761313744,2.0001949126335385,3.999787340731722,0.0,100.0,0.0,0.0,28.837876614060256,71.16212338593974,0.0,0.866617772871501,2,0.866617772871501,2,Type 2 specialists
map_500_d08_predation,seed_1.json,,,,predation,1,10000000,False,,750,3,180,5.6106868847548785,4,1.9628419152297552,171.44357858928106,4.0,3.42,716.8,1.0,1.0,100.0,0.0,123,28.706400198767223,0.0,17.823129690540355,21.454704240906842,0.0,32.015765869785575,1.610626231037481,4.000060653717398,0.0,100.0,0.0,0.0,37.86666666666667,20.933333333333334,41.2,1.5298591651995541,3,1.5298591651995541,3,Type 3 specialists
map_500_d08_predation,seed_2.json,,,,predation,2,10000000,False,,686,7,216,5.1964582211129775,4,1.9699342905166206,114.200363348268,4.0,4.46,754.38,1.2332361516034986,1.2332361516034986,76.67638483965014,0.0,123,30.72850196022232,0.08300859059808867,30.71173148600999,19.24243009461607,0.002157124986934367,19.232170743566606,1.5967937663368352,3.5996644547761423,0.0,76.67638483965014,23.323615160349853,0.0,43.440233236151606,11.661807580174926,44.89795918367347,1.4027692541863068,3,1.5341013076926702,3,Type 3 specialists
map_500_d08_predation,seed_3.json,,,,predation,3,10000000,False,,619,2,206,5.0001310313045,4,1.9217931286074394,90.93426768242767,4.0,2.94,612.08,1.0,1.0,100.0,0.0,12,40.0134869856066,0.0,19.986805531509034,19.998797940181802,0.0,20.000909542702562,2.000726779474303,2.9994042518301964,0.0,100.0,0.0,0.0,49.4345718901454,50.5654281098546,0.0,0.999907749531129,2,0.999907749531129,2,Type 2 specialists
map_500_d08_predation,seed_4.json,,,,predation,4,10000000,False,,737,5,170,4.646699485125978,4,1.9611939165641605,98.2302119089134,4.0,4.94,689.4,0.9986431478968792,1.0,99.86431478968792,0.0,123,21.512404337688576,0.0011735918989357176,21.512278181033214,35.46461793542968,0.0,21.509525953949595,0.9996167815975937,3.647082703528385,0.13568521031207598,99.86431478968792,0.0,0.0,40.16282225237449,35.27815468113975,24.423337856173678,1.555544003447846,3,1.5684687263909873,3,Type 1 specialists
map_500_d08_predation,seed_5.json,,,,predation,5,10000000,False,,826,4,141,3.9999767288031047,4,2.0001939643219737,93.52032873418429,4.0,2.44,847.12,1.0,1.0,100.0,0.0,13,25.00018314754348,0.0,25.0086962916651,24.98974339389615,0.001231721068497329,25.00014544582677,1.0000015080598947,2.9999752207432095,0.0,100.0,0.0,0.0,46.48910411622276,0.0,53.51089588377724,0.9964404271967617,2,0.9964404271967617,2,Type 3 specialists
map_500_d08_predation,seed_6.json,,,,predation,6,10000000,False,,503,2,443,5.079347013924107,4,1.9673936886380956,103.86149561313013,4.0,2.68,523.44,1.0,1.0,100.0,0.0,23,30.321577552302088,0.0,19.687570021474848,30.2877963202132,0.0007415280610724986,19.702314577948794,1.5401381439775383,3.539208869946568,0.0,100.0,0.0,0.0,0.0,54.27435387673956,45.72564612326044,0.9947219234271453,2,0.9947219234271453,2,Type 2 specialists
map_500_d08_predation,seed_7.json,,,,predation,7,10000000,False,,975,5,192,5.2652344466564855,4,1.888951226709219,95.32143413344325,4.0,3.76,949.06,1.0,1.0,100.0,0.0,123,43.024802125039436,0.0,18.989793472077878,18.99289779883171,0.0,18.992506604050988,2.265356702093368,2.999877744563118,0.0,100.0,0.0,0.0,27.58974358974359,21.23076923076923,51.17948717948718,1.481811965156578,3,1.481811965156578,3,Type 3 specialists
map_500_d08_predation,seed_8.json,,,,predation,8,10000000,False,,266,1,608,6.0,4,1.9219102823374363,90.85982841930456,4.0,1.62,279.46,1.0,1.0,100.0,0.0,1,33.33333333333333,0.0,16.666666666666664,33.33333333333333,0.03496230067328664,16.631704365993375,2.0,4.0,0.0,100.0,0.0,0.0,100.0,0.0,0.0,-0.0,1,-0.0,1,Type 1 specialists
map_500_d08_predation,seed_9.json,,,,predation,9,10000000,False,,621,4,253,5.669828214741386,4,1.932810185666172,93.00393822493066,4.0,4.02,670.32,1.0,1.0,100.0,0.0,123,35.28384200760175,0.0,17.641443969105588,29.446900044561552,0.0010482791338856064,17.62676569959723,2.0005332293917775,3.669294985349609,0.0,100.0,0.0,0.0,32.2061191626409,35.909822866344605,31.884057971014492,1.5828222015168811,3,1.5828222015168811,3,Type 2 specialists
map_500_d08_predation,seed_10.json,,,,predation,10,10000000,False,,616,4,349,5.000933862219894,4,1.9244579668941655,100.72307164643733,4.0,3.74,648.04,1.3051948051948052,1.3051948051948052,69.48051948051948,0.0,123,39.99253049733811,0.019847681155484204,19.994498839034808,19.995635654235333,0.0012220795672202899,19.996265248669054,1.9999999999999998,3.0009338622198944,0.0,69.48051948051948,30.51948051948052,0.0,43.993506493506494,40.746753246753244,15.25974025974026,1.4628073616263286,3,1.567295763873911,3,Type 1 specialists
map_500_d08_predation,seed_11.json,,,,predation,11,10000000,False,,906,5,170,5.34731891492774,4,1.9534309674041839,86.47060919512938,4.0,4.0,824.48,1.0,1.0,100.0,0.0,123,32.160636187314644,0.001238474207663913,18.698642958694737,30.45518157391754,0.0,18.684300805865405,1.7197317820053717,3.627587132922369,0.0,100.0,0.0,0.0,34.10596026490066,30.794701986754966,35.09933774834437,1.5827395343031667,3,1.5827395343031667,3,Type 3 specialists
map_500_d08_predation,seed_12.json,,,,predation,12,10000000,False,,951,6,166,5.185251211378395,4,1.9596720045068596,94.75884319073455,4.0,5.82,913.26,1.0,1.0,100.0,0.0,123,22.526733507034177,0.3563209173162039,19.268766434399968,38.57093742365358,0.0042546072167464035,19.272987110379315,1.1680677220574724,4.017183489320923,0.0,100.0,0.0,0.0,37.22397476340694,47.3186119873817,15.457413249211356,1.4578801476134622,3,1.4578801476134622,3,Type 2 specialists
map_500_d08_predation,seed_13.json,,,,predation,13,10000000,False,,634,6,187,5.6064346426756195,4,1.9597818332568204,102.80879770193468,4.0,5.18,656.14,1.0,1.0,100.0,0.0,123,34.42750040360546,0.0010461376994661835,22.901919988918642,24.831817340553357,0.0021389939408857543,17.835577135282193,1.930155309235025,3.6762793334405948,0.0,100.0,0.0,0.0,26.971608832807572,32.965299684542586,40.063091482649845,1.5663567760534085,3,1.5663567760534085,3,Type 3 specialists
map_500_d08_predation,seed_14.json,,,,predation,14,10000000,False,,358,1,674,5.000061349693252,4,1.9221101199159312,99.99031312995358,4.0,1.02,342.16,1.0,1.0,100.0,0.0,1,40.000736187286044,0.0012269788100759493,19.99975460423798,19.998527625427908,0.0,19.99975460423798,2.0000613496932518,3.0,0.0,100.0,0.0,0.0,100.0,0.0,0.0,-0.0,1,-0.0,1,Type 1 specialists
map_500_d08_predation,seed_15.json,,,,predation,15,10000000,False,,886,3,151,5.691457534695198,4,1.9005488874770773,92.05867205035652,4.0,3.0,900.14,1.0,1.0,100.0,0.0,123,41.214904144465734,0.0,17.570191711068514,23.644712433397224,0.0,17.570191711068514,2.3457287673475986,3.3457287673475995,0.0,100.0,0.0,0.0,39.27765237020316,26.41083521444695,34.31151241534989,1.5663551627934786,3,1.5663551627934786,3,Type 1 specialists
map_500_d08_predation,seed_16.json,,,,predation,16,10000000,False,,438,3,178,5.374244225883434,4,1.937882166261993,94.42025952514666,4.0,2.22,390.18,1.0,1.0,100.0,0.0,12,37.212550239956045,0.00198478931561851,18.60726751463583,25.564788549823938,0.007069434900309095,18.60633947136827,1.9998933325748096,3.374350893308624,0.0,100.0,0.0,0.0,59.36073059360731,40.63926940639269,0.0,0.9745674657668881,2,0.9745674657668881,2,Type 1 specialists
map_500_d08_predation,seed_17.json,,,,predation,17,10000000,False,,743,2,125,4.999325904225983,4,1.923214733903541,97.86752149227672,4.0,2.88,738.66,1.0,1.0,100.0,0.0,13,39.994172691174164,0.009886433414808469,20.002696746669173,19.998376479026085,0.0,19.99486764971577,1.9994390355307439,2.9998868686952394,0.0,100.0,0.0,0.0,46.02960969044415,0.0,53.97039030955585,0.9954466790050833,2,0.9954466790050833,2,Type 3 specialists
map_500_d08_predation,seed_18.json,,,,predation,18,10000000,False,,803,3,104,4.9994502938169525,4,1.9583513968537245,98.64424855765054,4.0,3.48,757.64,1.0,1.0,100.0,0.0,123,35.162233467966644,0.0019992320771748616,19.991203733998887,24.842364499457005,0.0,20.002199066500285,1.7579183844268613,3.241531909390091,0.0,100.0,0.0,0.0,49.439601494396015,27.770859277708592,22.789539227895393,1.5019674585210978,3,1.5019674585210978,3,Type 1 specialists
map_500_d08_predation,seed_19.json,,,,predation,19,10000000,False,,692,2,160,5.488578613321966,4,1.9367248258101255,73.5570995244634,4.0,2.16,589.54,1.0,1.0,100.0,0.0,13,27.12138638728323,0.0022319224825672218,18.21965340120635,36.43707487993014,0.0,18.21965340909772,1.4885786128888423,4.000000000433124,0.0,100.0,0.0,0.0,51.30057803468208,0.0,48.69942196531792,0.9995118802849009,2,0.9995118802849009,2,Type 1 specialists
map_500_d08_predation,seed_20.json,,,,predation,20,10000000,False,,507,2,210,4.977908465122562,4,1.971970098015004,89.25681551177793,4.0,2.06,495.5,1.455621301775148,1.455621301775148,54.437869822485204,0.0,23,29.91126267257473,0.0,20.08711565604807,29.91286337044732,0.0,20.08875830092989,1.4889552766031424,3.488953188519419,0.0,54.437869822485204,45.562130177514796,0.0,0.0,22.781065088757398,77.2189349112426,0.7741752092459498,2,0.9943098292363108,2,Type 3 specialists
map_500_d09,seed_1.json,,,,normal,1,10000000,False,,579,4,209,5.914427749042554,4,1.9076095774866926,100.27570367579567,4.0,3.3,577.96,1.0,1.0,100.0,0.0,123,27.11095327365365,0.002293183642253247,16.901293314005784,39.07994690203392,0.0,16.905513326664405,1.6034577434469321,4.310970005595622,0.0,100.0,0.0,0.0,31.43350604490501,28.842832469775473,39.72366148531952,1.5712710870798485,3,1.5712710870798485,3,Type 3 specialists
map_500_d09,seed_2.json,,,,normal,2,10000000,False,,397,2,184,6.419786432697654,4,1.8904438810153568,98.93755367942207,4.0,2.02,425.8,1.0,1.0,100.0,0.0,12,31.153684331514146,0.0,15.576842165757073,37.69332673171124,0.0,15.576146771017536,2.0,4.419786432697654,0.0,100.0,0.0,0.0,53.904282115869016,46.095717884130984,0.0,0.9955971984129195,2,0.9955971984129195,2,Type 1 specialists
map_500_d09,seed_3.json,,,,normal,3,10000000,False,,559,5,198,4.957264919515229,4,1.9578731697922063,73.02563720536014,4.0,6.5,600.34,0.998211091234347,1.0,99.82110912343471,0.0,123,23.878973257573612,0.0,20.158647449281148,35.78444074994881,0.019559811042651445,20.15837873215378,1.1837439644381196,3.7735209550771094,0.17889087656529518,99.82110912343471,0.0,0.0,16.99463327370304,37.74597495527728,45.08050089445438,1.483252850654499,3,1.4995796922874924,3,Type 3 specialists
map_500_d09,seed_4.json,,,,normal,4,10000000,False,,529,2,244,7.430514631515649,5,2.1892729733486944,51.64265083117327,4.0,2.8,579.9,1.0,1.0,100.0,0.0,13,26.916460838217926,0.0,17.297182228487024,32.70429926898496,9.624039618579879,13.458018045730219,2.000031560869963,5.430483070645686,0.0,100.0,0.0,0.0,31.19092627599244,0.0,68.80907372400756,0.8953650947550749,2,0.8953650947550749,2,Type 3 specialists
map_500_d09,seed_5.json,,,,normal,5,10000000,False,,710,3,178,5.575846112942299,4,1.9351171798342957,94.37658250019702,4.0,3.66,790.9,1.0,1.0,100.0,0.0,123,35.862839430734915,0.0,17.927527093706633,28.27509826963974,0.00045061552330835484,17.9340845903954,1.999656738389371,3.5761893745529285,0.0,100.0,0.0,0.0,24.788732394366196,30.140845070422536,45.070422535211264,1.5385049463160363,3,1.5385049463160363,3,Type 3 specialists
map_500_d09,seed_6.json,,,,normal,6,10000000,False,,542,4,251,6.316665941701445,4,1.8144481388907336,93.37809755922632,4.0,4.56,572.28,1.0,1.0,100.0,0.0,123,48.25170710668399,0.0,15.82825547029583,20.095079417043703,0.0005885180810998809,15.824369487895382,3.0478991490974434,3.2687667926040023,0.0,100.0,0.0,0.0,37.45387453874539,34.87084870848709,27.675276752767527,1.5735700506882706,3,1.5735700506882706,3,Type 1 specialists
map_500_d09,seed_7.json,,,,normal,7,10000000,False,,285,6,744,7.090861977867112,5,1.9323169920703727,99.83093277084804,4.0,5.7,271.74,1.0,1.0,100.0,0.0,13,35.152877207083364,0.8234611104191844,14.102657802694871,34.53695069597181,0.011787284287236136,15.372265899543539,2.4926420040033883,4.598219973863724,0.0,100.0,0.0,0.0,50.175438596491226,0.0,49.824561403508774,0.9999911191258775,2,0.9999911191258775,2,Type 1 specialists
map_500_d09,seed_8.json,,,,normal,8,10000000,False,,609,3,213,5.480060487429298,5,2.1326936490405055,102.79605991988262,4.0,3.0,597.28,1.0,1.0,100.0,0.0,123,30.141401923573074,0.0,18.247973764046925,28.982584958450374,4.380065589882699,18.247973764046925,1.6517670571709824,3.8282934302583156,0.0,100.0,0.0,0.0,36.45320197044335,27.0935960591133,36.45320197044335,1.5718685164120685,3,1.5718685164120685,3,Type 1 specialists
map_500_d09,seed_9.json,,,,normal,9,10000000,False,,699,3,193,6.000083854628781,4,1.9030187628170179,97.38835753812542,4.0,3.12,712.44,1.0,1.0,100.0,0.0,123,27.37888482562792,0.0,16.666433740397604,39.287362089613595,0.0009371588922850651,16.666382185468585,1.6427560479999102,4.357327806628871,0.0,100.0,0.0,0.0,33.047210300429185,33.76251788268956,33.19027181688126,1.5849006066256504,3,1.5849006066256504,3,Type 2 specialists
map_500_d09,seed_10.json,,,,normal,10,10000000,False,,356,3,394,5.998698700742603,5,2.1939292620750073,98.15896164396607,4.0,2.5,366.6,1.0,1.0,100.0,0.0,23,33.34876346818894,0.0,16.670282170968285,24.638853439629624,8.671818750244862,16.670282170968285,2.000491840879974,3.9982068598626292,0.0,100.0,0.0,0.0,0.0,45.78651685393258,54.21348314606742,0.9948713598079563,2,0.9948713598079563,2,Type 3 specialists
map_500_d09,seed_11.json,,,,normal,11,10000000,False,,583,4,424,6.613422657949758,5,2.1383631102414653,99.42072448966341,4.0,4.18,578.6,1.0,1.0,100.0,0.0,123,30.674910981285127,0.0,20.241594227874486,28.846034476380595,5.11669680484293,15.12076350961686,2.0286615131422288,4.584761144807529,0.0,100.0,0.0,0.0,32.24699828473413,24.013722126929675,43.739279588336196,1.5425451214222805,3,1.5425451214222805,3,Type 3 specialists
map_500_d09,seed_12.json,,,,normal,12,10000000,False,,497,5,285,6.199339054209441,4,1.8870813229431165,104.0817450599486,4.0,3.38,519.66,1.0,1.0,100.0,0.0,123,27.031580098514453,0.0,16.130751863313332,40.71204439756607,0.0,16.125623640606154,1.6757793020171132,4.523559752192328,0.0,100.0,0.0,0.0,49.496981891348085,29.37625754527163,21.12676056338028,1.495193121512229,3,1.495193121512229,3,Type 1 specialists
map_500_d09,seed_13.json,,,,normal,13,10000000,False,,901,5,227,6.232270243643003,4,1.9314503891897608,88.81575819871287,4.0,3.92,905.06,1.0,1.0,100.0,0.0,123,28.67376018913486,0.0010817868448514034,19.461358812520142,35.818281913529745,0.006760490257277584,16.038756807713124,1.7870262240010057,4.445244019641998,0.0,100.0,0.0,0.0,40.95449500554939,33.62930077691454,25.41620421753607,1.5584483349891318,3,1.5584483349891318,3,Type 1 specialists
map_500_d09,seed_14.json,,,,normal,14,10000000,False,,548,5,316,5.837065228080446,5,2.1920851014379594,78.52285794737737,4.0,5.1,523.74,1.0,1.0,100.0,0.0,13,28.01529398010275,0.0,23.349034891367154,25.226184607655455,6.264554257678031,17.14493226319661,1.6352709834570922,4.201794244623354,0.0,100.0,0.0,0.0,35.76642335766423,0.0,64.23357664233576,0.9407272303931737,2,0.9407272303931737,2,Type 3 specialists
map_500_d09,seed_15.json,,,,normal,15,10000000,False,,681,3,297,5.604495256983521,5,2.1012701675968906,86.32300653873493,4.0,3.1,701.28,1.0,1.0,100.0,0.0,123,27.91750887946009,0.0,17.842819989078286,32.80071079212535,3.5961403502579916,17.842819989078286,1.564635461017294,4.039859795966226,0.0,100.0,0.0,0.0,19.08957415565345,44.19970631424376,36.71071953010279,1.5074384335863869,3,1.5074384335863869,3,Type 2 specialists
map_500_d09,seed_16.json,,,,normal,16,10000000,False,,692,3,195,5.908072497791791,5,2.0865538169689066,90.87398618516812,4.0,3.04,644.46,1.0,1.0,100.0,0.0,123,38.22172007209023,0.0,16.925994059378276,23.556559855819543,4.369731953333679,16.925994059378276,2.258166931762127,3.6499055660296635,0.0,100.0,0.0,0.0,42.48554913294798,34.53757225433526,22.976878612716764,1.54191258257964,3,1.54191258257964,3,Type 1 specialists
map_500_d09,seed_17.json,,,,normal,17,10000000,False,,434,5,456,6.96533938203735,4,1.8648182545661955,101.77958407895936,4.0,3.28,438.08,1.0,1.0,100.0,0.0,12,34.23883128937234,0.003954538036932149,14.355488068991235,37.04031363899504,0.0,14.361412464604454,2.3848507997479786,4.580488582289371,0.0,100.0,0.0,0.0,59.90783410138249,40.09216589861751,0.0,0.9714871779166525,2,0.9714871779166525,2,Type 1 specialists
map_500_d09,seed_18.json,,,,normal,18,10000000,False,,588,4,209,6.288480003689795,4,1.9419448154563732,102.77668161203447,4.0,3.74,621.18,1.0,1.0,100.0,0.0,123,31.770492975322707,0.0,20.5276964697325,31.799716576539105,0.0,15.902093978405684,1.9978810978268393,4.2905989058629554,0.0,100.0,0.0,0.0,42.17687074829932,29.25170068027211,28.571428571428573,1.5604418179459942,3,1.5604418179459942,3,Type 1 specialists
map_500_d09,seed_19.json,,,,normal,19,10000000,False,,761,4,156,5.316343044625817,4,1.984159765933346,106.05016222344439,4.0,4.6,718.6,1.0,1.0,100.0,0.0,123,29.323435975741134,0.0,24.742239107557968,27.101640221824468,0.02276231767240877,18.809922377204014,1.5589344489416184,3.757408595684198,0.0,100.0,0.0,0.0,42.57555847568988,30.223390275952696,27.201051248357423,1.5571325214875336,3,1.5571325214875336,3,Type 1 specialists
map_500_d09,seed_20.json,,,,normal,20,10000000,False,,608,4,202,6.641802167697322,5,2.0852775233599266,103.4833412938262,4.0,3.62,579.3,1.0,1.0,100.0,0.0,123,30.108322751287776,0.0,15.0561545609344,34.943571283056976,4.832319127075727,15.059632277645123,1.9997352331523375,4.642066934544984,0.0,100.0,0.0,0.0,32.56578947368421,29.93421052631579,37.5,1.5786344895595616,3,1.5786344895595616,3,Type 3 specialists
map_500_d09_predation,seed_1.json,,,,predation,1,10000000,False,,562,2,444,6.050325687418539,4,1.9153586783879093,102.01249451235427,4.0,2.84,549.32,1.0,1.0,100.0,0.0,23,33.05297256628405,0.0,16.525515476292355,33.89712045040043,0.0,16.52439150702317,1.9998124896332863,4.050513197785253,0.0,100.0,0.0,0.0,0.0,45.55160142348755,54.44839857651245,0.9942827617441442,2,0.9942827617441442,2,Type 3 specialists
map_500_d09_predation,seed_2.json,,,,predation,2,10000000,False,,584,2,234,7.2098882722354825,4,1.9071104764369733,116.05503531099711,4.0,2.24,567.32,1.0,1.0,100.0,0.0,13,38.92635943212888,0.0,25.060810313650034,22.142989803975908,0.0,13.86984045024518,2.8065470235052907,4.403341248730192,0.0,100.0,0.0,0.0,58.04794520547945,0.0,41.95205479452055,0.9812299509025337,2,0.9812299509025337,2,Type 1 specialists
map_500_d09_predation,seed_3.json,,,,predation,3,10000000,False,,669,4,355,6.9990092284563366,4,1.8073535424952822,100.18304825810318,4.0,5.1,617.64,1.3617339312406578,1.3617339312406578,63.82660687593423,0.0,123,47.34877699318758,0.0,14.28773655468597,24.089933532279566,0.0,14.27355291984688,3.3139452713144095,3.685063957141927,0.0,63.82660687593423,36.17339312406577,0.0,18.086696562032884,29.29745889387145,52.615844544095665,1.4525507251300478,3,1.5792823387070185,3,Type 3 specialists
map_500_d09_predation,seed_4.json,,,,predation,4,10000000,False,,1193,3,203,5.000039287799752,4,1.9220509339379102,94.68943504853569,4.0,3.24,1155.38,1.5343959731543624,1.5343959731543624,46.560402684563755,0.0,123,39.99934844404074,0.00033669769107804365,20.000937194528728,19.999175354121547,0.0003355678330542918,19.999866741784842,1.999983137065956,3.0000561507337964,0.0,46.560402684563755,53.439597315436245,0.0,17.869127516778523,8.850671140939598,73.28020134228188,1.0822188359156004,3,1.4861910661666766,3,Generalists
map_500_d09_predation,seed_5.json,,,,predation,5,10000000,False,,514,3,232,5.536714919573339,4,1.935759840970191,82.97908872978769,4.0,3.92,529.72,1.0,1.0,100.0,0.0,23,36.11977082612698,0.0,18.064692999618064,27.760391604092128,0.0,18.055144570162827,1.999848740245871,3.5368661793274683,0.0,100.0,0.0,0.0,0.0,48.249027237354085,51.750972762645915,0.99911518573228,2,0.99911518573228,2,Type 3 specialists
map_500_d09_predation,seed_6.json,,,,predation,6,10000000,False,,1023,4,206,5.000197342288153,4,1.9242672439005484,103.57475410174344,4.0,4.64,1030.78,1.2140762463343109,1.2140762463343109,78.59237536656892,0.0,123,39.9945736096858,0.009270113837077036,19.9895567208918,19.99921066200134,0.008946693796548184,19.998442199787437,1.9998076066909887,3.0003897355971647,0.0,78.59237536656892,21.407624633431084,0.0,42.57086999022483,46.72531769305963,10.703812316715542,1.3824840202282889,3,1.5147408905989102,3,Type 2 specialists
map_500_d09_predation,seed_7.json,,,,predation,7,10000000,False,,861,7,196,5.275040789544575,5,2.217809875162863,90.8717184616071,4.0,4.3,919.94,0.9988385598141696,1.0,99.88385598141696,0.0,123,24.173481992904815,0.00863146826114056,18.953267075844494,29.934018612010743,7.9762366516175245,18.954364199361294,1.2751610353789418,3.9998797541656335,0.11614401858304298,99.88385598141696,0.0,0.0,28.687572590011616,26.713124274099883,44.48315911730546,1.5453873017019808,3,1.556711191861559,3,Type 3 specialists
map_500_d09_predation,seed_8.json,,,,predation,8,10000000,False,,821,2,227,4.635239062387633,5,2.302887189358247,85.01048571726064,4.0,3.36,838.96,1.0,1.0,100.0,0.0,13,21.588703941519537,0.003593865633801705,21.568686420302438,21.56278864664328,13.708639451368521,21.567587674532426,1.000688038160532,3.634551024227101,0.0,100.0,0.0,0.0,34.95736906211937,0.0,65.04263093788063,0.9336867485901359,2,0.9336867485901359,2,Type 3 specialists
map_500_d09_predation,seed_9.json,,,,predation,9,10000000,False,,542,2,282,5.0006575137807205,4,1.9235602872332884,105.0,4.0,1.34,474.64,1.0,1.0,100.0,0.0,3,39.99474058138228,0.01314854654429289,19.99737029069114,19.99737029069114,0.0,19.99737029069114,2.0,3.0006575137807205,0.0,100.0,0.0,0.0,0.0,0.0,100.0,-0.0,1,-0.0,1,Type 3 specialists
map_500_d09_predation,seed_10.json,,,,predation,10,10000000,False,,837,2,215,4.999931212088833,4,1.9708314396510278,95.14905252411486,4.0,2.06,872.82,1.0,1.0,100.0,0.0,12,29.49528962661677,0.0,20.000275155430145,30.504160062522928,0.0,20.000275155430145,1.4747441921372118,3.525187019951621,0.0,100.0,0.0,0.0,50.17921146953405,49.82078853046595,0.0,0.999990733044733,2,0.999990733044733,2,Type 1 specialists
map_500_d09_predation,seed_11.json,,,,predation,11,10000000,False,,694,2,179,5.735998129391208,4,1.9703379481757897,110.38574047529386,4.0,2.1,712.82,1.0,1.0,100.0,0.0,12,30.265909511518274,0.0,23.849621440472525,28.450711619184236,0.0,17.433757428824954,1.736052003423924,3.999946125967284,0.0,100.0,0.0,0.0,65.70605187319885,34.293948126801155,0.0,0.9276038495142656,2,0.9276038495142656,2,Type 1 specialists
map_500_d09_predation,seed_12.json,,,,predation,12,10000000,False,,639,2,217,5.001380416245077,4,1.9230921665761447,102.5802237475374,4.0,3.1,614.18,1.0,1.0,100.0,0.0,12,39.988959718076295,0.006529267378861305,20.002418266307536,20.0095122799334,0.001327640073296099,19.99125282823062,2.0000000000000004,3.0013804162450763,0.0,100.0,0.0,0.0,44.44444444444444,55.55555555555556,0.0,0.9910760598382222,2,0.9910760598382222,2,Type 2 specialists
map_500_d09_predation,seed_13.json,,,,predation,13,10000000,False,,699,3,186,5.450494456348403,4,1.9379246900590281,106.21179811768148,4.0,3.34,718.28,1.0,1.0,100.0,0.0,23,36.693918616328894,0.010216673166954246,26.624552478116005,18.34714365582044,0.00046565886568945266,18.32370291770203,2.000000000000001,3.4504944563484017,0.0,100.0,0.0,0.0,0.0,54.36337625178827,45.63662374821173,0.9944994966533285,2,0.9944994966533285,2,Type 2 specialists
map_500_d09_predation,seed_14.json,,,,predation,14,10000000,False,,1002,4,153,5.220553360771895,4,1.9349488371805121,91.02832459953069,4.0,3.82,975.92,1.0,1.0,100.0,0.0,123,38.30810025205862,0.008275707162904863,23.37702757035967,19.152748830749083,0.0,19.15384763966973,1.9998948151567129,3.2206585456151817,0.0,100.0,0.0,0.0,23.75249500998004,40.818363273453095,35.42914171656687,1.5506251212893785,3,1.5506251212893785,3,Type 2 specialists
map_500_d09_predation,seed_15.json,,,,predation,15,10000000,False,,1094,4,153,5.608369790294668,4,1.9258657594965247,91.61612328328805,4.0,4.46,1112.92,1.0,1.0,100.0,0.0,123,37.773352368689224,0.001278780121145457,17.818164135914476,26.57638985004206,0.00032155984319909634,17.8304933053899,2.1184692830271215,3.489900507267546,0.0,100.0,0.0,0.0,28.97623400365631,19.012797074954296,52.0109689213894,1.4636922611837957,3,1.4636922611837957,3,Type 3 specialists
map_500_d09_predation,seed_16.json,,,,predation,16,10000000,False,,540,3,150,6.1432519601830435,5,2.115499862317609,97.39552377109517,4.0,2.14,531.56,1.0,1.0,100.0,0.0,12,38.760574557269926,6.204527483784628,16.27736980085764,22.48255102052727,0.0,16.27497713756053,2.381159756267695,3.762092203915348,0.0,100.0,0.0,0.0,35.0,65.0,0.0,0.934068055375491,2,0.934068055375491,2,Type 2 specialists
map_500_d09_predation,seed_17.json,,,,predation,17,10000000,False,,185,1,421,5.000535002746321,4,1.9224611572633132,103.10546443570158,4.0,1.1,227.1,1.0,1.0,100.0,0.0,2,20.00503527608893,0.0,19.997860217972573,39.995720435945145,0.003523852020788117,19.997860217972573,1.000358791292576,4.000176211453745,0.0,100.0,0.0,0.0,0.0,100.0,0.0,-0.0,1,-0.0,1,Type 2 specialists
map_500_d09_predation,seed_18.json,,,,predation,18,10000000,False,,762,4,110,5.559682918765649,5,2.2380369734348298,114.87953407914569,4.0,4.28,755.5,1.0,1.0,100.0,0.0,123,17.986118175839284,0.0008395208976028686,17.97318573251097,30.336110891595432,10.09496918687488,23.608776492281827,0.9999711399711403,4.559711778794509,0.0,100.0,0.0,0.0,25.853018372703414,31.10236220472441,43.044619422572175,1.5520547781278036,3,1.5520547781278036,3,Type 3 specialists
map_500_d09_predation,seed_19.json,,,,predation,19,10000000,False,,978,3,94,5.438156266554216,4,1.9099774986340892,97.50621434182716,4.0,3.4,940.04,1.3486707566462168,1.3486707566462168,65.13292433537832,0.0,123,40.80700552744445,0.0007520964522712629,18.390191926330466,22.417626160252745,0.00042321254843975754,18.38400107697162,2.219148728283846,3.2190075382703704,0.0,65.13292433537832,34.86707566462168,0.0,23.824130879345603,58.74233128834356,17.43353783231084,1.383241141063419,3,1.549927940705388,3,Type 2 specialists
map_500_d09_predation,seed_20.json,,,,predation,20,10000000,False,,800,3,126,5.437329005900729,4,1.936790027464137,84.91562587942312,4.0,2.14,765.1,1.0,1.0,100.0,0.0,12,26.436820595168818,0.00046384320189224784,18.38954496332708,36.78178764327457,0.0,18.391382955027634,1.4374569144590519,3.9998720914416768,0.0,100.0,0.0,0.0,41.0,59.0,0.0,0.976500468757824,2,0.976500468757824,2,Type 2 specialists
map_500_d10,seed_1.json,,,,normal,1,10000000,False,,495,8,396,5.6277431299334015,4,1.9121795646501463,101.75205419800523,4.0,9.4,496.58,1.3252525252525253,1.3252525252525253,67.47474747474747,0.0,123,40.92624610731054,0.0,17.794917779823606,23.438100417382106,0.0784743069575123,17.76226138852623,2.3032240036438054,3.324519126289596,0.0,67.47474747474747,32.525252525252526,0.0,49.5959595959596,34.14141414141414,16.262626262626263,1.4572359664130872,3,1.5846798514140383,3,Type 1 specialists
map_500_d10,seed_2.json,,,,normal,2,10000000,False,,431,4,280,6.969690770782059,5,2.203926519947441,97.5003091713578,4.0,4.48,465.06,1.0,1.0,100.0,0.0,123,33.18207614512259,0.0,19.05713382013495,23.760088477314962,9.642275443940571,14.35842611348693,2.3126880986404843,4.657002672141575,0.0,100.0,0.0,0.0,31.322505800464036,35.03480278422274,33.64269141531322,1.5834325990145863,3,1.5834325990145863,3,Type 2 specialists
map_500_d10,seed_3.json,,,,normal,3,10000000,False,,648,5,176,4.91018791596744,4,1.9883583233685531,95.54771495443566,4.0,4.92,665.68,1.0,1.0,100.0,0.0,23,38.12019065880051,0.0,20.35518908750184,20.365819335510565,0.7941512406520814,20.364649677534995,1.8717729952721718,3.0384149206952684,0.0,100.0,0.0,0.0,0.0,54.01234567901235,45.98765432098765,0.9953498358490702,2,0.9953498358490702,2,Type 2 specialists
map_500_d10,seed_4.json,,,,normal,4,4891559,True,4891559,0,0,486,5.76,4,1.9182958340544896,92.18792571644042,3.84,0.96,7.76,,,,,,33.33333333333333,0.0,16.666666666666664,33.33333333333333,0.0,16.666666666666664,1.92,3.8400000000000003,,,,,,,,,,,,No diet / mouth
map_500_d10,seed_5.json,,,,normal,5,10000000,False,,775,4,161,5.822599974605607,5,2.061702906342254,96.89422396604094,4.0,3.34,778.58,1.273548387096774,1.273548387096774,72.64516129032258,0.0,123,24.931535409393835,0.0,17.179279391312047,37.530905570760595,3.185224860882669,17.173054767650843,1.4516635744161535,4.3709364001894535,0.0,72.64516129032258,27.35483870967742,0.0,13.806451612903226,20.0,66.19354838709677,1.2527875280727634,3,1.4763046191535127,3,Type 3 specialists
map_500_d10,seed_6.json,,,,normal,6,10000000,False,,492,6,275,6.60753017179017,4,1.921693740204592,117.49791037022733,4.0,6.26,503.54,1.0,1.0,100.0,0.0,123,37.86889123682838,0.0,25.48726569672392,21.62476988324538,0.0,15.019073183202305,2.5021984141958393,4.105331757594331,0.0,100.0,0.0,0.0,30.691056910569106,31.504065040650406,37.80487804878049,1.578526827856135,3,1.578526827856135,3,Type 3 specialists
map_500_d10,seed_7.json,,,,normal,7,10000000,False,,710,6,250,6.000223551433516,4,1.9152069008704171,80.76869020715391,4.0,3.96,690.0,1.0,1.0,100.0,0.0,123,36.846424455050716,0.0,16.668842314026318,29.80007765112134,0.018609866203341496,16.666045713598287,2.2108678380131117,3.789355713420404,0.0,100.0,0.0,0.0,21.549295774647888,50.563380281690144,27.887323943661972,1.48839701319456,3,1.48839701319456,3,Type 2 specialists
map_500_d10,seed_8.json,,,,normal,8,10000000,False,,692,3,167,5.353250705529057,4,1.94383273566508,101.0456331600447,4.0,3.12,686.3,1.0,1.0,100.0,0.0,123,21.97881353192063,0.0,21.979357352546923,37.360477026310726,0.0011135760663579944,18.680238513155363,1.1765809904644569,4.1766697150646,0.0,100.0,0.0,0.0,38.29479768786127,44.94219653179191,16.76300578034682,1.480790986957802,3,1.480790986957802,3,Type 2 specialists
map_500_d10,seed_9.json,,,,normal,9,10000000,False,,886,4,192,5.527555991335748,4,1.890625105026732,90.98125688322048,4.0,3.54,875.54,1.2686230248306998,1.2686230248306998,73.13769751693002,0.0,123,42.706622037803015,0.00042023642552004785,18.089898172611,21.107298565152345,0.000817680366944093,18.094943307641177,2.3606324451476937,3.166923546188054,0.0,73.13769751693002,26.86230248306998,0.0,18.848758465011286,13.43115124153499,67.72009029345372,1.2236085488548596,3,1.4416100467899535,3,Type 3 specialists
map_500_d10,seed_10.json,,,,normal,10,10000000,False,,407,3,243,6.554102760671565,5,2.1404110432698094,120.88605912944173,4.0,2.8,424.84,1.0,1.0,100.0,0.0,23,30.527294315338736,0.0,32.15432889907127,15.25761857138681,6.80313964281638,15.25761857138681,2.00079023947995,4.553312521191615,0.0,100.0,0.0,0.0,0.0,44.71744471744472,55.28255528255528,0.9919331598436523,2,0.9919331598436523,2,Type 3 specialists
map_500_d10,seed_11.json,,,,normal,11,10000000,False,,488,3,637,6.6321227167076815,5,2.081182059055626,86.74588967900361,4.0,2.24,525.42,1.0,1.0,100.0,0.0,23,24.616690966934883,0.0,15.078128718589518,39.6948196855244,5.5395664702441385,15.070794158707063,1.6326091537198162,4.9995135629878655,0.0,100.0,0.0,0.0,0.0,58.81147540983606,41.18852459016394,0.977479800917626,2,0.977479800917626,2,Type 2 specialists
map_500_d10,seed_12.json,,,,normal,12,10000000,False,,832,4,382,5.632539628766737,4,1.9337434421326636,91.2808559668295,4.0,3.24,809.46,1.0,1.0,100.0,0.0,123,35.50838567824718,0.0,17.755682293469004,28.985013961915318,0.0,17.750918066368502,2.0000238948626046,3.6325157339041323,0.0,100.0,0.0,0.0,21.634615384615383,36.53846153846154,41.82692307692308,1.534516811913269,3,1.534516811913269,3,Type 3 specialists
map_500_d10,seed_13.json,,,,normal,13,10000000,False,,297,2,767,6.999884909304274,4,1.8635345690473994,89.2619196258103,4.0,2.32,321.16,1.0,1.0,100.0,0.0,23,35.70856121456891,0.0028860721495411784,14.283967270395461,35.71863627433909,0.0,14.28594916854699,2.4995581877882884,4.500326721515986,0.0,100.0,0.0,0.0,0.0,55.89225589225589,44.10774410774411,0.9899589901442153,2,0.9899589901442153,2,Type 2 specialists
map_500_d10,seed_14.json,,,,normal,14,10000000,False,,734,5,390,5.330846673414078,4,1.9362161322328924,105.46266915599321,4.0,3.44,674.36,1.0,1.0,100.0,0.0,23,37.517492483405526,0.0,24.97271840312669,18.752576284264343,0.0,18.75721282920344,2.0,3.3308466734140776,0.0,100.0,0.0,0.0,0.0,64.03269754768392,35.967302452316076,0.9424114403143551,2,0.9424114403143551,2,Type 2 specialists
map_500_d10,seed_15.json,,,,normal,15,10000000,False,,756,4,545,4.865912176143266,5,2.148624935856898,103.91363555646461,4.0,3.84,713.76,1.197089947089947,1.197089947089947,80.29100529100529,0.0,123,24.72436290146031,0.0,20.548738699837887,30.020756561486415,4.160795437512787,20.545346399702588,1.2030657848960058,3.66284639124726,0.0,80.29100529100529,19.70899470899471,0.0,9.854497354497354,32.407407407407405,57.73809523809524,1.3137787091756872,3,1.4973262658498925,3,Type 3 specialists
map_500_d10,seed_16.json,,,,normal,16,10000000,False,,318,3,683,7.042009199757546,4,1.8537748087991415,90.44794447709376,4.0,3.2,330.66,1.2106918238993711,1.2106918238993711,78.93081761006289,0.0,13,31.54179397178842,0.0,14.205864993267852,40.05089531504333,0.0009530531991074687,14.200492666701292,2.2211760332619113,4.820833166495634,0.0,78.93081761006289,21.069182389937108,0.0,10.534591194968554,0.0,89.46540880503144,0.4857162083769405,2,0.7428030565349386,2,Type 3 specialists
map_500_d10,seed_17.json,,,,normal,17,8796706,True,8796706,0,0,925,7.68,4,1.9056390622295662,171.1152586643233,3.84,0.96,13.7,,,,,,24.999999999999996,0.0,12.499999999999998,37.50000000000001,0.0,24.999999999999996,1.9199999999999997,5.76,,,,,,,,,,,,No diet / mouth
map_500_d10,seed_18.json,,,,normal,18,10000000,False,,575,3,343,5.470611116548185,4,1.9383566111503556,85.67526630058427,4.0,2.58,543.24,1.0,1.0,100.0,0.0,23,26.869733864947676,0.014855747803086548,18.280207479470757,36.55771708152464,0.0,18.277485826253848,1.4699386478027399,4.000672468745445,0.0,100.0,0.0,0.0,0.0,44.34782608695652,55.65217391304348,0.990762290591799,2,0.990762290591799,2,Type 3 specialists
map_500_d10,seed_19.json,,,,normal,19,10000000,False,,952,3,344,4.5628904992964054,4,1.9894652042251122,100.13939531678604,4.0,3.62,984.66,1.0,1.0,100.0,0.0,123,28.081462394237743,0.0,21.917451489366847,28.084126845003237,0.003262385073510738,21.913696886318657,1.2813263796501668,3.2815641196462386,0.0,100.0,0.0,0.0,32.35294117647059,26.57563025210084,41.07142857142857,1.5620674222587159,3,1.5620674222587159,3,Type 3 specialists
map_500_d10,seed_20.json,,,,normal,20,10000000,False,,288,4,751,6.902280577377613,4,1.9037412034669547,112.27868227170323,4.0,4.88,288.58,1.0,1.4444444444444444,100.0,44.44444444444444,23,40.09114153796728,0.0009991700057429634,22.735669133159263,22.71897498696536,0.0,14.453215171902364,2.7672030756240837,4.135077501753528,0.0,100.0,0.0,0.0,0.0,44.44444444444444,55.55555555555556,0.9910760598382222,2,0.9910760598382222,2,Type 3 specialists
map_500_d10_predation,seed_1.json,,,,predation,1,10000000,False,,707,3,202,4.547711694309757,4,1.9906191049614006,65.57447374437727,4.0,2.74,621.12,1.0,1.0,100.0,0.0,23,28.005669539708762,0.0039581836595391166,21.98718994411507,28.013665946984727,0.0039581836595391166,21.985558201872376,1.2736171087270807,3.2740945855826764,0.0,100.0,0.0,0.0,0.0,28.712871287128714,71.2871287128713,0.8649832752018336,2,0.8649832752018336,2,Type 3 specialists
map_500_d10_predation,seed_2.json,,,,predation,2,10000000,False,,477,2,302,5.725717571007665,4,1.9572661879586368,145.8046781747471,4.0,2.72,441.62,1.0,1.0,100.0,0.0,23,34.92852819685413,0.014202355276103513,23.80320502183794,17.464241803608992,0.0,23.78982262242283,1.9999088762616435,3.7258086947460214,0.0,100.0,0.0,0.0,0.0,30.39832285115304,69.60167714884696,0.8861056043087725,2,0.8861056043087725,2,Type 3 specialists
map_500_d10_predation,seed_3.json,,,,predation,3,10000000,False,,1048,5,157,4.999742808855499,4,1.9601647962320097,98.37573170465932,4.0,3.6,972.88,1.0,1.0,100.0,0.0,123,25.231047386553847,0.0,19.996389286924952,34.773180681693255,0.0015315903801871793,19.997851054447764,1.2614874773081493,3.7382553315473506,0.0,100.0,0.0,0.0,25.858778625954198,43.12977099236641,31.01145038167939,1.5516677999237054,3,1.5516677999237054,3,Type 2 specialists
map_500_d10_predation,seed_4.json,,,,predation,4,10000000,False,,311,1,498,6.99992277992278,4,1.8423193195805418,101.20727110340708,4.0,1.08,266.94,1.0,1.0,100.0,0.0,2,42.86089977895976,0.0,14.282587738828639,28.570640602764506,0.0,14.285871879447095,3.000229887307277,3.9996928926155033,0.0,100.0,0.0,0.0,0.0,100.0,0.0,-0.0,1,-0.0,1,Type 2 specialists
map_500_d10_predation,seed_5.json,,,,predation,5,10000000,False,,701,10,207,7.1864394391767465,4,1.9210798876499562,132.3383794612022,4.0,6.44,759.92,1.181169757489301,1.181169757489301,81.8830242510699,0.0,123,30.474085283395492,0.0034019910265349258,34.6611491465316,20.94626684075734,0.0,13.91509673828904,2.1900016835342906,4.996437755642456,0.0,81.8830242510699,18.1169757489301,0.0,9.05848787446505,49.35805991440799,41.58345221112696,1.3430338669488773,3,1.4763187863473808,3,Type 2 specialists
map_500_d10_predation,seed_6.json,,,,predation,6,10000000,False,,565,3,310,6.000769344919454,4,1.9043127426677178,113.6293221848603,4.0,4.52,668.4,1.6283185840707965,1.6283185840707965,37.16814159292036,0.0,123,39.14121379512003,0.004576524998760423,27.513905618643225,16.665010810247754,0.0,16.67529325099023,2.348773958646947,3.6519953862725067,0.0,37.16814159292036,62.83185840707964,0.0,31.41592920353982,31.41592920353982,37.16814159292036,1.5802729691272197,3,0.9519543850564235,2,Generalists
map_500_d10_predation,seed_7.json,,,,predation,7,1249547,True,1249547,0,0,751,6.72,4,1.8423709931771084,120.96,3.84,0.96,8.16,,,,,,14.285714285714285,0.0,28.57142857142857,42.85714285714286,0.0,14.285714285714285,0.96,5.76,,,,,,,,,,,,No diet / mouth
map_500_d10_predation,seed_8.json,,,,predation,8,10000000,False,,375,3,362,5.679719535016045,4,1.932463153885277,88.69323704380467,4.0,2.46,419.66,1.0,1.0,100.0,0.0,12,35.218444995441025,0.0,17.620758250844183,29.559732238084052,0.0,17.60106451563074,2.0003089003349444,3.679410634681101,0.0,100.0,0.0,0.0,38.4,61.6,0.0,0.9608181753171039,2,0.9608181753171039,2,Type 2 specialists
map_500_d10_predation,seed_9.json,,,,predation,9,10000000,False,,347,1,624,6.000170638671518,4,1.9187342369848095,84.04140994989872,4.0,1.14,346.26,1.0,1.0,100.0,0.0,2,33.33238536767372,0.0028708939796499304,16.66807321707675,33.33047783743302,0.0,16.66619268383686,2.0,4.000170638671518,0.0,100.0,0.0,0.0,0.0,100.0,0.0,-0.0,1,-0.0,1,Type 2 specialists
map_500_d10_predation,seed_10.json,,,,predation,10,10000000,False,,674,2,283,5.306731605353537,4,1.9359041317138068,102.09905771350812,4.0,2.04,653.78,1.0,1.0,100.0,0.0,23,37.687981016080776,0.0,18.844566776863267,24.624038850332802,0.0,18.843413356723147,1.9999999999999998,3.3067316053535376,0.0,100.0,0.0,0.0,0.0,33.67952522255193,66.32047477744807,0.9217189160720948,2,0.9217189160720948,2,Type 3 specialists
map_500_d10_predation,seed_11.json,,,,predation,11,10000000,False,,502,4,329,4.520609872880845,4,1.9737640768351248,90.36741160559976,4.0,2.36,571.02,1.0,1.0,100.0,0.0,23,22.120909083506714,0.003531749098464983,22.110330972095987,33.63501733503112,0.0007654293800521351,22.129445430887657,1.0000000000000002,3.5206098728808453,0.0,100.0,0.0,0.0,0.0,41.235059760956176,58.764940239043824,0.9777182795366777,2,0.9777182795366777,2,Type 3 specialists
map_500_d10_predation,seed_12.json,,,,predation,12,10000000,False,,858,4,208,5.215530773004097,4,1.9754768643122116,102.96600134440072,4.0,3.36,899.28,1.0,1.0,100.0,0.0,123,31.983072495031344,0.0,25.537439425407914,23.311716113991295,0.0,19.16777196556945,1.668086988130569,3.5474437848735287,0.0,100.0,0.0,0.0,33.333333333333336,43.82284382284382,22.843822843822842,1.5365217862221656,3,1.5365217862221656,3,Type 2 specialists
map_500_d10_predation,seed_13.json,,,,predation,13,10000000,False,,445,2,332,6.984074189742968,5,2.1285600423630657,103.41052932752065,4.0,2.24,491.16,1.0,1.0,100.0,0.0,12,42.842510889885496,0.0017102877552022772,14.313267932473789,14.318290052941189,14.206560159390074,14.317660677554247,2.9921527452983128,3.991921444444655,0.0,100.0,0.0,0.0,50.561797752808985,49.438202247191015,0.0,0.9999089303498085,2,0.9999089303498085,2,Type 1 specialists
map_500_d10_predation,seed_14.json,,,,predation,14,10000000,False,,753,3,214,6.678124406112875,4,1.7821776235970495,111.30322697600215,4.0,3.26,801.8,1.2722443559096945,1.2722443559096945,72.77556440903055,0.0,123,50.25357685464271,0.0015063936705379118,19.79600452415353,14.973885221859137,0.0003790952991685645,14.974647910374905,3.355996380874586,3.3221280252382894,0.0,72.77556440903055,27.224435590969456,0.0,13.612217795484728,32.40371845949535,53.98406374501992,1.3985678575694698,3,1.566116552878023,3,Type 3 specialists
map_500_d10_predation,seed_15.json,,,,predation,15,10000000,False,,273,1,674,5.0,4,1.9219280948873623,105.0,4.0,1.0,252.52,1.0,1.0,100.0,0.0,2,20.0,0.0,20.0,40.0,0.0,20.0,1.0,4.0,0.0,100.0,0.0,0.0,0.0,100.0,0.0,-0.0,1,-0.0,1,Type 2 specialists
map_500_d10_predation,seed_16.json,,,,predation,16,10000000,False,,385,3,222,5.001923101898501,5,2.2519983447386314,94.28504973662719,4.0,3.02,356.36,1.0,1.0,100.0,0.0,13,29.631877085597264,10.352744014253139,19.99231054992521,20.03075780029917,0.0,19.99231054992521,1.4821637054706578,3.5197593964278426,0.0,100.0,0.0,0.0,45.97402597402598,0.0,54.02597402597402,0.9953181583406073,2,0.9953181583406073,2,Type 3 specialists
map_500_d10_predation,seed_17.json,,,,predation,17,10000000,False,,350,1,214,5.999753071130044,4,1.9183095504458847,95.55848112642836,4.0,1.1,334.26,1.0,1.0,100.0,0.0,2,33.33470521684825,0.0,16.667352608424125,33.330589566303516,0.0,16.667352608424125,1.9999999999999998,3.999753071130044,0.0,100.0,0.0,0.0,0.0,100.0,0.0,-0.0,1,-0.0,1,Type 2 specialists
map_500_d10_predation,seed_18.json,,,,predation,18,10000000,False,,489,2,141,6.492853334461846,4,1.8334715491285882,101.78794741994363,4.0,2.74,472.74,1.0,1.0,100.0,0.0,23,46.2054203457346,0.0,15.393298939406696,23.01479546194986,0.0,15.38648525290885,3.000050175620141,3.4928031588417046,0.0,100.0,0.0,0.0,0.0,49.284253578732105,50.715746421267895,0.9998521784545533,2,0.9998521784545533,2,Type 3 specialists
map_500_d10_predation,seed_19.json,,,,predation,19,10000000,False,,695,3,329,5.3346220370612265,4,1.9362933917121277,99.90124920495975,4.0,3.08,646.24,1.0,1.0,100.0,0.0,123,18.745470495429647,0.0,25.018118018281406,37.49094099085929,0.0,18.745470495429647,1.0000000000000002,4.3346220370612265,0.0,100.0,0.0,0.0,31.798561151079138,33.81294964028777,34.388489208633096,1.5841567716746392,3,1.5841567716746392,3,Type 3 specialists
map_500_d10_predation,seed_20.json,,,,predation,20,10000000,False,,569,5,377,5.577938885308681,4,1.938060208379004,92.46039356305104,4.0,7.36,562.2,1.6028119507908611,1.6028119507908611,39.71880492091388,0.0,123,28.319934938744602,0.011352289285557189,35.792366578842945,17.921730076914933,0.010136798206491549,17.94447931800548,1.5796686632423542,3.9982702220663264,0.0,39.71880492091388,60.28119507908612,0.0,17.223198594024606,69.85940246045695,12.917398945518453,1.1799564160991638,3,1.563189219031786,3,Generalists
rand_500_r025_e0448_n2,seed_1.json,25,448,2,normal,1,10000000,False,,206,2,1329,6.0,4,1.8991008382679533,85.61528575038048,4.0,2.4,237.3,1.3155339805825244,1.3155339805825244,68.44660194174757,0.0,12,39.96728346761418,0.0,16.685921699133274,26.702214534620396,0.0,16.64458029863216,2.3980370080568507,3.6019629919431493,0.0,68.44660194174757,31.553398058252426,0.0,84.22330097087378,15.776699029126213,0.0,0.6289406225921843,2,0.8994585440032211,2,Type 1 specialists
rand_500_r025_e0448_n2,seed_2.json,25,448,2,normal,2,219544,True,219544,0,0,1224,4.804605865034908,4,1.9310800000922077,100.8,3.84,1.18,22.86,,,,,,39.96165458591784,0.0958635352053913,19.98082729295892,19.98082729295892,0.0,19.98082729295892,1.9200000000000002,2.884605865034908,,,,,,,,,,,,No diet / mouth
rand_500_r025_e0448_n2,seed_3.json,25,448,2,normal,3,563714,True,563714,0,0,1877,4.8,4,1.9219280948873623,100.8,3.84,0.96,8.72,,,,,,40.0,0.0,20.0,20.0,0.0,20.0,1.92,2.88,,,,,,,,,,,,No diet / mouth
rand_500_r025_e0448_n2,seed_4.json,25,448,2,normal,4,10000000,False,,122,2,1785,7.378021574762458,5,2.0404646364351744,75.93212289430295,4.0,2.6,131.76,1.0,2.0,100.0,100.0,1,40.661306958791165,5.185753264483125,13.49163281793456,27.107537972527435,0.0,13.553768986263718,3.000000000000001,4.378021574762457,0.0,100.0,0.0,0.0,100.0,0.0,0.0,-0.0,1,-0.0,1,Type 1 specialists
rand_500_r025_e0448_n2,seed_5.json,25,448,2,normal,5,892596,True,892596,0,0,1345,4.8,4,1.9219280948873623,98.88285714285713,3.84,0.96,10.38,,,,,,40.0,0.0,20.0,20.0,0.0,20.0,1.92,2.88,,,,,,,,,,,,No diet / mouth
rand_500_r025_e0448_n2,seed_6.json,25,448,2,normal,6,10000000,False,,206,1,938,8.0,4,1.75,103.24101919839863,4.0,1.0,219.36,2.0,2.0,0.0,0.0,13,50.0,0.0,12.5,25.0,0.0,12.5,4.0,4.0,0.0,0.0,100.0,0.0,50.0,0.0,50.0,1.0,2,-0.0,1,Generalists
rand_500_r025_e0448_n2,seed_7.json,25,448,2,normal,7,1019422,True,1019422,0,0,1514,4.790540458650742,4,1.9211269702734521,82.30240308584243,3.84,1.28,21.84,,,,,,40.07898517030308,0.0,19.84202965939384,20.03949258515154,0.0,20.03949258515154,1.92,2.870540458650742,,,,,,,,,,,,No diet / mouth
rand_500_r025_e0448_n2,seed_8.json,25,448,2,normal,8,10000000,False,,295,3,754,5.999856068548647,4,1.9183038296078052,90.28964920942332,4.0,3.04,288.2,1.0,1.0,100.0,0.0,13,33.33173405662062,0.0,16.66706648584485,33.3341329716897,0.0,16.66706648584485,1.9998560685486482,3.9999999999999987,0.0,100.0,0.0,0.0,67.79661016949153,0.0,32.20338983050848,0.906579548498746,2,0.906579548498746,2,Type 1 specialists
rand_500_r025_e0448_n2,seed_9.json,25,448,2,normal,9,488373,True,488373,0,0,755,6.72,5,2.235926350629033,100.71762204719946,3.84,0.96,10.44,,,,,,28.571428571428577,14.285714285714288,14.285714285714288,28.571428571428577,0.0,14.285714285714288,1.9200000000000002,4.799999999999999,,,,,,,,,,,,No diet / mouth
rand_500_r025_e0448_n2,seed_10.json,25,448,2,normal,10,537414,True,537414,0,0,803,4.8,4,1.9219280948873623,98.6675739881034,3.84,0.96,9.9,,,,,,40.0,0.0,20.0,20.0,0.0,20.0,1.92,2.88,,,,,,,,,,,,No diet / mouth
rand_500_r025_e0448_n2,seed_11.json,25,448,2,normal,11,10000000,False,,208,2,633,7.405749203785839,4,1.9395896603955571,227.78049501111968,4.0,2.62,200.98,1.0,1.0,100.0,0.0,2,32.46632637527203,0.019951709869633898,27.006045505532306,13.50990534284289,0.0,26.99777106648314,2.4043747070352204,5.0013744967506195,0.0,100.0,0.0,0.0,0.0,100.0,0.0,-0.0,1,-0.0,1,Type 2 specialists
rand_500_r025_e0448_n2,seed_12.json,25,448,2,normal,12,10000000,False,,247,2,735,6.358466319748277,4,1.952199870478014,100.18442642303326,4.0,2.02,257.54,1.0,1.0,100.0,0.0,13,31.454125876052103,0.0,29.97099924604971,22.849031092037873,0.0,15.725843785860313,2.0000000000000004,4.358466319748277,0.0,100.0,0.0,0.0,54.25101214574899,0.0,45.74898785425101,0.9947794814864683,2,0.9947794814864683,2,Type 1 specialists
rand_500_r025_e0448_n2,seed_13.json,25,448,2,normal,13,817479,True,817479,0,0,718,4.787564102564103,4,1.940880401890645,97.85346153846153,3.84,1.12,9.24,,,,,,40.103901668318024,0.0,20.051950834159012,19.79219666336395,0.25975417079506186,19.79219666336395,1.92,2.8675641025641028,,,,,,,,,,,,No diet / mouth
rand_500_r025_e0448_n2,seed_14.json,25,448,2,normal,14,1497719,True,1497719,0,0,771,5.76,4,1.9182958340544896,100.8,3.84,0.96,14.54,,,,,,33.33333333333333,0.0,16.666666666666664,33.33333333333333,0.0,16.666666666666664,1.92,3.8400000000000003,,,,,,,,,,,,No diet / mouth
rand_500_r025_e0448_n2,seed_15.json,25,448,2,normal,15,10000000,False,,186,1,1135,7.99953164985566,4,1.8114424917557823,146.03214526949898,4.0,1.14,178.56,2.0,2.0,0.0,0.0,13,37.50074194636584,0.0014535734697610685,37.5021955198356,12.502128569759716,0.0,12.493480390569085,2.999883720930233,4.999647928925428,0.0,0.0,100.0,0.0,50.0,0.0,50.0,1.0,2,-0.0,1,Generalists
rand_500_r025_e0448_n2,seed_16.json,25,448,2,normal,16,627052,True,627052,0,0,610,5.372296703296703,4,1.934635961837498,100.8,3.84,1.46,4.02,,,,,,35.73890471875455,0.0,17.869452359377274,28.522190562490923,0.0,17.869452359377274,1.9200000000000002,3.452296703296703,,,,,,,,,,,,No diet / mouth
rand_500_r025_e0448_n2,seed_17.json,25,448,2,normal,17,946889,True,946889,0,0,1414,5.76,4,1.9182958340544896,100.8,3.84,0.96,8.4,,,,,,33.33333333333333,0.0,16.666666666666664,33.33333333333333,0.0,16.666666666666664,1.92,3.8400000000000003,,,,,,,,,,,,No diet / mouth
rand_500_r025_e0448_n2,seed_18.json,25,448,2,normal,18,10000000,False,,123,1,2156,3.9996639482564684,4,1.9999999948676286,88.67285423367201,4.0,1.04,120.66,1.0,1.0,100.0,0.0,3,24.997635839062692,0.0,25.002100499866238,25.002100499866238,0.0,24.998163161204843,0.9998214285714289,2.9998425196850396,0.0,100.0,0.0,0.0,0.0,0.0,100.0,-0.0,1,-0.0,1,Type 3 specialists
rand_500_r025_e0448_n2,seed_19.json,25,448,2,normal,19,10000000,False,,167,2,1189,6.999396049651539,5,2.235877012077226,126.0,4.0,1.1,189.14,1.0,1.0,100.0,0.0,1,28.57389388759576,14.28694694379788,28.57389388759576,14.278318337212722,0.0,14.28694694379788,2.0,4.999396049651539,0.0,100.0,0.0,0.0,100.0,0.0,0.0,-0.0,1,-0.0,1,Type 1 specialists
rand_500_r025_e0448_n2,seed_20.json,25,448,2,normal,20,127507,True,127507,0,0,889,5.76,4,1.9182958340544896,100.8,3.84,0.96,19.34,,,,,,33.33333333333333,0.0,16.666666666666664,33.33333333333333,0.0,16.666666666666664,1.92,3.8400000000000003,,,,,,,,,,,,No diet / mouth
rand_500_r025_e0448_n2_predation,seed_1.json,25,448,2,predation,1,605111,True,605111,0,0,605,3.8355321277816183,4,2.015221897518691,93.25600175373685,3.84,2.0,37.94,,,,,,25.029121592972853,0.17829016548604873,24.654084925427135,25.287671888627163,0.0,24.850831427486803,0.9600000000000002,2.875532127781618,,,,,,,,,,,,No diet / mouth
rand_500_r025_e0448_n2_predation,seed_2.json,25,448,2,predation,2,138144,True,138144,0,0,1153,3.84,4,2.0,82.54733333333334,3.84,0.96,3.46,,,,,,25.0,0.0,25.0,25.0,0.0,25.0,0.96,2.88,,,,,,,,,,,,No diet / mouth
rand_500_r025_e0448_n2_predation,seed_3.json,25,448,2,predation,3,253501,True,253501,0,0,2362,3.84,3,1.5,100.8,3.84,0.96,13.34,,,,,,50.0,0.0,25.0,0.0,0.0,25.0,1.92,1.92,,,,,,,,,,,,No diet / mouth
rand_500_r025_e0448_n2_predation,seed_4.json,25,448,2,predation,4,607763,True,607763,0,0,640,4.8,4,1.9219280948873623,100.8,3.84,0.96,9.44,,,,,,40.0,0.0,20.0,20.0,0.0,20.0,1.92,2.88,,,,,,,,,,,,No diet / mouth
rand_500_r025_e0448_n2_predation,seed_5.json,25,448,2,predation,5,10000000,False,,271,2,1601,9.0,5,2.0587480973108967,124.1054430987867,4.0,1.08,242.7,2.0,2.0,0.0,0.0,12,44.447733656441045,0.0,22.222222222222225,11.111111111111112,11.107821899114514,11.111111111111112,4.000296029079694,4.999703970920306,0.0,0.0,100.0,0.0,50.0,50.0,0.0,1.0,2,-0.0,1,Generalists
rand_500_r025_e0448_n2_predation,seed_6.json,25,448,2,predation,6,3353856,True,3353856,0,0,864,5.750526876518985,4,1.9171877921239422,100.60106440689871,3.84,1.28,15.06,,,,,,33.38824495960359,0.0,16.529387600991026,33.38824495960359,0.0,16.694122479801795,1.92,3.830526876518985,,,,,,,,,,,,No diet / mouth
rand_500_r025_e0448_n2_predation,seed_7.json,25,448,2,predation,7,1549594,True,1549594,0,0,782,5.76,4,1.792481250360578,99.87750832584206,3.84,0.96,9.98,,,,,,50.000000000000014,0.0,16.666666666666664,16.666666666666664,0.0,16.666666666666664,2.8800000000000003,2.8799999999999994,,,,,,,,,,,,No diet / mouth
rand_500_r025_e0448_n2_predation,seed_8.json,25,448,2,predation,8,7200700,True,7200700,0,0,1751,4.782505597960007,5,2.0144168332552135,91.83163399442381,3.76,1.96,14.08,,,,,,39.30993830518295,0.0,19.968947236090216,19.654969152591477,1.7251542370426123,19.340991069092738,1.88,2.902505597960008,,,,,,,,,,,,No diet / mouth
rand_500_r025_e0448_n2_predation,seed_9.json,25,448,2,predation,9,1447906,True,1447906,0,0,1020,4.8,5,2.321928094887362,100.8,3.84,0.96,15.22,,,,,,20.0,20.0,20.0,20.0,0.0,20.0,0.96,3.84,,,,,,,,,,,,No diet / mouth
rand_500_r025_e0448_n2_predation,seed_10.json,25,448,2,predation,10,10000000,False,,250,3,1048,8.214049120033904,4,1.5833407397070995,104.83291360929401,4.0,2.78,252.86,2.0,2.0,0.0,0.0,12,60.86839665720629,0.0,12.174263696098677,14.80622398699303,0.0,12.151115659701993,4.999759999999999,3.214289120033904,0.0,0.0,100.0,0.0,50.0,50.0,0.0,1.0,2,-0.0,1,Generalists
rand_500_r025_e0448_n2_predation,seed_11.json,25,448,2,predation,11,10000000,False,,201,2,1019,4.996815527082209,4,1.9227494910741505,62.5750597868976,4.0,1.86,197.66,1.0,1.0,100.0,0.0,1,40.029290674624605,0.008861637418476932,19.965319210473385,20.0127460095356,0.0,19.983782467947922,2.000189811810513,2.996625715271696,0.0,100.0,0.0,0.0,100.0,0.0,0.0,-0.0,1,-0.0,1,Type 1 specialists
rand_500_r025_e0448_n2_predation,seed_12.json,25,448,2,predation,12,540203,True,540203,0,0,514,5.754178835007739,5,1.9897623645045266,119.95729969828953,3.84,1.8,18.68,,,,,,32.23875006938453,1.128304640819253,33.26589057959241,16.683527355101905,0.0,16.683527355101905,1.8550753331635674,3.8991035018441718,,,,,,,,,,,,No diet / mouth
rand_500_r025_e0448_n2_predation,seed_13.json,25,448,2,predation,13,2884684,True,2884684,0,0,1321,5.76,4,1.792481250360578,100.8,3.84,0.96,2.96,,,,,,50.000000000000014,0.0,16.666666666666664,16.666666666666664,0.0,16.666666666666664,2.8800000000000003,2.8799999999999994,,,,,,,,,,,,No diet / mouth
rand_500_r025_e0448_n2_predation,seed_14.json,25,448,2,predation,14,934473,True,934473,0,0,897,4.816230414757891,4,1.9671545385974432,100.26942479881068,3.84,2.26,18.94,,,,,,39.86520233991996,0.6995857096535526,19.945578123846673,19.66770830272209,0.0,19.821925523857715,1.9199999999999995,2.8962304147578917,,,,,,,,,,,,No diet / mouth
rand_500_r025_e0448_n2_predation,seed_15.json,25,448,2,predation,15,989809,True,989809,0,0,520,4.837221236919609,5,2.321758546107692,100.22849649695385,3.84,1.56,37.34,,,,,,19.846104880895165,0.0,19.846104880895165,20.615580476419332,19.846104880895165,19.846104880895165,0.96,3.877221236919609,,,,,,,,,,,,No diet / mouth
rand_500_r025_e0448_n2_predation,seed_16.json,25,448,2,predation,16,221656,True,221656,0,0,1990,3.8297039226545255,4,1.9999843303115528,100.8,3.84,1.42,16.42,,,,,,24.798364099025353,0.0,25.067211966991547,25.067211966991547,0.0,25.067211966991547,0.9497039226545255,2.8800000000000003,,,,,,,,,,,,No diet / mouth
rand_500_r025_e0448_n2_predation,seed_17.json,25,448,2,predation,17,10000000,False,,60,1,1345,5.0,4,1.9219280948873623,101.1119481770731,4.0,1.0,57.48,1.0,1.0,100.0,0.0,1,40.0,0.0,20.0,20.0,0.0,20.0,2.0,3.0,0.0,100.0,0.0,0.0,100.0,0.0,0.0,-0.0,1,-0.0,1,Type 1 specialists
rand_500_r025_e0448_n2_predation,seed_18.json,25,448,2,predation,18,757595,True,757595,0,0,1224,4.764922283272283,4,1.918825892069046,99.84,3.84,1.36,9.62,,,,,,40.29446622330744,0.0,20.14723311165372,19.411067553385113,0.0,20.14723311165372,1.92,2.844922283272284,,,,,,,,,,,,No diet / mouth
rand_500_r025_e0448_n2_predation,seed_19.json,25,448,2,predation,19,10000000,False,,354,1,978,7.000059523809524,4,1.8423706952935388,119.00639957885124,4.0,1.02,339.0,2.0,2.0,0.0,0.0,12,42.856778428754865,0.0,28.572035952075236,14.285592809584951,0.0,14.285592809584951,3.000000000000001,4.000059523809524,0.0,0.0,100.0,0.0,50.0,50.0,0.0,1.0,2,-0.0,1,Generalists
rand_500_r025_e0448_n2_predation,seed_20.json,25,448,2,predation,20,660458,True,660458,0,0,620,4.8,4,1.9219280948873623,88.32,3.84,0.96,7.28,,,,,,40.0,0.0,20.0,20.0,0.0,20.0,1.92,2.88,,,,,,,,,,,,No diet / mouth
rand_500_r025_e0672_n1,seed_1.json,25,672,1,normal,1,2986995,True,2986995,0,0,991,5.76,4,1.9182958340544896,88.29824305110759,3.84,0.96,24.04,,,,,,33.33333333333333,0.0,16.666666666666664,33.33333333333333,0.0,16.666666666666664,1.92,3.8400000000000003,,,,,,,,,,,,No diet / mouth
rand_500_r025_e0672_n1,seed_2.json,25,672,1,normal,2,10000000,False,,200,1,896,8.0,4,1.75,110.95590348085969,4.0,1.0,194.1,1.0,1.0,100.0,0.0,2,50.0,0.0,25.0,12.5,0.0,12.5,4.0,4.0,0.0,100.0,0.0,0.0,0.0,100.0,0.0,-0.0,1,-0.0,1,Type 2 specialists
rand_500_r025_e0672_n1,seed_3.json,25,672,1,normal,3,10000000,False,,364,3,730,5.658201823358934,4,1.9332575083707815,77.08359735918383,4.0,2.6,332.0,1.0,1.0,100.0,0.0,12,29.286582447278754,0.0,17.69944801240818,35.3405101760382,0.0,17.67345936427485,1.657093942031444,4.00110788132749,0.0,100.0,0.0,0.0,31.043956043956044,68.95604395604396,0.0,0.893680203949905,2,0.893680203949905,2,Type 2 specialists
rand_500_r025_e0672_n1,seed_4.json,25,672,1,normal,4,10000000,False,,215,1,981,5.999914893617022,4,1.9183005619636682,103.69727356514815,4.0,1.02,228.28,1.0,1.0,100.0,0.0,2,33.333806153278765,0.0,16.666903076639382,33.33238769344246,0.0,16.666903076639382,2.0,3.9999148936170217,0.0,100.0,0.0,0.0,0.0,100.0,0.0,-0.0,1,-0.0,1,Type 2 specialists
rand_500_r025_e0672_n1,seed_5.json,25,672,1,normal,5,5672626,True,5672626,0,0,1733,6.841904761904761,4,1.8310198548861691,99.84,3.84,1.84,3.86,,,,,,14.03118040089087,0.0,28.06236080178174,43.87527839643652,0.0,14.03118040089087,0.96,5.881904761904761,,,,,,,,,,,,No diet / mouth
rand_500_r025_e0672_n1,seed_6.json,25,672,1,normal,6,10000000,False,,278,1,458,5.0,4,1.9219280948873623,97.81947279179947,4.0,1.02,266.64,1.0,1.0,100.0,0.0,2,40.0,0.0,20.0,20.0,0.0,20.0,2.0,3.0,0.0,100.0,0.0,0.0,0.0,100.0,0.0,-0.0,1,-0.0,1,Type 2 specialists
rand_500_r025_e0672_n1,seed_7.json,25,672,1,normal,7,10000000,False,,158,1,499,5.0,4,1.9228862062085081,96.89237882609822,4.0,1.18,154.16,1.0,1.0,100.0,0.0,2,20.01437127096701,0.007469331122598824,19.9900306688774,40.0,0.0,19.988128729032987,1.0007185635483504,3.9992814364516494,0.0,100.0,0.0,0.0,0.0,100.0,0.0,-0.0,1,-0.0,1,Type 2 specialists
rand_500_r025_e0672_n1,seed_8.json,25,672,1,normal,8,10000000,False,,445,1,425,5.000046082949309,4,1.922206497131047,92.7446353364125,4.0,1.04,460.72,1.0,1.0,100.0,0.0,2,19.99901407408323,0.0008015958184329319,19.99981566990166,39.99963133980332,0.000921650491700537,19.99981566990166,0.9999599198396796,4.000086163109629,0.0,100.0,0.0,0.0,0.0,100.0,0.0,-0.0,1,-0.0,1,Type 2 specialists
rand_500_r025_e0672_n1,seed_9.json,25,672,1,normal,9,10000000,False,,215,6,967,6.386515120620297,4,1.9245646140284667,100.89689630254944,4.0,4.04,207.88,1.255813953488372,1.255813953488372,74.4186046511628,0.0,12,34.43995372745618,0.0,18.6045054482102,31.321837532818,0.002996744800473027,15.630706546715139,2.1995128523386227,4.187002268281674,0.0,74.4186046511628,25.58139534883721,0.0,12.790697674418604,87.20930232558139,0.0,0.5516699920020824,2,0.8203636429576731,2,Type 2 specialists
rand_500_r025_e0672_n1,seed_10.json,25,672,1,normal,10,10000000,False,,368,3,316,6.171942336284435,4,1.9516402992622839,101.26010604186371,4.0,2.24,356.78,1.0,1.0,100.0,0.0,23,32.40470974983248,0.0,21.77872379291996,29.61421158233133,0.004236085004104151,16.19811878991214,2.0000000000000004,4.171942336284435,0.0,100.0,0.0,0.0,0.0,79.8913043478261,20.108695652173914,0.7240966885612699,2,0.7240966885612699,2,Type 2 specialists
rand_500_r025_e0672_n1,seed_11.json,25,672,1,normal,11,10000000,False,,246,3,397,5.998457479774425,4,1.9199500077700002,177.9282958985317,4.0,2.3,246.16,1.0,1.0,100.0,0.0,2,33.32695270075799,0.0,16.615237249031715,16.670952546913874,0.01720563080246137,33.369651872493954,1.9991030870595026,3.999354392714922,0.0,100.0,0.0,0.0,0.0,100.0,0.0,-0.0,1,-0.0,1,Type 2 specialists
rand_500_r025_e0672_n1,seed_12.json,25,672,1,normal,12,10000000,False,,528,4,397,4.999583508328288,4,1.9791235438325532,74.33919915405978,4.0,3.4,525.5,0.9981060606060606,1.0,99.81060606060606,0.0,12,29.34994185949525,0.0,21.608886953365406,29.041746979381156,0.0,19.999424207758192,1.4673748529112653,3.532208655417023,0.1893939393939394,99.81060606060606,0.0,0.0,40.53030303030303,59.28030303030303,0.0,0.9752762627313447,2,0.9924057970483114,2,Type 2 specialists
rand_500_r025_e0672_n1,seed_13.json,25,672,1,normal,13,2639162,True,2639162,0,0,509,5.76,4,1.9182958340544896,120.96,3.84,0.96,3.86,,,,,,33.33333333333333,0.0,33.33333333333333,16.666666666666664,0.0,16.666666666666664,1.92,3.8400000000000003,,,,,,,,,,,,No diet / mouth
rand_500_r025_e0672_n1,seed_14.json,25,672,1,normal,14,10000000,False,,145,1,789,5.997621939687615,4,1.9183263797332413,88.58749294457147,4.0,1.9,153.54,1.0,1.0,100.0,0.0,2,33.32957354018624,0.0,16.644821244847932,33.36352649553124,0.00204580061459256,16.660032918819997,1.9989818150505283,3.9986401246370873,0.0,100.0,0.0,0.0,0.0,100.0,0.0,-0.0,1,-0.0,1,Type 2 specialists
rand_500_r025_e0672_n1,seed_15.json,25,672,1,normal,15,10000000,False,,469,1,474,10.0,5,2.1219280948873624,88.63209426307583,4.0,1.0,474.88,2.0,2.0,0.0,0.0,12,40.0,0.0,20.0,20.0,10.0,10.0,4.0,6.0,0.0,0.0,100.0,0.0,50.0,50.0,0.0,1.0,2,-0.0,1,Generalists
rand_500_r025_e0672_n1,seed_16.json,25,672,1,normal,16,10000000,False,,165,1,648,6.0,5,2.2516291673878226,99.08763229321521,4.0,1.0,171.7,1.0,1.0,100.0,0.0,2,16.666666666666664,0.0,16.666666666666664,33.33333333333333,16.666666666666664,16.666666666666664,1.0,5.0,0.0,100.0,0.0,0.0,0.0,100.0,0.0,-0.0,1,-0.0,1,Type 2 specialists
rand_500_r025_e0672_n1,seed_17.json,25,672,1,normal,17,10000000,False,,30,1,1360,7.0,5,2.2359263506290326,43.15433814344251,4.0,1.0,27.68,1.0,1.0,100.0,0.0,2,28.57142857142857,0.0,14.285714285714285,28.57142857142857,14.285714285714285,14.285714285714285,2.0,5.0,0.0,100.0,0.0,0.0,0.0,100.0,0.0,-0.0,1,-0.0,1,Type 2 specialists
rand_500_r025_e0672_n1,seed_18.json,25,672,1,normal,18,10000000,False,,316,2,372,5.460730021507513,4,1.9365822449171721,88.84944971588064,4.0,2.08,322.4,1.0,1.0,100.0,0.0,12,36.62513971800186,0.0,18.31256985900093,26.75379044884242,0.0,18.30849997415478,2.0,3.460730021507513,0.0,100.0,0.0,0.0,50.949367088607595,49.050632911392405,0.0,0.9997399247784948,2,0.9997399247784948,2,Type 1 specialists
rand_500_r025_e0672_n1,seed_19.json,25,672,1,normal,19,10000000,False,,288,1,622,7.0,4,1.8433187804783218,101.23178468580959,4.0,1.12,254.7,2.0,2.0,0.0,0.0,12,28.564368798178197,0.0070597732503677145,14.285714285714283,42.85714285714286,0.0,14.285714285714283,1.9995058158724737,5.000494184127526,0.0,0.0,100.0,0.0,50.0,50.0,0.0,1.0,2,-0.0,1,Generalists
rand_500_r025_e0672_n1,seed_20.json,25,672,1,normal,20,10000000,False,,148,1,907,5.0,4,1.9219280948873623,105.0,4.0,1.0,152.3,1.0,1.0,100.0,0.0,2,40.0,0.0,20.0,20.0,0.0,20.0,2.0,3.0,0.0,100.0,0.0,0.0,0.0,100.0,0.0,-0.0,1,-0.0,1,Type 2 specialists
rand_500_r025_e0672_n1_predation,seed_1.json,25,672,1,predation,1,10000000,False,,193,2,384,4.999090769430525,4,1.9227776762000144,72.8772038316011,4.0,1.24,189.54,1.0,1.0,100.0,0.0,2,40.00069191871361,0.006583248803136245,20.003637583758373,20.003637583758373,0.0,19.985449664966517,1.999670897416754,2.9994198720137715,0.0,100.0,0.0,0.0,0.0,100.0,0.0,-0.0,1,-0.0,1,Type 2 specialists
rand_500_r025_e0672_n1_predation,seed_2.json,25,672,1,predation,2,10000000,False,,368,1,420,6.000170164805797,4,1.9184278261425505,57.06758608344326,4.0,1.16,385.4,1.0,1.0,100.0,0.0,2,33.32899711193823,0.0008438579240534562,16.665350142131715,33.33772838826938,0.0,16.66708049973662,1.9997965409395035,4.0003736238662935,0.0,100.0,0.0,0.0,0.0,100.0,0.0,-0.0,1,-0.0,1,Type 2 specialists
rand_500_r025_e0672_n1_predation,seed_3.json,25,672,1,predation,3,10000000,False,,26,2,1739,5.0,4,1.9231807848632605,189.72462236087267,4.0,2.0,30.86,0.9615384615384616,1.0,96.15384615384616,0.0,2,19.870441236323597,0.0,20.25812574523502,20.0,0.0,39.87143301844137,0.9935220618161799,4.00647793818382,3.8461538461538463,96.15384615384616,0.0,0.0,0.0,96.15384615384616,0.0,0.05440723881381483,1,0.23519338181924143,1,Type 2 specialists
rand_500_r025_e0672_n1_predation,seed_4.json,25,672,1,predation,4,10000000,False,,326,2,922,4.0,4,1.999999914488037,91.0065249262955,4.0,1.16,307.06,1.0,1.0,100.0,0.0,2,25.0,0.0,25.012172959135388,24.987827040864605,0.0,25.0,1.0,3.0,0.0,100.0,0.0,0.0,0.0,100.0,0.0,-0.0,1,-0.0,1,Type 2 specialists
rand_500_r025_e0672_n1_predation,seed_5.json,25,672,1,predation,5,10000000,False,,285,3,643,4.9982088186217455,4,1.927083776829841,76.29082324837819,4.0,3.94,338.18,1.0,1.1228070175438596,100.0,12.280701754385966,2,39.99886918973213,0.04080045513981774,19.98874748792637,19.986631479537287,0.007043592451250191,19.97790779521314,1.9992270071901679,2.9989818114315776,0.0,100.0,0.0,0.0,0.0,100.0,0.0,-0.0,1,-0.0,1,Type 2 specialists
rand_500_r025_e0672_n1_predation,seed_6.json,25,672,1,predation,6,10000000,False,,374,3,497,4.998166730377456,4,1.9246258328300312,103.79518621114778,4.0,2.16,382.38,1.0,1.0,100.0,0.0,2,40.01467153635675,0.0,19.980593229442675,20.007335768178375,0.025761786982353495,19.971637679039855,2.0000000000000004,2.9981667303774553,0.0,100.0,0.0,0.0,0.0,100.0,0.0,-0.0,1,-0.0,1,Type 2 specialists
rand_500_r025_e0672_n1_predation,seed_7.json,25,672,1,predation,7,10000000,False,,330,1,429,5.001462544272067,4,1.9225644634576124,100.93421128794498,4.0,1.72,350.52,1.0,1.0,100.0,0.0,2,40.02230302403317,0.0,19.981628609801188,19.995307264942454,0.006609567583259143,19.994151533639933,2.0017004951020856,2.9997620491699806,0.0,100.0,0.0,0.0,0.0,100.0,0.0,-0.0,1,-0.0,1,Type 2 specialists
rand_500_r025_e0672_n1_predation,seed_8.json,25,672,1,predation,8,3043780,True,3043780,0,0,1981,4.8,4,1.9219280948873623,100.8,3.84,0.96,3.98,,,,,,40.0,0.0,20.0,20.0,0.0,20.0,1.92,2.88,,,,,,,,,,,,No diet / mouth
rand_500_r025_e0672_n1_predation,seed_9.json,25,672,1,predation,9,10000000,False,,267,2,561,5.0,4,1.9227089896889773,102.96779694154048,4.0,1.08,234.58,1.0,1.0,100.0,0.0,2,40.0,0.0,20.0,20.0,0.005933230943335217,19.994066769056666,1.9999999999999998,3.0000000000000004,0.0,100.0,0.0,0.0,0.0,100.0,0.0,-0.0,1,-0.0,1,Type 2 specialists
rand_500_r025_e0672_n1_predation,seed_10.json,25,672,1,predation,10,10000000,False,,461,1,384,6.0,4,1.918295833076317,91.22950022945321,4.0,1.04,441.76,1.0,1.0,100.0,0.0,2,33.33483668239505,0.0,16.666666666666664,33.331829984271614,0.0,16.666666666666664,2.000090200943703,3.999909799056297,0.0,100.0,0.0,0.0,0.0,100.0,0.0,-0.0,1,-0.0,1,Type 2 specialists
rand_500_r025_e0672_n1_predation,seed_11.json,25,672,1,predation,11,10000000,False,,541,4,316,6.007901578869813,4,1.7937915880904352,91.30814961111139,4.0,3.44,558.24,1.465804066543438,1.465804066543438,53.41959334565619,0.0,12,49.9329430648212,0.0017400823279802103,16.6425238133754,16.788233309224296,0.0,16.634559730251112,2.999922074767558,3.007979504102255,0.0,53.41959334565619,46.58040665434381,0.0,23.290203327171906,76.70979667282809,0.0,0.7830359968615312,2,0.9966232996037558,2,Type 2 specialists
rand_500_r025_e0672_n1_predation,seed_12.json,25,672,1,predation,12,10000000,False,,274,1,820,6.0,4,1.9182958328535797,63.34926542212451,4.0,1.02,258.46,1.0,1.0,100.0,0.0,2,33.33333333333333,0.0,16.6678445229682,33.33333333333333,0.0,16.665488810365137,2.0,4.0,0.0,100.0,0.0,0.0,0.0,100.0,0.0,-0.0,1,-0.0,1,Type 2 specialists
rand_500_r025_e0672_n1_predation,seed_13.json,25,672,1,predation,13,10000000,False,,393,1,389,5.0,4,1.9219280948873623,105.0,4.0,1.0,405.08,1.0,1.0,100.0,0.0,2,40.0,0.0,20.0,20.0,0.0,20.0,2.0,3.0,0.0,100.0,0.0,0.0,0.0,100.0,0.0,-0.0,1,-0.0,1,Type 2 specialists
rand_500_r025_e0672_n1_predation,seed_14.json,25,672,1,predation,14,10000000,False,,331,1,484,4.999951166962742,4,1.9219447309645394,105.00014732645339,4.0,1.28,345.36,1.0,1.0,100.0,0.0,2,20.00277611184298,0.0,19.99761455627059,39.9983358006455,0.0,20.001273531240923,1.0001290376290375,3.999822129333704,0.0,100.0,0.0,0.0,0.0,100.0,0.0,-0.0,1,-0.0,1,Type 2 specialists
rand_500_r025_e0672_n1_predation,seed_15.json,25,672,1,predation,15,10000000,False,,284,1,767,5.0,4,1.924158126017014,104.97954187825682,4.0,1.24,221.32,1.0,1.0,100.0,0.0,2,20.0,0.019483925469681824,19.980516074530318,40.0,0.0,20.0,1.0,4.0,0.0,100.0,0.0,0.0,0.0,100.0,0.0,-0.0,1,-0.0,1,Type 2 specialists
rand_500_r025_e0672_n1_predation,seed_16.json,25,672,1,predation,16,5121618,True,5121618,0,0,1041,4.8,4,1.9219280948873623,69.60357431457432,3.84,0.96,6.82,,,,,,20.0,0.0,20.0,40.0,0.0,20.0,0.96,3.84,,,,,,,,,,,,No diet / mouth
rand_500_r025_e0672_n1_predation,seed_17.json,25,672,1,predation,17,8019740,True,8019740,0,0,4075,4.7539826839826835,5,2.3216811006546543,99.71727272727271,3.84,1.56,4.06,,,,,,20.193594798619525,20.193594798619525,19.263866250216267,20.193594798619525,0.0,20.155349353925168,0.9600000000000001,3.793982683982683,,,,,,,,,,,,No diet / mouth
rand_500_r025_e0672_n1_predation,seed_18.json,25,672,1,predation,18,10000000,False,,481,1,761,5.0,4,1.9219280948873623,100.97765451260159,4.0,1.0,431.1,1.0,1.0,100.0,0.0,2,40.0,0.0,20.0,20.0,0.0,20.0,2.0,3.0,0.0,100.0,0.0,0.0,0.0,100.0,0.0,-0.0,1,-0.0,1,Type 2 specialists
rand_500_r025_e0672_n1_predation,seed_19.json,25,672,1,predation,19,10000000,False,,396,1,830,6.000007010057909,4,1.9184571673209458,98.0040100343008,4.0,1.08,377.94,1.0,1.0,100.0,0.0,2,33.33074498548053,0.000980391011429784,16.666647194306336,33.334980234895376,0.0,16.666647194306336,1.9998470356333569,4.000159974424553,0.0,100.0,0.0,0.0,0.0,100.0,0.0,-0.0,1,-0.0,1,Type 2 specialists
rand_500_r025_e0672_n1_predation,seed_20.json,25,672,1,predation,20,10000000,False,,285,1,693,4.999890243902439,4,1.9219193136852752,102.47167293469843,4.0,1.04,317.7,1.0,1.0,100.0,0.0,2,40.00087806805515,0.0,19.99932789852569,19.99935499939159,0.0,20.000439034027576,2.0,2.9998902439024397,0.0,100.0,0.0,0.0,0.0,100.0,0.0,-0.0,1,-0.0,1,Type 2 specialists
rand_500_r025_e0672_n2,seed_1.json,25,672,2,normal,1,10000000,False,,513,5,431,6.314356123251701,5,2.14002744147029,99.37759417586007,4.0,4.58,481.28,1.1345029239766082,1.1345029239766082,86.54970760233918,0.0,123,39.38332262019459,0.026018625841640084,15.824263787706478,20.802007670779254,8.131203809709191,15.833183485768846,2.4868032434082297,3.8275528798434717,0.0,86.54970760233918,13.450292397660819,0.0,59.941520467836256,33.333333333333336,6.7251461988304095,1.2328092195563414,3,1.4019111812321965,3,Type 1 specialists
rand_500_r025_e0672_n2,seed_2.json,25,672,2,normal,2,2837497,True,2837497,0,0,461,5.76,4,1.9182958340544896,100.8,3.84,0.96,6.12,,,,,,33.33333333333333,0.0,16.666666666666664,33.33333333333333,0.0,16.666666666666664,1.92,3.8400000000000003,,,,,,,,,,,,No diet / mouth
rand_500_r025_e0672_n2,seed_3.json,25,672,2,normal,3,10000000,False,,339,1,599,5.999883539582981,4,1.9184512475193722,104.99334519384315,4.0,1.04,356.42,1.0,1.0,100.0,0.0,1,33.333019714769286,0.0,16.666990174104356,33.333019714769286,0.0009606334394296454,16.666009762917643,1.999942363112392,3.9999411764705886,0.0,100.0,0.0,0.0,100.0,0.0,0.0,-0.0,1,-0.0,1,Type 1 specialists
rand_500_r025_e0672_n2,seed_4.json,25,672,2,normal,4,10000000,False,,456,2,377,5.989863076277079,4,1.9192481819704754,122.6432946924615,4.0,2.14,426.16,1.0,1.0,100.0,0.0,1,33.39047711408161,0.0029354189037227234,33.22139692121297,16.69487244141709,0.0,16.6903181043846,2.000043859649123,3.9898192166279562,0.0,100.0,0.0,0.0,100.0,0.0,0.0,-0.0,1,-0.0,1,Type 1 specialists
rand_500_r025_e0672_n2,seed_5.json,25,672,2,normal,5,10000000,False,,533,2,327,5.000081222534933,4,1.9560585071281773,70.2259312822123,4.0,2.06,545.92,1.0,1.0,100.0,0.0,13,24.401692850773564,0.0008492431046767669,19.99967511513787,35.59733249464001,0.0007751812060130954,19.99967511513787,1.2201044622121782,3.7799767603227554,0.0,100.0,0.0,0.0,78.79924953095684,0.0,21.20075046904315,0.7453025291894053,2,0.7453025291894053,2,Type 1 specialists
rand_500_r025_e0672_n2,seed_6.json,25,672,2,normal,6,10000000,False,,615,5,269,6.463749348032061,4,1.9268429308059707,113.96244083118302,4.0,4.24,672.42,1.3577235772357723,1.3577235772357723,64.22764227642277,0.0,123,38.10832281653582,0.0,22.630096120821907,23.774732463882984,0.016432870071075516,15.470415728688211,2.463226467599787,4.000522880432274,0.0,64.22764227642277,35.77235772357724,0.0,47.31707317073171,34.63414634146341,18.048780487804876,1.4864392911871294,3,1.4881703789882166,3,Type 1 specialists
rand_500_r025_e0672_n2,seed_7.json,25,672,2,normal,7,10000000,False,,875,5,168,5.870797214722749,5,2.174556367112519,105.09445633286397,4.0,6.06,870.76,1.5771428571428572,1.5771428571428572,42.285714285714285,0.0,123,34.06457322450764,0.0,24.452613306935536,17.03038424846617,7.43207255479676,17.020356665293885,1.9998620160715859,3.8709351986511633,0.0,42.285714285714285,57.714285714285715,0.0,28.857142857142858,42.285714285714285,28.857142857142858,1.5599030614639084,3,0.9827602043210513,2,Generalists
rand_500_r025_e0672_n2,seed_8.json,25,672,2,normal,8,10000000,False,,661,3,296,5.00013030792327,4,1.9716654443482675,103.98627239567068,4.0,2.7,705.2,1.438729198184569,1.438729198184569,56.127080181543114,0.0,12,28.92893464474719,0.009879214856795259,19.99897374454772,31.064919068176128,0.0,19.997293327672157,1.4464844289313192,3.5536458789919507,0.0,56.127080181543114,43.872919818456886,0.0,78.06354009077155,21.936459909228443,0.0,0.7590055812496515,2,0.9891406508713088,2,Type 1 specialists
rand_500_r025_e0672_n2,seed_9.json,25,672,2,normal,9,10000000,False,,313,1,715,6.000062037138222,4,1.9185986781871724,103.10433797857988,4.0,1.04,326.6,1.0,1.0,100.0,0.0,1,33.33298868612892,0.0019782189131233776,16.66649434306446,33.332044408829034,0.0,16.66649434306446,2.0,4.000062037138221,0.0,100.0,0.0,0.0,100.0,0.0,0.0,-0.0,1,-0.0,1,Type 1 specialists
rand_500_r025_e0672_n2,seed_10.json,25,672,2,normal,10,10000000,False,,660,3,187,5.798261017847676,5,2.130469435208541,99.9267155389248,4.0,3.06,610.72,1.0,1.0,100.0,0.0,12,34.49310049761098,0.002293807104362386,17.24655024880549,25.825062171415958,5.186443026257715,17.24655024880549,2.0000000000000004,3.798261017847676,0.0,100.0,0.0,0.0,47.72727272727273,52.27272727272727,0.0,0.9985090989176322,2,0.9985090989176322,2,Type 2 specialists
rand_500_r025_e0672_n2,seed_11.json,25,672,2,normal,11,10000000,False,,695,4,256,5.641672347124306,4,1.9026149030453932,98.0346688900447,4.0,3.14,652.14,1.0,1.0,100.0,0.0,12,23.412875890468044,0.0,17.72524064623717,41.138116536705226,0.00106939611742004,17.722697530472146,1.3208777447790692,4.320794602345237,0.0,100.0,0.0,0.0,45.89928057553957,54.10071942446043,0.0,0.9951425028313231,2,0.9951425028313231,2,Type 2 specialists
rand_500_r025_e0672_n2,seed_12.json,25,672,2,normal,12,10000000,False,,502,5,279,5.744584120051275,4,1.9343758322397742,73.5820910288607,4.0,5.28,505.7,1.0,1.0,100.0,0.0,12,34.81541756411769,0.013593449070968934,17.393406564402284,30.352338683077424,0.021861600570655604,17.403382138760975,2.0000009487178474,3.744583171333428,0.0,100.0,0.0,0.0,52.788844621513945,47.211155378486055,0.0,0.997754678266935,2,0.997754678266935,2,Type 1 specialists
rand_500_r025_e0672_n2,seed_13.json,25,672,2,normal,13,10000000,False,,276,1,625,8.0,4,1.75,80.07525313570781,4.0,1.0,280.3,1.0,1.0,100.0,0.0,1,25.0,0.0,12.5,50.0,0.0,12.5,2.0,6.0,0.0,100.0,0.0,0.0,100.0,0.0,0.0,-0.0,1,-0.0,1,Type 1 specialists
rand_500_r025_e0672_n2,seed_14.json,25,672,2,normal,14,10000000,False,,730,2,268,7.885953790007421,4,1.9085811856226544,73.56464255102127,4.0,2.62,735.18,1.9342465753424658,1.9342465753424658,6.575342465753424,0.0,12,25.353420702930563,0.0,24.642700161969124,37.320926801146925,0.0010931881986011053,12.681859145754787,1.9993590408192787,5.886594749188142,0.0,6.575342465753424,93.42465753424658,0.0,53.28767123287671,46.71232876712329,0.0,0.9968789934976927,2,0.3498725885220355,2,Generalists
rand_500_r025_e0672_n2,seed_15.json,25,672,2,normal,15,10000000,False,,476,1,323,5.999902080636656,4,1.9182931237758316,104.99897310513447,4.0,1.04,454.98,1.0,1.0,100.0,0.0,1,33.33387733867447,0.0,16.66612366011135,33.33306033187695,0.0,16.666938669337235,2.0,3.999902080636656,0.0,100.0,0.0,0.0,100.0,0.0,0.0,-0.0,1,-0.0,1,Type 1 specialists
rand_500_r025_e0672_n2,seed_16.json,25,672,2,normal,16,10000000,False,,426,1,246,9.99995423340961,4,1.6854784344132983,122.36436553164906,4.0,1.02,481.66,1.0,1.0,100.0,0.0,1,10.000045766799852,0.0,30.000137300399558,49.99977116600074,0.0,10.000045766799852,1.0000000000000004,8.99995423340961,0.0,100.0,0.0,0.0,100.0,0.0,0.0,-0.0,1,-0.0,1,Type 1 specialists
rand_500_r025_e0672_n2,seed_17.json,25,672,2,normal,17,10000000,False,,470,2,402,5.999456439429519,4,1.7925097793346094,98.5417321814963,4.0,1.34,460.3,1.0,1.0,100.0,0.0,1,16.668176693938776,0.0,16.668176693938776,49.99819982748266,0.0,16.66544678463979,1.0000000000000002,4.999456439429519,0.0,100.0,0.0,0.0,100.0,0.0,0.0,-0.0,1,-0.0,1,Type 1 specialists
rand_500_r025_e0672_n2,seed_18.json,25,672,2,normal,18,10000000,False,,230,1,399,8.0,4,1.75,90.62408851879434,4.0,1.0,228.86,1.0,1.0,100.0,0.0,1,25.0,0.0,12.5,50.0,0.0,12.5,2.0,6.0,0.0,100.0,0.0,0.0,100.0,0.0,0.0,-0.0,1,-0.0,1,Type 1 specialists
rand_500_r025_e0672_n2,seed_19.json,25,672,2,normal,19,10000000,False,,505,2,378,6.474292788309413,4,1.9505550273648016,102.58947933071897,4.0,2.92,486.76,1.0,1.0,100.0,0.0,12,30.89140490543441,0.0,22.770461314523924,30.883399491055048,0.009031836269412013,15.445702452717205,2.0,4.474292788309413,0.0,100.0,0.0,0.0,53.06930693069307,46.93069306930693,0.0,0.9972800666855524,2,0.9972800666855524,2,Type 1 specialists
rand_500_r025_e0672_n2,seed_20.json,25,672,2,normal,20,10000000,False,,393,1,256,5.001927596120703,4,1.9246215583030861,88.23299346884426,4.0,1.42,363.88,1.0,1.0,100.0,0.0,1,20.028685706921813,0.0,19.992292586873113,39.98252142229708,0.022404257059229465,19.974096026848763,1.0018203575148052,4.0001072386058985,0.0,100.0,0.0,0.0,100.0,0.0,0.0,-0.0,1,-0.0,1,Type 1 specialists
rand_500_r025_e0672_n2_predation,seed_1.json,25,672,2,predation,1,10000000,False,,166,6,444,6.908458265744819,4,1.6330988427597695,85.31634430161299,4.0,5.34,171.74,1.0,1.0,100.0,0.0,1,58.61045917670212,0.0,14.476645235150132,12.466958623847555,0.0,14.445936964300193,4.04907911158387,2.859379154160948,0.0,100.0,0.0,0.0,100.0,0.0,0.0,-0.0,1,-0.0,1,Type 1 specialists
rand_500_r025_e0672_n2_predation,seed_2.json,25,672,2,predation,2,10000000,False,,1022,4,160,5.000078840616354,4,1.9399306146005837,83.54284105699726,4.0,4.96,1048.1,1.1125244618395302,1.1125244618395302,88.74755381604696,0.0,123,38.01436734551486,0.0011293078798446676,20.004751686199633,21.980479584691437,0.00037174135023247543,19.998900334363988,1.9007483380372612,3.0993305025790923,0.0,88.74755381604696,11.252446183953033,0.0,47.504892367906066,42.61252446183953,9.882583170254403,1.3645198002881551,3,1.7412242733526988,4,Type 1 specialists
rand_500_r025_e0672_n2_predation,seed_3.json,25,672,2,predation,3,10000000,False,,1135,2,161,5.000038604660067,4,1.9219420918950754,91.44544531286739,4.0,2.2,1127.7,1.9462555066079295,1.9462555066079295,5.3744493392070485,0.0,12,39.99859965575707,0.0,19.99798198596498,20.003572775725978,0.0,19.999845582551977,1.999945424111282,3.0000931805487845,0.0,5.3744493392070485,94.62555066079295,0.0,52.68722466960352,47.31277533039648,0.0,0.9979154046904946,2,0.30209521817152024,2,Generalists
rand_500_r025_e0672_n2_predation,seed_4.json,25,672,2,predation,4,901001,True,901001,0,0,517,5.76,4,1.9182958340544896,100.8,3.84,0.96,27.1,,,,,,33.33333333333333,0.0,16.666666666666664,33.33333333333333,0.0,16.666666666666664,1.92,3.8400000000000003,,,,,,,,,,,,No diet / mouth
rand_500_r025_e0672_n2_predation,seed_5.json,25,672,2,predation,5,317633,True,317633,0,0,982,3.8392857142857144,4,1.999999925086042,100.77277281994658,3.84,0.98,36.8,,,,,,25.004651162790697,0.0,24.98604651162791,25.004651162790697,0.0,25.004651162790697,0.9600000000000001,2.8792857142857144,,,,,,,,,,,,No diet / mouth
rand_500_r025_e0672_n2_predation,seed_6.json,25,672,2,predation,6,10000000,False,,286,1,577,6.0,5,2.2516291673878226,70.3580776366531,4.0,1.0,315.64,1.0,1.0,100.0,0.0,1,16.666666666666664,0.0,16.666666666666664,33.33333333333333,16.666666666666664,16.666666666666664,1.0,5.0,0.0,100.0,0.0,0.0,100.0,0.0,0.0,-0.0,1,-0.0,1,Type 1 specialists
rand_500_r025_e0672_n2_predation,seed_7.json,25,672,2,predation,7,10000000,False,,623,1,387,4.999967572655235,4,1.9219320362622219,85.96450001342696,4.0,1.06,585.96,1.0,1.0,100.0,0.0,1,39.99960582143044,0.0,19.99942174102701,20.000842727322258,0.0,20.00012971022029,1.9999673202614379,3.000000252393797,0.0,100.0,0.0,0.0,100.0,0.0,0.0,-0.0,1,-0.0,1,Type 1 specialists
rand_500_r025_e0672_n2_predation,seed_8.json,25,672,2,predation,8,10000000,False,,502,3,534,4.000066244676635,4,1.999999734080907,104.00733912752258,4.0,2.56,522.84,1.0,1.0,100.0,0.0,12,25.021872526843207,0.0,24.97895551790133,24.999585977627728,0.0,24.999585977627728,1.0008914767322716,2.999174767944363,0.0,100.0,0.0,0.0,59.7609561752988,40.2390438247012,0.0,0.9723317478459377,2,0.9723317478459377,2,Type 1 specialists
rand_500_r025_e0672_n2_predation,seed_9.json,25,672,2,predation,9,10000000,False,,535,1,322,7.000073114792691,4,1.9502105717175582,125.66985396968735,4.0,1.12,601.18,1.0,1.0,100.0,0.0,2,28.57069593511598,0.0,28.57058800013823,28.573150991335623,0.0,14.285565073410167,1.999969604863222,5.000103509929469,0.0,100.0,0.0,0.0,0.0,100.0,0.0,-0.0,1,-0.0,1,Type 2 specialists
rand_500_r025_e0672_n2_predation,seed_10.json,25,672,2,predation,10,10000000,False,,788,4,518,5.4464458425163595,4,1.8768051914043904,61.661875513721455,4.0,6.12,724.4,1.4555837563451777,1.4555837563451777,54.441624365482234,0.0,12,44.82422738993129,0.11441745444932977,18.348323401596712,18.389872451412018,0.0,18.323159302610666,2.441327269118992,3.0051185733973678,0.0,54.441624365482234,45.558375634517766,0.0,77.22081218274111,22.779187817258883,0.0,0.774142146807212,2,0.9943001843932031,2,Type 1 specialists
rand_500_r025_e0672_n2_predation,seed_11.json,25,672,2,predation,11,10000000,False,,645,3,234,5.369134354098227,4,1.8753363089085089,92.98948662163795,4.0,3.4,671.22,1.0,1.0,100.0,0.0,12,44.14743451006785,0.0,18.617970944915808,18.62329156903467,0.0,18.611302975981665,2.370335072733069,2.998799281365158,0.0,100.0,0.0,0.0,65.11627906976744,34.883720930232556,0.0,0.9330252953592911,2,0.9330252953592911,2,Type 1 specialists
rand_500_r025_e0672_n2_predation,seed_12.json,25,672,2,predation,12,10000000,False,,464,1,656,5.0,4,1.9219280948873623,104.16238128250349,4.0,1.04,450.88,1.0,1.0,100.0,0.0,1,20.0,0.0,20.0,40.0,0.0,20.0,1.0,4.0,0.0,100.0,0.0,0.0,100.0,0.0,0.0,-0.0,1,-0.0,1,Type 1 specialists
rand_500_r025_e0672_n2_predation,seed_13.json,25,672,2,predation,13,10000000,False,,478,2,339,4.999122074716653,4,1.9433441969673262,90.05460337689044,4.0,2.46,445.38,1.0,1.0,100.0,0.0,1,37.55349912765195,0.0009260885332335146,19.984965333928876,22.457097132042016,0.0,20.003512317843924,1.8773452647189746,3.1217768099976784,0.0,100.0,0.0,0.0,100.0,0.0,0.0,-0.0,1,-0.0,1,Type 1 specialists
rand_500_r025_e0672_n2_predation,seed_14.json,25,672,2,predation,14,10000000,False,,652,2,588,5.001011782971757,4,1.9251741621544725,104.9635165758553,4.0,2.38,599.06,1.9984662576687116,1.9984662576687116,0.15337423312883436,0.0,12,39.984930268094196,0.0006743997870796323,19.995953686911108,19.995255747864444,0.02723221043206135,19.995953686911108,1.9996510741204314,3.0013607088513257,0.0,0.15337423312883436,99.84662576687117,0.0,49.923312883435585,50.076687116564415,0.0,0.999998303126286,2,0.01654956482796602,1,Generalists
rand_500_r025_e0672_n2_predation,seed_15.json,25,672,2,predation,15,10000000,False,,670,4,315,4.00040846556466,4,2.0019113886799875,91.86599809251861,4.0,2.8,737.26,1.0,1.0,100.0,0.0,13,24.99833384380642,0.008184673570068982,24.990381015024695,24.999785423716993,0.00631516461127797,24.996999879270547,1.0000354633377475,3.0003730022269126,0.0,100.0,0.0,0.0,78.50746268656717,0.0,21.492537313432837,0.7507925262773079,2,0.7507925262773079,2,Type 1 specialists
rand_500_r025_e0672_n2_predation,seed_16.json,25,672,2,predation,16,10000000,False,,784,3,396,4.999887889283786,4,1.922037767793984,72.91821797878248,4.0,1.56,741.3,1.0,1.0,100.0,0.0,1,39.99858229393661,0.0,19.99790254044903,20.000448452920132,0.0005780476431479804,20.00248866505109,1.9998842719997454,3.000003617284041,0.0,100.0,0.0,0.0,100.0,0.0,0.0,-0.0,1,-0.0,1,Type 1 specialists
rand_500_r025_e0672_n2_predation,seed_17.json,25,672,2,predation,17,10000000,False,,948,9,336,5.993226393336148,5,2.1955710217199735,80.89541878806689,4.0,8.7,916.8,1.4377637130801688,1.4377637130801688,56.22362869198312,0.0,123,33.36408098841349,0.0024641117272382043,16.67371280138302,24.520034413753585,8.755204971972297,16.684502712750373,1.9995849076916452,3.9936414856445026,0.0,56.22362869198312,43.77637130801688,0.0,75.0,22.09915611814346,2.9008438818565403,0.9407410042132942,2,1.2558787616624525,3,Type 1 specialists
rand_500_r025_e0672_n2_predation,seed_18.json,25,672,2,predation,18,10000000,False,,498,1,380,6.0,4,1.9182958340544896,103.99348359498754,4.0,1.02,460.74,1.0,1.0,100.0,0.0,1,33.33333333333333,0.0,16.666666666666664,33.33333333333333,0.0,16.666666666666664,2.0,4.0,0.0,100.0,0.0,0.0,100.0,0.0,0.0,-0.0,1,-0.0,1,Type 1 specialists
rand_500_r025_e0672_n2_predation,seed_19.json,25,672,2,predation,19,10000000,False,,847,3,258,5.196802067755747,4,1.9332958357024315,91.82475721057868,4.0,2.58,824.9,1.0,1.0,100.0,0.0,12,38.48521092354791,0.0009157314657961905,19.239296179098805,23.03367070778891,0.0004704792953788595,19.24043597880319,2.0000002370550987,3.1968018307006485,0.0,100.0,0.0,0.0,21.841794569067297,78.15820543093271,0.0,0.7572681788104798,2,0.7572681788104798,2,Type 2 specialists
rand_500_r025_e0672_n2_predation,seed_20.json,25,672,2,predation,20,10000000,False,,663,4,408,5.9967750890045455,4,1.7949496167971872,104.71901313517202,4.0,3.76,697.76,1.9984917043740573,1.9984917043740573,0.15082956259426847,0.0,12,49.9576882632855,0.0,16.671676153743313,16.682642009829525,0.015635058192762133,16.6723585149489,2.995850204815252,3.000924884189293,0.0,0.15082956259426847,99.84917043740573,0.0,49.924585218702866,50.075414781297134,0.0,0.999998358965728,2,0.01631142013313357,1,Generalists
rand_500_r025_e0896_n1,seed_1.json,25,896,1,normal,1,10000000,False,,530,1,141,8.999968847352024,4,1.8910621715903997,146.8010948060224,4.0,1.02,609.78,1.0,1.0,100.0,0.0,1,22.22229914260693,0.0,33.33310257217921,33.3334487139104,0.0,11.111149571303464,1.9999999999999993,6.999968847352025,0.0,100.0,0.0,0.0,100.0,0.0,0.0,-0.0,1,-0.0,1,Type 1 specialists
rand_500_r025_e0896_n1,seed_2.json,25,896,1,normal,2,10000000,False,,676,4,157,5.823713281435602,4,1.8317220022728273,103.2666695240914,4.0,3.34,695.02,1.0,1.0,100.0,0.0,13,17.172107857237286,0.0010078725124195687,17.166640008871443,48.32499377640579,0.16357847378604248,17.17167201118702,1.0000543259843744,4.8236589554512275,0.0,100.0,0.0,0.0,17.159763313609467,0.0,82.84023668639053,0.6613464704183092,2,0.6613464704183092,2,Type 3 specialists
rand_500_r025_e0896_n1,seed_3.json,25,896,1,normal,3,10000000,False,,703,1,291,6.999944055834623,4,1.9502132065263444,126.0,4.0,1.04,720.56,1.0,1.0,100.0,0.0,1,28.57165691678566,0.0,28.57165691678566,28.570857708035852,0.0,14.28582845839283,1.9999999999999998,4.999944055834623,0.0,100.0,0.0,0.0,100.0,0.0,0.0,-0.0,1,-0.0,1,Type 1 specialists
rand_500_r025_e0896_n1,seed_4.json,25,896,1,normal,4,10000000,False,,949,4,157,5.708387271858703,4,1.8318508327267649,101.95895779973617,4.0,3.32,915.72,1.0,1.0,100.0,0.0,13,17.51883211501412,0.003139429979117771,17.517681773878735,47.441894845431534,0.0018991676020261327,17.51655266809446,1.0000427826317608,4.708344489226942,0.0,100.0,0.0,0.0,29.188619599578505,0.0,70.8113804004215,0.8711453222234781,2,0.8711453222234781,2,Type 3 specialists
rand_500_r025_e0896_n1,seed_5.json,25,896,1,normal,5,10000000,False,,874,2,246,6.0001637515832655,4,1.9200376976785136,86.96589110716143,4.0,2.56,836.64,1.982837528604119,1.982837528604119,1.7162471395881007,0.0,13,33.22902103794144,0.0007554112164537814,33.33220019958636,16.769837830329266,0.0042988075954164704,16.66388671333106,1.9937956753245398,4.006368076258726,0.0,1.7162471395881007,98.2837528604119,0.0,50.85812356979405,0.0,49.14187643020595,0.9997875163497942,2,0.1251975235142506,1,Generalists
rand_500_r025_e0896_n1,seed_6.json,25,896,1,normal,6,10000000,False,,795,1,163,7.0000465116279065,4,1.842588447494934,104.9990169659585,4.0,1.06,837.78,2.0,2.0,0.0,0.0,13,42.85685809396616,0.0006644474123095524,14.284950638458286,28.571238729310767,0.0006687261970997368,14.285619364655384,3.0000000000000004,4.0000465116279065,0.0,0.0,100.0,0.0,50.0,0.0,50.0,1.0,2,-0.0,1,Generalists
rand_500_r025_e0896_n1,seed_7.json,25,896,1,normal,7,10000000,False,,479,1,246,6.998952643703121,4,1.8429695992641908,102.75963693896853,4.0,1.92,521.24,2.0,2.0,0.0,0.0,13,28.575704134809044,0.0,14.285001728850661,42.86355620221357,0.00585356679300981,14.269884367333713,1.9999999999999996,4.998952643703121,0.0,0.0,100.0,0.0,50.0,0.0,50.0,1.0,2,-0.0,1,Generalists
rand_500_r025_e0896_n1,seed_8.json,25,896,1,normal,8,10000000,False,,391,1,356,8.0,4,1.75,105.0,4.0,1.0,375.32,1.0,1.0,100.0,0.0,3,25.0,0.0,12.5,50.0,0.0,12.5,2.0,6.0,0.0,100.0,0.0,0.0,0.0,0.0,100.0,-0.0,1,-0.0,1,Type 3 specialists
rand_500_r025_e0896_n1,seed_9.json,25,896,1,normal,9,10000000,False,,915,8,182,6.369908255617248,4,1.9325790099662876,98.92560720681129,4.0,4.48,954.08,1.5081967213114753,1.5092896174863388,49.18032786885246,0.1092896174863388,123,37.21300243465537,0.0003213677222199434,23.207238799372547,23.879529471907173,0.0,15.699907926342691,2.37043411424816,3.9994741413690877,0.0,49.18032786885246,50.81967213114754,0.0,18.852459016393443,6.666666666666667,74.48087431693989,1.0308581043720708,3,1.4296720142682293,3,Generalists
rand_500_r025_e0896_n1,seed_10.json,25,896,1,normal,10,10000000,False,,632,3,205,7.576013268766434,4,1.7894386061160596,83.49154259860063,4.0,2.68,612.0,1.0,1.0,100.0,0.0,13,26.399108991075604,0.0,13.199554495537802,47.21668993517427,0.0,13.184646578212316,2.0000000000000004,5.576013268766434,0.0,100.0,0.0,0.0,40.664556962025316,0.0,59.335443037974684,0.9747055050417504,2,0.9747055050417504,2,Type 3 specialists
rand_500_r025_e0896_n1,seed_11.json,25,896,1,normal,11,10000000,False,,671,6,179,6.643755998726043,5,1.9480981369430639,106.04656159149253,4.0,6.22,656.06,0.9985096870342772,1.0,99.85096870342772,0.0,123,18.69793874663278,0.0,16.878845099236884,46.73953398435624,2.6462135827113396,15.037468587062758,1.2422454271175363,5.401510571608506,0.14903129657228018,99.85096870342772,0.0,0.0,18.7779433681073,12.965722801788376,68.10730253353204,1.2126152517030644,3,1.2266095422488172,3,Type 3 specialists
rand_500_r025_e0896_n1,seed_12.json,25,896,1,normal,12,10000000,False,,461,1,324,8.00060798730309,4,1.8113684294143464,105.05167892076268,4.0,1.3,492.32,1.0,1.0,100.0,0.0,3,37.49715027609126,0.0,12.49905009203042,37.49715027609126,0.0,12.506649355787061,3.0,5.0006079873030895,0.0,100.0,0.0,0.0,0.0,0.0,100.0,-0.0,1,-0.0,1,Type 3 specialists
rand_500_r025_e0896_n1,seed_13.json,25,896,1,normal,13,10000000,False,,538,4,408,8.00118399498398,5,2.249984618101801,103.97776428022566,4.0,2.26,559.12,2.0,2.0,0.0,0.0,13,24.99630056318939,0.0,12.49684000671719,24.9950192945486,25.01021348286133,12.501626652683484,2.0,6.001183994983981,0.0,0.0,100.0,0.0,50.0,0.0,50.0,1.0,2,-0.0,1,Generalists
rand_500_r025_e0896_n1,seed_14.json,25,896,1,normal,14,10000000,False,,772,6,228,5.999321052788211,4,1.919244997322909,104.60614969512731,4.0,4.66,800.52,1.2538860103626943,1.2538860103626943,74.61139896373057,0.0,123,33.326132526616426,0.006606606241278732,16.664449878268023,33.33675514543239,0.000415156982430379,16.665640686459444,1.999341684749399,3.999979368038812,0.0,74.61139896373057,25.38860103626943,0.0,5.051813471502591,7.642487046632124,87.30569948186529,0.6720966111481984,3,1.063583910679059,3,Type 3 specialists
rand_500_r025_e0896_n1,seed_15.json,25,896,1,normal,15,10000000,False,,805,2,357,6.895486758519347,4,1.8516715463992195,87.95904747042374,4.0,2.2,874.96,1.8832298136645962,1.8832298136645962,11.677018633540373,0.0,13,41.990371626756925,0.00036075222477678637,14.502239436026818,29.004478872053635,0.00032155741543296704,14.502227755522412,2.8954405153760883,4.000046243143259,0.0,11.677018633540373,88.32298136645963,0.0,55.838509316770185,0.0,44.161490683229815,0.9901417521094995,2,0.520005047490051,2,Generalists
rand_500_r025_e0896_n1,seed_16.json,25,896,1,normal,16,10000000,False,,473,1,363,7.0,4,1.8423709931771084,101.91279467281603,4.0,1.0,456.04,1.0,1.0,100.0,0.0,1,28.57142857142857,0.0,14.285714285714285,42.85714285714287,0.0,14.285714285714285,2.0,5.0,0.0,100.0,0.0,0.0,100.0,0.0,0.0,-0.0,1,-0.0,1,Type 1 specialists
rand_500_r025_e0896_n1,seed_17.json,25,896,1,normal,17,10000000,False,,516,1,332,5.999997882505524,4,1.7928274225986782,94.86355139491627,4.0,1.14,535.68,1.0,1.0,100.0,0.0,1,16.666672548597834,0.0025169665989940486,16.663531362053206,50.00060657415213,0.0,16.666672548597834,0.9999999999999997,4.999997882505524,0.0,100.0,0.0,0.0,100.0,0.0,0.0,-0.0,1,-0.0,1,Type 1 specialists
rand_500_r025_e0896_n1,seed_18.json,25,896,1,normal,18,10000000,False,,640,3,265,6.000061439822295,4,1.9183978117099871,101.15626194000848,4.0,1.74,648.58,1.0,1.0,100.0,0.0,3,33.332453507034884,0.0005151930758034379,16.66857447682974,33.33247681140665,0.0,16.665980011652923,1.999967689822294,4.0000937500000004,0.0,100.0,0.0,0.0,0.0,0.0,100.0,-0.0,1,-0.0,1,Type 3 specialists
rand_500_r025_e0896_n1,seed_19.json,25,896,1,normal,19,10000000,False,,938,5,163,6.59477977161364,4,1.895047767737875,99.91094664074184,4.0,5.62,981.0,1.0,1.0,100.0,0.0,123,25.654782714687524,0.007331880605635414,15.893417151327721,42.88009993725626,0.4081915636674009,15.15617675245545,1.6918764209196453,4.902903350693994,0.0,100.0,0.0,0.0,60.02132196162047,15.778251599147122,24.20042643923241,1.357717459179245,3,1.357717459179245,3,Type 1 specialists
rand_500_r025_e0896_n1,seed_20.json,25,896,1,normal,20,10000000,False,,532,1,215,5.9992379845162755,4,1.91839276761719,91.86531373826836,4.0,2.32,527.08,1.0,1.0,100.0,0.0,1,16.66878364520542,0.0,33.32061915333046,33.33634777964844,0.0,16.674249421815684,1.0,4.9992379845162755,0.0,100.0,0.0,0.0,100.0,0.0,0.0,-0.0,1,-0.0,1,Type 1 specialists
rand_500_r025_e0896_n1_predation,seed_1.json,25,896,1,predation,1,10000000,False,,1032,3,144,4.999918119029887,4,1.9219215431523637,92.05555237796419,4.0,3.44,1207.28,1.175387596899225,1.175387596899225,82.46124031007751,0.0,23,40.00065505848827,0.0,20.000668014442283,19.998429429746533,0.0,20.000247497322913,2.0000000000000004,2.9999181190298874,0.0,82.46124031007751,17.53875968992248,0.0,0.0,8.76937984496124,91.23062015503876,0.42872480751111663,2,0.6698821543410696,2,Type 3 specialists
rand_500_r025_e0896_n1_predation,seed_2.json,25,896,1,predation,2,10000000,False,,1750,4,115,4.0632150455996,4,1.9996193249919925,61.219575356535145,4.0,3.46,1801.92,1.0634285714285714,1.0634285714285714,93.65714285714286,0.0,123,26.168514542202715,0.0005308399869525056,24.60829234718696,24.61105279384572,0.0002760634076707315,24.61133341336998,1.0632830200887,2.9999320255109003,0.0,93.65714285714286,6.3428571428571425,0.0,34.77142857142857,3.1714285714285713,62.05714285714286,1.1149806205972503,2,1.204716294742439,3,Type 3 specialists
rand_500_r025_e0896_n1_predation,seed_3.json,25,896,1,predation,3,10000000,False,,1122,1,132,5.000033726836794,4,1.9219307928848235,100.67456794967751,4.0,1.06,1122.66,1.0,1.0,100.0,0.0,1,39.999730187125635,0.0,19.999865093562818,19.999865093562818,0.0,20.000539625748726,2.0,3.0000337268367936,0.0,100.0,0.0,0.0,100.0,0.0,0.0,-0.0,1,-0.0,1,Type 1 specialists
rand_500_r025_e0896_n1_predation,seed_4.json,25,896,1,predation,4,10000000,False,,878,4,189,4.999615283411456,4,1.92229566624399,104.97976171234598,4.0,2.52,858.6,0.9988610478359908,1.0,99.8861047835991,0.0,13,19.996913785143892,0.0022560800285495956,19.99882303941764,40.0040837073176,0.00047622711868497056,19.99744716097364,0.9997687578126662,3.9998465255987896,0.11389521640091116,99.8861047835991,0.0,0.0,67.42596810933941,0.0,32.46013667425968,0.9103121743397736,2,0.9214489364463059,2,Type 1 specialists
rand_500_r025_e0896_n1_predation,seed_5.json,25,896,1,predation,5,10000000,False,,954,4,191,4.999873644885504,4,1.92181094048752,102.7617958049722,4.0,2.4,945.9,2.0,2.0,0.0,0.0,13,40.01171061108009,0.0,19.999247539807328,19.996055464040353,0.0,19.992986385072232,2.00053497371125,2.9993386711742542,0.0,0.0,100.0,0.0,50.0,0.0,50.0,1.0,2,-0.0,1,Generalists
rand_500_r025_e0896_n1_predation,seed_6.json,25,896,1,predation,6,10000000,False,,1248,2,152,4.999999381381674,4,1.9220087436941686,79.72273810593461,4.0,1.32,1308.86,1.0008012820512822,1.0008012820512822,99.9198717948718,0.0,23,40.00191399780383,0.0006065703718423235,19.999398918175547,19.999995269833384,0.0,19.99808524381539,2.0000954524310206,2.9999039289506526,0.0,99.9198717948718,0.08012820512820513,0.0,0.0,0.04006410256410257,99.9599358974359,0.005099282139318095,1,0.009397050562890513,1,Type 3 specialists
rand_500_r025_e0896_n1_predation,seed_7.json,25,896,1,predation,7,10000000,False,,1108,1,188,5.0000344410171165,4,1.9221504615990832,91.0477205700164,4.0,1.28,1153.54,1.0,1.0,100.0,0.0,3,39.998703794867644,0.0013708743793758415,20.000560470184407,20.00017644848744,0.0,19.999188412081125,1.9999489657038028,3.0000854753133135,0.0,100.0,0.0,0.0,0.0,0.0,100.0,-0.0,1,-0.0,1,Type 3 specialists
rand_500_r025_e0896_n1_predation,seed_8.json,25,896,1,predation,8,10000000,False,,1415,4,202,4.999810568424204,4,1.9220506339674184,89.44376111382799,4.0,3.56,1470.86,1.8812720848056537,1.8812720848056537,11.87279151943463,0.0,123,40.001785973279105,0.00026973375259624707,19.99994130274107,19.998639983820997,0.000560639020125014,19.998802367386105,2.0000135226504394,2.9997970457737644,0.0,11.87279151943463,88.12720848056537,0.0,55.936395759717314,4.982332155477032,39.081272084805654,1.2141403723464625,2,0.9743586917866316,3,Generalists
rand_500_r025_e0896_n1_predation,seed_9.json,25,896,1,predation,9,10000000,False,,742,9,276,6.374125708058586,4,1.931909407699685,90.12091042492465,4.0,6.22,756.86,1.0,1.0,100.0,0.0,13,37.25294798416735,0.000418358028818806,22.50593247697759,24.573505776543552,0.0025423913603559497,15.664653012922326,2.374549734468504,3.9995759735900824,0.0,100.0,0.0,0.0,45.95687331536388,0.0,54.04312668463612,0.9952781356428169,2,0.9952781356428169,2,Type 3 specialists
rand_500_r025_e0896_n1_predation,seed_10.json,25,896,1,predation,10,10000000,False,,704,1,257,5.999916710363273,4,1.9183048354545242,115.77516695873796,4.0,1.7,712.1,1.0,1.0,100.0,0.0,1,33.33330149325365,0.0,33.33246499539372,16.66689802998038,0.0,16.66733548137224,1.999970326409496,3.999946383953777,0.0,100.0,0.0,0.0,100.0,0.0,0.0,-0.0,1,-0.0,1,Type 1 specialists
rand_500_r025_e0896_n1_predation,seed_11.json,25,896,1,predation,11,10000000,False,,1040,4,179,4.999906698524494,4,1.9223382835536975,98.84414926025964,4.0,2.86,1028.16,1.9076923076923078,1.9076923076923078,9.23076923076923,0.0,13,39.99963525498687,0.0015482700283369864,19.997333057913227,20.000373212866283,0.0011087454879395997,20.00000145871735,1.9999444424994537,2.9999622560250407,0.0,9.23076923076923,90.76923076923077,0.0,54.61538461538461,0.0,45.38461538461539,0.993844848434754,2,0.44412604507959963,2,Generalists
rand_500_r025_e0896_n1_predation,seed_12.json,25,896,1,predation,12,10000000,False,,1253,2,172,4.999982171861265,4,1.9452398158939164,104.9970999640292,4.0,2.18,1192.52,1.0,1.0,100.0,0.0,3,22.68675660265761,0.0013809996781672393,19.998677963596435,37.313113691933026,0.0003375539462077503,19.999733188188547,1.1343337855064388,3.865648386354826,0.0,100.0,0.0,0.0,0.0,0.0,100.0,-0.0,1,-0.0,1,Type 3 specialists
rand_500_r025_e0896_n1_predation,seed_13.json,25,896,1,predation,13,10000000,False,,541,1,332,6.999292125918499,4,1.8422733551583153,113.21982504337238,4.0,1.42,483.36,1.0,1.0,100.0,0.0,1,42.86147721840254,0.0,28.57431814560169,14.277045563194928,0.0,14.287159072800845,3.0000000000000004,3.999292125918499,0.0,100.0,0.0,0.0,100.0,0.0,0.0,-0.0,1,-0.0,1,Type 1 specialists
rand_500_r025_e0896_n1_predation,seed_14.json,25,896,1,predation,14,10000000,False,,598,1,185,6.999742800366855,4,1.8425161025756533,106.95902835664732,4.0,1.44,549.26,1.0,1.0,100.0,0.0,1,42.85454541278384,0.0004960499722990168,28.56909666787873,14.284680435923086,0.0,14.291181433442052,2.9997079571612812,4.000034843205574,0.0,100.0,0.0,0.0,100.0,0.0,0.0,-0.0,1,-0.0,1,Type 1 specialists
rand_500_r025_e0896_n1_predation,seed_15.json,25,896,1,predation,15,10000000,False,,1163,1,133,4.999999469762109,4,1.9220375666488552,92.73388848693392,4.0,1.08,1176.18,1.0,1.0,100.0,0.0,3,40.00033757527226,0.0,19.999658182824174,20.000002120951788,0.0006941444164865131,19.999307976535306,2.0000166666666668,2.9999828030954423,0.0,100.0,0.0,0.0,0.0,0.0,100.0,-0.0,1,-0.0,1,Type 3 specialists
rand_500_r025_e0896_n1_predation,seed_16.json,25,896,1,predation,16,10000000,False,,871,5,212,6.002280886568136,4,1.7966092044262318,74.09444235038919,4.0,3.48,913.8,2.0,2.0,0.0,0.0,12,49.97364253350239,0.00038432141357018414,16.651326609890024,16.674511680432783,0.035307683910833845,16.664827170850398,2.9995583941102986,3.0027224924578375,0.0,0.0,100.0,0.0,50.0,50.0,0.0,1.0,2,-0.0,1,Generalists
rand_500_r025_e0896_n1_predation,seed_17.json,25,896,1,predation,17,10000000,False,,416,3,717,6.803317486734852,4,1.952806763499318,93.60865251276475,4.0,2.1,394.4,1.0,1.0,100.0,0.0,1,29.39742271178159,0.0,29.400922909339304,26.5029430229883,0.0,14.698711355890795,2.0,4.803317486734853,0.0,100.0,0.0,0.0,100.0,0.0,0.0,-0.0,1,-0.0,1,Type 1 specialists
rand_500_r025_e0896_n1_predation,seed_18.json,25,896,1,predation,18,10000000,False,,1248,4,146,5.000306317623241,4,1.9232828928946204,177.8035947386493,4.0,3.7,1219.92,1.0,1.0,100.0,0.0,13,20.001409144816904,0.0,19.99148652194045,19.998771542254957,0.010817126009568159,39.99751566497813,1.0001317250819521,4.000174592541288,0.0,100.0,0.0,0.0,74.43910256410257,0.0,25.560897435897434,0.8200476993586603,2,0.8200476993586603,2,Type 1 specialists
rand_500_r025_e0896_n1_predation,seed_19.json,25,896,1,predation,19,10000000,False,,797,1,165,5.999567496178127,4,1.9184071935844946,103.02569239466499,4.0,1.48,779.62,1.0,1.0,100.0,0.0,3,33.336191711793205,0.0008584267103721205,16.662300026808698,33.33280459370431,0.0,16.66784524098341,2.000027322404372,3.999540173773755,0.0,100.0,0.0,0.0,0.0,0.0,100.0,-0.0,1,-0.0,1,Type 3 specialists
rand_500_r025_e0896_n1_predation,seed_20.json,25,896,1,predation,20,10000000,False,,667,1,181,5.999477994181107,4,1.9182706214042489,97.18791582821848,4.0,1.4,676.4,1.0,1.0,100.0,0.0,1,33.33623361798809,0.0,16.662696217833002,33.332953355184856,0.0,16.668116808994046,1.9999999999999998,3.999477994181107,0.0,100.0,0.0,0.0,100.0,0.0,0.0,-0.0,1,-0.0,1,Type 1 specialists
rand_500_r025_e0896_n2,seed_1.json,25,896,2,normal,1,10000000,False,,386,1,409,7.999859251941967,4,1.7502724824075442,90.11311501606892,4.0,1.12,418.58,1.0,1.0,100.0,0.0,2,25.000439845419777,0.0,12.500219922709888,49.999060725480696,0.0018189653588673313,12.498460541030775,1.9999999999999998,5.999859251941967,0.0,100.0,0.0,0.0,0.0,100.0,0.0,-0.0,1,-0.0,1,Type 2 specialists
rand_500_r025_e0896_n2,seed_2.json,25,896,2,normal,2,10000000,False,,995,4,118,7.662885129828454,5,2.010205267454993,92.87457610574371,4.0,4.66,969.78,1.0,1.0,100.0,0.0,12,26.099830104653716,0.0,13.050191241005212,42.87953743336809,4.920526168646116,13.049915052326858,1.9999999999999998,5.662885129828455,0.0,100.0,0.0,0.0,56.28140703517588,43.71859296482412,0.0,0.9885852466276136,2,0.9885852466276136,2,Type 1 specialists
rand_500_r025_e0896_n2,seed_3.json,25,896,2,normal,3,10000000,False,,1533,1,99,4.999831559616629,4,1.9219523246433152,90.16073549995339,4.0,2.34,1535.66,1.0,1.0,100.0,0.0,2,40.00212173122733,0.00025691295805050697,20.00015142379359,20.000211241584747,0.0,19.997258690436286,2.0000387068341654,2.9997928527824635,0.0,100.0,0.0,0.0,0.0,100.0,0.0,-0.0,1,-0.0,1,Type 2 specialists
rand_500_r025_e0896_n2,seed_4.json,25,896,2,normal,4,10000000,False,,615,1,195,6.999649751019075,4,1.8425800651607378,104.98745062754608,4.0,1.32,673.6,1.0,1.0,100.0,0.0,2,28.569545935320207,0.0004177318454771873,14.286429115319812,42.858371528053155,0.0009158179062899074,14.284319871555052,1.9997681509289211,4.999881600090154,0.0,100.0,0.0,0.0,0.0,100.0,0.0,-0.0,1,-0.0,1,Type 2 specialists
rand_500_r025_e0896_n2,seed_5.json,25,896,2,normal,5,10000000,False,,1400,3,98,4.999130464769252,4,1.9636618581374319,94.00096491292496,4.0,4.08,1444.06,1.0,1.0,100.0,0.0,123,26.08490548327456,0.00028637764847389284,19.98990216398807,33.924957671084314,0.0008006729317905839,19.999147631072788,1.3040184567206436,3.6951120080486084,0.0,100.0,0.0,0.0,29.642857142857142,28.714285714285715,41.642857142857146,1.5632178533201517,3,1.5632178533201517,3,Type 3 specialists
rand_500_r025_e0896_n2,seed_6.json,25,896,2,normal,6,10000000,False,,942,2,153,6.999768144358412,4,1.8437301496419205,76.88659431744445,4.0,2.08,953.9,1.0,1.0,100.0,0.0,1,28.56921103021291,0.0012168480852604803,14.277728126982412,42.855601522628184,0.009412916841034116,14.286829555250202,1.999778532787373,4.999989611571039,0.0,100.0,0.0,0.0,100.0,0.0,0.0,-0.0,1,-0.0,1,Type 1 specialists
rand_500_r025_e0896_n2,seed_7.json,25,896,2,normal,7,10000000,False,,1086,2,178,8.261201702920797,4,1.7391703032575943,120.6301475967897,4.0,2.22,1107.1,1.0,1.0,100.0,0.0,12,13.68838990662464,0.0,22.626154322070956,51.582419680804215,0.0,12.103036090500186,1.1308255000685132,7.1303762028522835,0.0,100.0,0.0,0.0,86.74033149171271,13.259668508287293,0.0,0.5645168396064474,2,0.5645168396064474,2,Type 1 specialists
rand_500_r025_e0896_n2,seed_8.json,25,896,2,normal,8,10000000,False,,781,3,212,5.999415862643717,4,1.9183361635728382,104.98347537786505,4.0,3.34,782.32,1.9398207426376441,1.9398207426376441,6.017925736235595,0.0,123,33.327312874001606,0.0,16.673643563343767,33.33531749044401,0.0,16.663726072210608,1.9994440951557542,3.999971767487963,0.0,6.017925736235595,93.9820742637644,0.0,52.9449423815621,46.9910371318822,0.06402048655569782,1.0045149097542954,2,0.34219111006139924,2,Generalists
rand_500_r025_e0896_n2,seed_9.json,25,896,2,normal,9,10000000,False,,1502,1,104,4.9996492032598505,4,1.9221158606421869,91.29385997916467,4.0,1.84,1497.76,1.0,1.0,100.0,0.0,2,40.00250516529346,0.0010581099885050495,19.999828563337292,19.99848201786959,0.0002679357439439274,19.997858207767216,1.9999849307805748,2.9996642724792757,0.0,100.0,0.0,0.0,0.0,100.0,0.0,-0.0,1,-0.0,1,Type 2 specialists
rand_500_r025_e0896_n2,seed_10.json,25,896,2,normal,10,10000000,False,,733,2,267,7.88222243785088,4,1.7611727694097534,88.16347760340425,4.0,2.16,747.88,1.9618008185538882,1.9618008185538882,3.819918144611187,0.0,12,49.25186108086825,0.0,12.686777211436507,25.373554422873013,0.0006853240049801381,12.687121960817253,3.882141245175342,4.0000811926755375,0.0,3.819918144611187,96.1800818553888,0.0,51.9099590723056,48.0900409276944,0.0,0.9989471698234857,2,0.23397368805966073,1,Generalists
rand_500_r025_e0896_n2,seed_11.json,25,896,2,normal,11,10000000,False,,818,1,273,9.999800208460556,4,1.7219159850921812,95.87158813343916,4.0,1.16,812.5,2.0,2.0,0.0,0.0,12,40.000799182124766,0.0,9.99920689098562,39.99980627757919,0.0,10.000187649310432,4.0,5.999800208460556,0.0,0.0,100.0,0.0,50.0,50.0,0.0,1.0,2,-0.0,1,Generalists
rand_500_r025_e0896_n2,seed_12.json,25,896,2,normal,12,10000000,False,,1093,2,131,6.568152791710535,4,1.878914701210009,92.92799913929413,4.0,2.76,1084.28,1.554437328453797,1.554437328453797,44.55626715462031,0.0,12,39.102647640864255,0.0,15.222969799077324,30.449112058467588,0.0,15.22527050159083,2.5683216426561595,3.999831149054375,0.0,44.55626715462031,55.44373284537969,0.0,72.27813357731016,27.721866422689846,0.0,0.8516333096305215,2,0.9914323960847968,2,Generalists
rand_500_r025_e0896_n2,seed_13.json,25,896,2,normal,13,10000000,False,,1445,6,150,6.5812600320723265,4,1.8829356137178288,83.76390803680061,4.0,4.88,1382.72,1.4878892733564013,1.4878892733564013,51.21107266435986,0.0,123,37.507851360378304,0.0002223066378858828,15.190752350223727,32.10939412442976,0.0,15.191779858330323,2.4684892304696735,4.112770801602652,0.0,51.21107266435986,48.78892733564014,0.0,51.21107266435986,24.39446366782007,24.39446366782007,1.487466032669141,3,0.9995767593127396,2,Type 1 specialists
rand_500_r025_e0896_n2,seed_14.json,25,896,2,normal,14,10000000,False,,896,2,138,5.000142509839501,5,2.3219280872474712,102.60065158892158,4.0,2.72,852.28,1.0,1.0,100.0,0.0,13,19.99942997688878,0.0,19.99701341006826,20.00273462494436,20.001846543709302,19.998975444389306,1.0000000000000002,4.000142509839501,0.0,100.0,0.0,0.0,91.29464285714286,0.0,8.705357142857142,0.4265577948058118,2,0.4265577948058118,2,Type 1 specialists
rand_500_r025_e0896_n2,seed_15.json,25,896,2,normal,15,10000000,False,,578,2,198,7.846284975382044,4,1.7641573201283807,104.97730699659505,4.0,2.66,627.3,1.0,1.0,100.0,0.0,1,25.48977007940778,0.0,12.731569383941613,49.03377549694671,0.0,12.74488503970389,2.0000000000000004,5.846284975382043,0.0,100.0,0.0,0.0,100.0,0.0,0.0,-0.0,1,-0.0,1,Type 1 specialists
rand_500_r025_e0896_n2,seed_16.json,25,896,2,normal,16,10000000,False,,1188,5,118,6.215580251587341,4,1.9212989106590317,106.61088645875807,4.0,4.32,1157.76,1.0909090909090908,1.0909090909090908,90.9090909090909,0.0,123,27.3434462086929,0.0008686147261293871,18.96558549942353,37.601773311637466,0.00028250399480386784,16.08804386152518,1.6995538426509236,4.516026408936418,0.0,90.9090909090909,9.090909090909092,0.0,54.292929292929294,41.16161616161616,4.545454545454546,1.2082384336468792,2,1.3236354565295523,3,Type 1 specialists
rand_500_r025_e0896_n2,seed_17.json,25,896,2,normal,17,10000000,False,,1515,6,105,4.000506484534777,4,2.002649514274159,103.87819253804466,4.0,5.06,1580.2,1.0,1.0,100.0,0.0,123,24.99678873912767,0.0028984579255522157,24.992063504693455,24.99721687934045,0.018864445668105235,24.992167973244776,0.9999981544342614,3.0005083301005158,0.0,100.0,0.0,0.0,32.67326732673267,56.5016501650165,10.825082508250825,1.3398742215778718,3,1.3398742215778718,3,Type 2 specialists
rand_500_r025_e0896_n2,seed_18.json,25,896,2,normal,18,10000000,False,,725,7,185,5.527941277977739,4,1.9962913919129914,106.07467852900243,4.0,6.68,681.58,1.0786206896551724,1.0786206896551724,95.86206896551724,0.0,123,27.339935856733888,0.2919544718151412,22.82284346493425,31.435939687699538,0.022394506939183698,18.086932011877987,1.5113355995970292,4.016605678380709,0.0,95.86206896551724,0.41379310344827586,3.7241379310344827,75.17241379310344,23.379310344827587,1.4482758620689655,0.8881791439949526,2,1.0117557420938064,2,Type 1 specialists
rand_500_r025_e0896_n2,seed_19.json,25,896,2,normal,19,10000000,False,,906,1,157,5.999662610161997,4,1.91889594632594,104.9590041811494,4.0,1.54,845.44,2.0,2.0,0.0,0.0,12,33.335207826728066,0.0032266951147383333,16.666407180353133,33.334100954133596,0.001196733010905817,16.659860610659553,1.9999999999999998,3.999662610161997,0.0,0.0,100.0,0.0,50.0,50.0,0.0,1.0,2,-0.0,1,Generalists
rand_500_r025_e0896_n2,seed_20.json,25,896,2,normal,20,10000000,False,,1435,2,101,6.324881073094497,4,1.8975023422740678,91.40863037101079,4.0,2.72,1338.16,1.0,1.0,100.0,0.0,12,36.75870370864318,0.00024101484696480128,15.80902590482231,31.620904869146116,0.00024138280856322083,15.810883119732871,2.3249442935828575,3.9999367795116396,0.0,100.0,0.0,0.0,67.3170731707317,32.68292682926829,0.0,0.9116539980612602,2,0.9116539980612602,2,Type 1 specialists
rand_500_r025_e0896_n2_predation,seed_1.json,25,896,2,predation,1,10000000,False,,1666,3,91,4.999987489295559,4,1.9219742816459864,93.92654965640335,4.0,2.58,1662.74,1.7995198079231693,1.8001200480192077,20.048019207683073,0.060024009603841535,12,39.99960574002325,0.0,20.000543277611932,19.999800939421835,0.00023724851770988103,19.99981279442527,1.9999752827687105,3.000012206526848,0.0,20.048019207683073,79.95198079231693,0.0,39.975990396158466,60.024009603841534,0.0,0.9708099740020737,2,0.7228874400922857,2,Generalists
rand_500_r025_e0896_n2_predation,seed_2.json,25,896,2,predation,2,10000000,False,,1228,4,161,7.791371927137292,5,2.1565171361708293,102.46258604843655,4.0,4.06,1217.12,1.0,1.0,100.0,0.0,12,37.60273857667285,0.005860770994304227,12.829935031409152,24.7895119575493,11.933111523324081,12.83884214005032,2.929769217297713,4.861602709839579,0.0,100.0,0.0,0.0,91.53094462540717,8.469055374592834,0.0,0.4184947520354933,2,0.4184947520354933,2,Type 1 specialists
rand_500_r025_e0896_n2_predation,seed_3.json,25,896,2,predation,3,10000000,False,,1800,3,95,4.0002654866164615,4,2.001577909757469,100.19663164560235,4.0,3.64,1641.0,1.0,1.0,100.0,0.0,13,25.006499262164734,0.006406430172224074,24.993857881703825,24.994480209968216,0.005283431663583955,24.993472784327423,1.000326359395376,2.9999391272210856,0.0,100.0,0.0,0.0,91.22222222222223,0.0,8.777777777777779,0.42900850768862714,2,0.42900850768862714,2,Type 1 specialists
rand_500_r025_e0896_n2_predation,seed_4.json,25,896,2,predation,4,10000000,False,,867,2,198,7.409731848516508,4,1.8051743785553125,117.3042287899392,4.0,3.14,858.12,2.397923875432526,2.397923875432526,0.0,0.0,123,46.02907388909714,0.0006399890824931215,26.979073226069204,13.495765035008777,0.0,13.495447860742384,3.410630947537627,3.999100900978881,0.0,0.0,60.207612456747405,39.792387543252595,13.264129181084199,43.3679354094579,43.3679354094579,1.4319964043058184,3,0.9697231768388037,2,Generalists
rand_500_r025_e0896_n2_predation,seed_5.json,25,896,2,predation,5,10000000,False,,1462,6,110,4.999713416980585,4,1.9232812958630336,95.70239037417976,4.0,4.6,1512.5,1.0677154582763337,1.0677154582763337,93.22845417236663,0.0,13,39.98956690493934,0.0024529471471170417,19.996834728311118,20.017117625871897,0.006915923350551225,19.987111870379987,1.9993637419386798,3.0003496750419054,0.0,93.22845417236663,6.771545827633379,0.0,96.6142270861833,0.0,3.3857729138166897,0.21338367997282587,1,0.3573397665520393,2,Type 1 specialists
rand_500_r025_e0896_n2_predation,seed_6.json,25,896,2,predation,6,10000000,False,,1290,3,103,6.303467983354929,4,1.9513899204880594,115.17031601201157,4.0,2.86,1312.98,1.0,1.0,100.0,0.0,12,34.130931190791564,0.0,25.00008687213457,25.00008687213457,0.0048439940440068744,15.864051070895291,2.1514323200324474,4.152035663322482,0.0,100.0,0.0,0.0,44.41860465116279,55.58139534883721,0.0,0.9909926792121884,2,0.9909926792121884,2,Type 2 specialists
rand_500_r025_e0896_n2_predation,seed_7.json,25,896,2,predation,7,10000000,False,,528,1,256,4.999367393607707,4,1.9218774397297382,91.92363045802031,4.0,1.36,568.24,1.0,1.0,100.0,0.0,1,19.990567950655066,0.0,20.001839812057845,40.00506149152472,0.0,20.00253074576236,0.9994019359220417,3.999965457685665,0.0,100.0,0.0,0.0,100.0,0.0,0.0,-0.0,1,-0.0,1,Type 1 specialists
rand_500_r025_e0896_n2_predation,seed_8.json,25,896,2,predation,8,10000000,False,,1412,4,129,5.000407005533785,4,1.9236762801859333,75.06883303681035,4.0,3.56,1435.02,1.9468838526912182,1.9468838526912182,5.311614730878187,0.0,12,39.996744220753754,0.004438037165260647,19.99415087693762,20.00206037917106,0.008842835751086329,19.993763650221215,2.0,3.000407005533785,0.0,5.311614730878187,94.68838526912181,0.0,52.655807365439095,47.344192634560905,0.0,0.9979638860768605,2,0.29948947549355726,2,Generalists
rand_500_r025_e0896_n2_predation,seed_9.json,25,896,2,predation,9,10000000,False,,739,2,181,5.000026737967914,4,1.9231542911491086,105.0,4.0,2.2,740.04,1.0,1.0,100.0,0.0,2,39.99862020539751,0.009741226049068036,19.999893048700272,19.99185247115287,0.0,19.999893048700272,1.999941705088112,3.0000850328798023,0.0,100.0,0.0,0.0,0.0,100.0,0.0,-0.0,1,-0.0,1,Type 2 specialists
rand_500_r025_e0896_n2_predation,seed_10.json,25,896,2,predation,10,10000000,False,,683,4,153,5.059268586669799,4,1.9261756786797415,104.86732470598874,4.0,3.6,698.18,1.0,1.0,100.0,0.0,1,39.54657467285994,0.0005575656683890035,19.76570294439019,20.922019438359683,0.0,19.765145378721797,2.000767429527918,3.0585011571418814,0.0,100.0,0.0,0.0,100.0,0.0,0.0,-0.0,1,-0.0,1,Type 1 specialists
rand_500_r025_e0896_n2_predation,seed_11.json,25,896,2,predation,11,10000000,False,,965,1,157,4.999840894613502,4,1.9220445850327066,84.29298171876813,4.0,1.62,941.78,1.0,1.0,100.0,0.0,2,39.99578627864238,0.0,20.0006349974135,20.00019831175572,0.00043957442729226903,20.002940837761116,1.9997256784817774,3.000115216131725,0.0,100.0,0.0,0.0,0.0,100.0,0.0,-0.0,1,-0.0,1,Type 2 specialists
rand_500_r025_e0896_n2_predation,seed_12.json,25,896,2,predation,12,10000000,False,,789,4,128,5.876093756293625,4,1.9251384760405386,103.82473833244713,4.0,3.22,751.84,1.0,1.0,100.0,0.0,12,32.73634286017768,0.0,17.0194024653919,33.22744051448531,0.0,17.016814159945103,1.9236181988457746,3.9524755574478503,0.0,100.0,0.0,0.0,12.29404309252218,87.70595690747783,0.0,0.5377543934142636,2,0.5377543934142636,2,Type 2 specialists
rand_500_r025_e0896_n2_predation,seed_13.json,25,896,2,predation,13,10000000,False,,881,3,152,8.001799070196137,4,1.7533472915393673,97.35291236275705,4.0,2.6,863.48,2.0,2.0,0.0,0.0,13,49.98818703626115,0.0,12.497189584835306,24.989288859581077,0.029545033942591056,12.49578948537986,3.999954285475451,4.001844784720686,0.0,0.0,100.0,0.0,50.0,0.0,50.0,1.0,2,-0.0,1,Generalists
rand_500_r025_e0896_n2_predation,seed_14.json,25,896,2,predation,14,10000000,False,,970,3,125,6.204884662048228,5,2.2490131766504877,94.50992227063385,4.0,2.72,943.68,1.0,1.0,100.0,0.0,12,32.23267004837124,12.805969206709293,19.42775888937834,19.42705982269237,0.0003340173062007381,16.10620801554255,2.0000000000000004,4.204884662048227,0.0,100.0,0.0,0.0,21.237113402061855,78.76288659793815,0.0,0.7459906966424745,2,0.7459906966424745,2,Type 2 specialists
rand_500_r025_e0896_n2_predation,seed_15.json,25,896,2,predation,15,10000000,False,,1289,1,112,4.999860657502863,4,1.921913830868961,92.02330655182224,4.0,1.28,1282.94,1.0,1.0,100.0,0.0,1,19.999018444888183,0.0,20.000250066189608,40.00142631073571,0.0,19.999305178186496,0.9999230551127052,3.999937602390158,0.0,100.0,0.0,0.0,100.0,0.0,0.0,-0.0,1,-0.0,1,Type 1 specialists
rand_500_r025_e0896_n2_predation,seed_16.json,25,896,2,predation,16,10000000,False,,1054,3,180,4.998809404807784,4,1.9232005098401013,91.89213046033028,4.0,3.4,1098.3,1.9990512333965844,1.9990512333965844,0.09487666034155598,0.0,12,39.99390599864329,0.0,20.004162576790975,20.00476351505249,0.009733323741800142,19.987434585771435,1.9992191344101655,2.9995902703976185,0.0,0.09487666034155598,99.90512333965845,0.0,49.95256166982922,50.04743833017078,0.0,0.9999993506731124,2,0.010895322187423494,1,Generalists
rand_500_r025_e0896_n2_predation,seed_17.json,25,896,2,predation,17,10000000,False,,1430,6,260,5.000183720010484,4,1.9244053202296612,72.83927243647209,4.0,5.26,1411.14,1.9986013986013986,1.9986013986013986,0.13986013986013987,0.0,12,39.99224331302531,0.00028879805266367507,19.990573906811473,20.001820299722286,0.02067810065818677,19.994395581730082,1.999685639404873,3.000498080605611,0.0,0.13986013986013987,99.86013986013987,0.0,50.06993006993007,49.93006993006993,0.0,0.9999985889818463,2,0.015277601572357066,1,Generalists
rand_500_r025_e0896_n2_predation,seed_18.json,25,896,2,predation,18,10000000,False,,1161,1,131,6.000031910655257,4,1.9183491529745276,94.51050352738419,4.0,1.1,1222.68,1.0,1.0,100.0,0.0,1,33.3331560528581,0.0,16.666809933184435,33.3331560528581,0.0002883491008032706,16.66658961199857,2.0,4.000031910655257,0.0,100.0,0.0,0.0,100.0,0.0,0.0,-0.0,1,-0.0,1,Type 1 specialists
rand_500_r025_e0896_n2_predation,seed_19.json,25,896,2,predation,19,10000000,False,,1226,3,103,6.459224060413153,4,1.867495494696651,102.46425464457276,4.0,3.32,1238.44,1.0,1.0,100.0,0.0,12,42.25875164562487,0.0,15.48198829860284,26.777781765646775,0.0,15.481478290125516,2.7295874539244407,3.729636606488712,0.0,100.0,0.0,0.0,34.42088091353997,65.57911908646004,0.0,0.9287894159401364,2,0.9287894159401364,2,Type 2 specialists
rand_500_r025_e0896_n2_predation,seed_20.json,25,896,2,predation,20,10000000,False,,562,1,232,6.0,4,1.9182958340544896,114.88143499073247,4.0,1.0,541.58,1.0,1.0,100.0,0.0,1,33.33333333333333,0.0,33.33333333333333,16.666666666666664,0.0,16.666666666666664,2.0,4.0,0.0,100.0,0.0,0.0,100.0,0.0,0.0,-0.0,1,-0.0,1,Type 1 specialists
rand_500_r035_e0448_n1,seed_1.json,35,448,1,normal,1,10000000,False,,367,4,999,9.9992419557376,6,2.446136593220573,124.99787198481621,4.0,3.72,370.0,2.0,2.0,0.0,0.0,13,30.01332354329777,9.980170697129784,20.00205243713811,20.007069923850775,9.996625296853695,10.000758101729868,3.001104840052702,6.998137115684898,0.0,0.0,100.0,0.0,50.0,0.0,50.0,1.0,2,-0.0,1,Generalists
rand_500_r035_e0448_n1,seed_2.json,35,448,1,normal,2,3727706,True,3727706,0,0,629,5.76,4,1.9182958340544896,100.8,3.84,0.96,8.56,,,,,,33.33333333333333,0.0,16.666666666666664,33.33333333333333,0.0,16.666666666666664,1.92,3.8400000000000003,,,,,,,,,,,,No diet / mouth
rand_500_r035_e0448_n1,seed_3.json,35,448,1,normal,3,10000000,False,,74,1,3198,5.0005,4,1.9218680900688936,75.74390567534337,4.0,1.02,79.1,1.0,1.0,100.0,0.0,3,40.00599940005999,0.0,19.99800019998,19.99800019998,0.0,19.99800019998,2.0004999999999997,2.9999999999999996,0.0,100.0,0.0,0.0,0.0,0.0,100.0,-0.0,1,-0.0,1,Type 3 specialists
rand_500_r035_e0448_n1,seed_4.json,35,448,1,normal,4,629809,True,629809,0,0,879,4.8,4,1.9219280948873623,182.4,3.84,0.96,7.02,,,,,,20.0,0.0,20.0,20.0,0.0,40.0,0.96,3.84,,,,,,,,,,,,No diet / mouth
rand_500_r035_e0448_n1,seed_5.json,35,448,1,normal,5,2313216,True,2313216,0,0,1876,6.72,4,1.8423709931771084,100.8,3.84,0.96,27.84,,,,,,42.85714285714286,0.0,14.285714285714285,28.57142857142857,0.0,14.285714285714285,2.88,3.84,,,,,,,,,,,,No diet / mouth
rand_500_r035_e0448_n1,seed_6.json,35,448,1,normal,6,10000000,False,,277,1,584,7.998226582134008,4,1.9079173725822103,124.93349467451215,4.0,1.86,272.22,1.0,1.0,100.0,0.0,3,37.50831473943528,0.01954683749658121,24.983370521129455,24.98599632212693,0.0,12.502771579811755,3.000000000000001,4.9982265821340075,0.0,100.0,0.0,0.0,0.0,0.0,100.0,-0.0,1,-0.0,1,Type 3 specialists
rand_500_r035_e0448_n1,seed_7.json,35,448,1,normal,7,10000000,False,,115,1,1337,6.0,4,1.9182958340544896,82.7064569015629,4.0,1.0,121.34,1.0,1.0,100.0,0.0,2,33.33333333333333,0.0,33.33333333333333,16.666666666666664,0.0,16.666666666666664,2.0,4.0,0.0,100.0,0.0,0.0,0.0,100.0,0.0,-0.0,1,-0.0,1,Type 2 specialists
rand_500_r035_e0448_n1,seed_8.json,35,448,1,normal,8,4130668,True,4130668,0,0,774,5.76,4,1.9182958340544896,100.03233333333334,3.84,0.96,3.52,,,,,,33.33333333333333,0.0,16.666666666666664,33.33333333333333,0.0,16.666666666666664,1.92,3.8400000000000003,,,,,,,,,,,,No diet / mouth
rand_500_r035_e0448_n1,seed_9.json,35,448,1,normal,9,1596389,True,1596389,0,0,1084,4.8,4,1.9219280948873623,100.8,3.84,0.96,27.7,,,,,,40.0,0.0,20.0,20.0,0.0,20.0,1.92,2.88,,,,,,,,,,,,No diet / mouth
rand_500_r035_e0448_n1,seed_10.json,35,448,1,normal,10,268969,True,268969,0,0,807,3.9112030265946935,4,1.9990827585131927,100.8,3.84,2.2,37.72,,,,,,24.361418351532652,0.0,24.54487771338806,26.548826221691236,0.0,24.54487771338806,0.9528245318865401,2.9583784947081533,,,,,,,,,,,,No diet / mouth
rand_500_r035_e0448_n1,seed_11.json,35,448,1,normal,11,1467691,True,1467691,0,0,955,5.755714545820023,4,1.9177974616768663,100.4357363947019,3.84,1.1,9.88,,,,,,33.35815188045354,0.0,16.67907594022677,33.35815188045354,0.0,16.604620298866138,1.92,3.835714545820023,,,,,,,,,,,,No diet / mouth
rand_500_r035_e0448_n1,seed_12.json,35,448,1,normal,12,10000000,False,,363,1,632,5.000001603031186,4,1.9235367426336485,90.98196963873683,4.0,1.28,361.16,2.0,2.0,0.0,0.0,23,39.99998717575462,0.01342303479211105,19.986570553085198,20.00108947793692,0.0,19.99892975843115,1.9999999999999998,3.0000016030311865,0.0,0.0,100.0,0.0,0.0,50.0,50.0,1.0,2,-0.0,1,Generalists
rand_500_r035_e0448_n1,seed_13.json,35,448,1,normal,13,10000000,False,,139,2,1272,8.998691563894445,4,1.891105589204182,54.7869852912569,4.0,1.18,136.34,1.0,1.0,100.0,0.0,3,33.32363980477041,0.0,22.225453398409865,33.3381800976148,0.0,11.112726699204933,2.998691563894446,6.0,0.0,100.0,0.0,0.0,0.0,0.0,100.0,-0.0,1,-0.0,1,Type 3 specialists
rand_500_r035_e0448_n1,seed_14.json,35,448,1,normal,14,10000000,False,,267,1,763,5.999737089474259,4,1.7924809392091505,104.83548195337515,4.0,1.44,297.36,1.0,1.0,100.0,0.0,3,50.00001934619458,0.0,16.66739700568492,16.664097270082273,0.0,16.66848637803823,2.999869705457941,2.999867384016318,0.0,100.0,0.0,0.0,0.0,0.0,100.0,-0.0,1,-0.0,1,Type 3 specialists
rand_500_r035_e0448_n1,seed_15.json,35,448,1,normal,15,772392,True,772392,0,0,835,8.64,4,1.6577427265048892,97.896,3.84,0.96,1.58,,,,,,55.555555555555536,0.0,11.111111111111116,22.222222222222232,0.0,11.111111111111116,4.799999999999999,3.840000000000002,,,,,,,,,,,,No diet / mouth
rand_500_r035_e0448_n1,seed_16.json,35,448,1,normal,16,10000000,False,,628,5,432,5.000218541650927,4,1.9226628886501977,51.654089659563624,4.0,4.5,642.58,1.0,1.0,100.0,0.0,23,20.000328041880106,0.005024166751983147,20.00422108602283,39.99385035907487,0.0,19.996576346270203,1.0000601111410987,4.0001584305098286,0.0,100.0,0.0,0.0,0.0,35.50955414012739,64.49044585987261,0.938536660866336,2,0.938536660866336,2,Type 3 specialists
rand_500_r035_e0448_n1,seed_17.json,35,448,1,normal,17,448616,True,448616,0,0,2868,5.76,4,1.9182958340544896,100.8,3.84,0.96,5.52,,,,,,33.33333333333333,0.0,16.666666666666664,33.33333333333333,0.0,16.666666666666664,1.92,3.8400000000000003,,,,,,,,,,,,No diet / mouth
rand_500_r035_e0448_n1,seed_18.json,35,448,1,normal,18,10000000,False,,306,1,1525,8.0,5,2.1556390622295662,125.97022238859543,4.0,1.04,298.44,1.0,1.0,100.0,0.0,3,37.500000000000014,12.5,25.0,12.5,0.0,12.5,3.000000000000001,4.999999999999999,0.0,100.0,0.0,0.0,0.0,0.0,100.0,-0.0,1,-0.0,1,Type 3 specialists
rand_500_r035_e0448_n1,seed_19.json,35,448,1,normal,19,460682,True,460682,0,0,1103,3.84,4,2.0,100.8,3.84,0.96,15.64,,,,,,25.0,0.0,25.0,25.0,0.0,25.0,0.96,2.88,,,,,,,,,,,,No diet / mouth
rand_500_r035_e0448_n1,seed_20.json,35,448,1,normal,20,10000000,False,,310,2,635,7.997907471771911,4,1.907215177883798,122.44706171749489,4.0,2.02,316.76,1.9967741935483871,1.9967741935483871,0.3225806451612903,0.0,23,37.49154834173067,0.0015953176695845256,24.999400051497762,25.005776135559742,0.010895564000480456,12.490784589541764,2.9985393461062553,4.999368125665655,0.0,0.3225806451612903,99.6774193548387,0.0,0.0,49.83870967741935,50.16129032258065,0.9999924937692873,2,0.031343516169554456,1,Generalists
rand_500_r035_e0448_n1_predation,seed_1.json,35,448,1,predation,1,183767,True,183767,0,0,1497,3.867348253200764,3,1.5320763283927166,101.86779304029304,3.84,1.96,10.16,,,,,,49.646421121008046,0.0,24.823210560504023,0.0,0.3823286957996672,25.148039622688273,1.92,1.9473482532007642,,,,,,,,,,,,No diet / mouth
rand_500_r035_e0448_n1_predation,seed_2.json,35,448,1,predation,2,1955966,True,1955966,0,0,1217,5.76,4,1.9182958340544896,100.8,3.84,0.96,24.38,,,,,,33.33333333333333,0.0,16.666666666666664,33.33333333333333,0.0,16.666666666666664,1.92,3.8400000000000003,,,,,,,,,,,,No diet / mouth
rand_500_r035_e0448_n1_predation,seed_3.json,35,448,1,predation,3,227669,True,227669,0,0,943,5.76,4,1.9306302390349934,118.21214285714287,3.84,1.56,5.92,,,,,,33.333333333333336,0.0,31.98302469135802,18.016975308641968,0.0,16.666666666666668,1.9200000000000002,3.84,,,,,,,,,,,,No diet / mouth
rand_500_r035_e0448_n1_predation,seed_4.json,35,448,1,predation,4,2297189,True,2297189,0,0,884,6.72,4,1.8423709931771084,100.8,3.84,0.96,10.56,,,,,,42.85714285714286,0.0,14.285714285714285,28.57142857142857,0.0,14.285714285714285,2.88,3.84,,,,,,,,,,,,No diet / mouth
rand_500_r035_e0448_n1_predation,seed_5.json,35,448,1,predation,5,3554021,True,3554021,0,0,1203,3.840930232558139,4,2.00301625018824,99.84,3.84,0.98,22.08,,,,,,24.993945265197386,0.012109469605231283,24.993945265197386,24.993945265197386,0.012109469605231283,24.993945265197386,0.9599999999999999,2.880930232558139,,,,,,,,,,,,No diet / mouth
rand_500_r035_e0448_n1_predation,seed_6.json,35,448,1,predation,6,131955,True,131955,0,0,1451,3.84,3,1.5649274888268443,100.8,3.84,1.36,11.2,,,,,,49.10176628926629,0.8982337107337104,25.000000000000007,0.0,0.0,25.000000000000007,1.8855078255078253,1.9544921744921748,,,,,,,,,,,,No diet / mouth
rand_500_r035_e0448_n1_predation,seed_7.json,35,448,1,predation,7,240077,True,240077,0,0,1447,3.84,3,1.5,77.76,3.84,0.96,2.82,,,,,,50.0,0.0,25.0,0.0,0.0,25.0,1.92,1.92,,,,,,,,,,,,No diet / mouth
rand_500_r035_e0448_n1_predation,seed_8.json,35,448,1,predation,8,353497,True,353497,0,0,942,3.84,4,2.0,100.8,3.84,0.96,9.78,,,,,,25.0,0.0,25.0,25.0,0.0,25.0,0.96,2.88,,,,,,,,,,,,No diet / mouth
rand_500_r035_e0448_n1_predation,seed_9.json,35,448,1,predation,9,10000000,False,,345,2,803,5.001787951906131,4,1.924858368947698,104.1976561012477,4.0,3.18,347.44,2.0,2.0,0.0,0.0,13,40.051792054349676,0.027406779102895996,19.956925840191655,20.028597004484364,0.003196110885339027,19.93208221098606,2.003305709496959,2.998482242409172,0.0,0.0,100.0,0.0,50.0,0.0,50.0,1.0,2,-0.0,1,Generalists
rand_500_r035_e0448_n1_predation,seed_10.json,35,448,1,predation,10,10000000,False,,289,2,836,7.253616632237181,5,1.9974532387910342,93.87840983114755,4.0,2.54,263.48,1.0,1.0,100.0,0.0,3,41.350015153753915,0.003451845272348572,13.786226246858831,27.572452493717662,3.5061740037509774,13.78168025664626,2.999371576625289,4.254245055611892,0.0,100.0,0.0,0.0,0.0,0.0,100.0,-0.0,1,-0.0,1,Type 3 specialists
rand_500_r035_e0448_n1_predation,seed_11.json,35,448,1,predation,11,10000000,False,,238,8,899,5.987456461611445,4,1.7979029197588425,101.89615344972246,4.0,7.28,271.58,1.0,1.0,100.0,0.0,3,49.92876525158812,0.04275478104944355,16.62991298710289,16.743881746910645,0.0,16.654685233348903,2.989463081259023,2.9979933803524226,0.0,100.0,0.0,0.0,0.0,0.0,100.0,-0.0,1,-0.0,1,Type 3 specialists
rand_500_r035_e0448_n1_predation,seed_12.json,35,448,1,predation,12,4480984,True,4480984,0,0,830,4.8,4,1.9219280948873623,98.2496993006993,3.84,0.96,4.76,,,,,,40.0,0.0,20.0,20.0,0.0,20.0,1.92,2.88,,,,,,,,,,,,No diet / mouth
rand_500_r035_e0448_n1_predation,seed_13.json,35,448,1,predation,13,2802357,True,2802357,0,0,1011,4.8,4,1.9263263325971627,100.8,3.84,1.46,20.66,,,,,,39.549223529538445,0.0,20.000000000000004,20.450776470461555,0.0,20.000000000000004,1.8983627294178453,2.9016372705821545,,,,,,,,,,,,No diet / mouth
rand_500_r035_e0448_n1_predation,seed_14.json,35,448,1,predation,14,10000000,False,,242,3,747,5.997651921066274,4,1.79339002807805,101.37441753734637,4.0,2.56,245.92,2.0,2.0,0.0,0.0,23,49.94256051911589,0.0,16.66664171837284,16.673191661683134,0.0,16.717606100828146,2.9953809404044405,3.0022709806618337,0.0,0.0,100.0,0.0,0.0,50.0,50.0,1.0,2,-0.0,1,Generalists
rand_500_r035_e0448_n1_predation,seed_15.json,35,448,1,predation,15,10000000,False,,353,4,756,5.000915069109562,4,1.925014687290728,85.56255162733392,4.0,4.4,355.88,1.3371104815864023,1.3371104815864023,66.28895184135978,0.0,23,39.95476450912802,0.021774571597508643,20.029637484611264,19.987672271154523,0.0011426480224754488,20.00500851548621,1.9981038391642223,3.002811229945339,0.0,66.28895184135978,33.711048158640224,0.0,0.0,25.070821529745043,74.92917847025495,0.812398690731506,2,1.2803567157897033,3,Type 3 specialists
rand_500_r035_e0448_n1_predation,seed_16.json,35,448,1,predation,16,5221228,True,5221228,0,0,2516,4.8,4,1.9219280948873623,100.8,3.84,0.96,5.64,,,,,,40.0,0.0,20.0,20.0,0.0,20.0,1.92,2.88,,,,,,,,,,,,No diet / mouth
rand_500_r035_e0448_n1_predation,seed_17.json,35,448,1,predation,17,868435,True,868435,0,0,669,4.8,3,1.3709505944546687,100.8,3.84,0.96,20.06,,,,,,60.0,0.0,19.999999999999996,0.0,0.0,19.999999999999996,2.88,1.92,,,,,,,,,,,,No diet / mouth
rand_500_r035_e0448_n1_predation,seed_18.json,35,448,1,predation,18,140742,True,140742,0,0,1920,5.330924916110686,5,2.2956577771278077,100.8,3.84,1.92,25.14,,,,,,18.008132080396898,0.0,18.008132080396898,27.9674716784124,18.008132080396898,18.008132080396898,0.96,4.3709249161106865,,,,,,,,,,,,No diet / mouth
rand_500_r035_e0448_n1_predation,seed_19.json,35,448,1,predation,19,10000000,False,,383,1,414,8.99857084971753,4,1.657502416562033,104.87852222598994,4.0,1.56,380.42,3.0,3.0,0.0,0.0,123,55.56437887197333,0.0,11.112875774394675,22.22575154878935,0.0,11.096993804842631,4.999999999999997,3.9985708497175314,0.0,0.0,0.0,100.0,33.333333333333336,33.333333333333336,33.333333333333336,1.584962500721156,3,-0.0,1,Generalists
rand_500_r035_e0448_n1_predation,seed_20.json,35,448,1,predation,20,10000000,False,,230,3,1839,7.3504881106964355,5,2.254014526635556,122.87870756615081,4.0,3.7,216.68,1.0,1.0,100.0,0.0,3,27.203146575575225,13.603329412315352,27.18430883100685,18.443270590093,0.0,13.565944591009574,1.9995640547729816,5.350924055923453,0.0,100.0,0.0,0.0,0.0,0.0,100.0,-0.0,1,-0.0,1,Type 3 specialists
rand_500_r035_e0448_n2,seed_1.json,35,448,2,normal,1,10000000,False,,388,3,934,6.176814112646189,4,1.9079204219297106,114.28976649638241,4.0,2.4,373.48,1.2061855670103092,1.2061855670103092,79.38144329896907,0.0,13,35.255690382453075,0.002503542642494763,32.3782994266645,16.173078810505988,0.00085208293446313,16.189575754799478,2.1776784590542064,3.999135653591982,0.0,79.38144329896907,20.61855670103093,0.0,10.309278350515465,0.0,89.69072164948453,0.4787235113859628,2,0.7341280428958425,2,Type 3 specialists
rand_500_r035_e0448_n2,seed_2.json,35,448,2,normal,2,10000000,False,,246,2,856,6.000194571652774,4,1.9192192077022214,87.44261139361238,4.0,2.14,275.18,1.0,1.0,100.0,0.0,3,33.330851899952165,0.006888537286834007,16.662681938736334,33.330844788890104,0.0,16.66873283513457,1.999915966386555,4.000278605266218,0.0,100.0,0.0,0.0,0.0,0.0,100.0,-0.0,1,-0.0,1,Type 3 specialists
rand_500_r035_e0448_n2,seed_3.json,35,448,2,normal,3,674891,True,674891,0,0,787,5.775651500978114,4,1.9401105667397145,100.8,3.84,1.36,14.42,,,,,,33.24300296987873,0.27099109036380176,16.621501484939365,33.24300296987873,0.0,16.621501484939365,1.92,3.855651500978114,,,,,,,,,,,,No diet / mouth
rand_500_r035_e0448_n2,seed_4.json,35,448,2,normal,4,1672028,True,1672028,0,0,631,5.76,4,1.9182958340544896,93.18994805194805,3.84,0.96,6.0,,,,,,33.33333333333333,0.0,16.666666666666664,33.33333333333333,0.0,16.666666666666664,1.92,3.8400000000000003,,,,,,,,,,,,No diet / mouth
rand_500_r035_e0448_n2,seed_5.json,35,448,2,normal,5,841401,True,841401,0,0,3319,4.8,4,1.9219280948873623,100.44985089151011,3.84,0.96,9.62,,,,,,40.0,0.0,20.0,20.0,0.0,20.0,1.92,2.88,,,,,,,,,,,,No diet / mouth
rand_500_r035_e0448_n2,seed_6.json,35,448,2,normal,6,10000000,False,,359,1,637,5.000051813471503,4,1.9242135117151744,94.95518564278142,4.0,1.52,360.1,1.0,1.0,100.0,0.0,3,20.000829006953296,0.0,19.985966014253933,39.99958549652335,0.019996607719018067,19.993622874550393,1.0000518134715026,3.9999999999999996,0.0,100.0,0.0,0.0,0.0,0.0,100.0,-0.0,1,-0.0,1,Type 3 specialists
rand_500_r035_e0448_n2,seed_7.json,35,448,2,normal,7,10000000,False,,323,3,991,6.41492222448102,4,1.922729745454736,111.19680034692792,4.0,3.26,350.1,1.7089783281733746,1.7089783281733746,29.102167182662537,0.0,123,37.63211733225813,0.0,20.160884576771156,26.610385432740042,0.0,15.596612658230665,2.4140710582898013,4.00085116619122,0.0,29.102167182662537,70.89783281733746,0.0,27.39938080495356,8.04953560371517,64.55108359133126,1.2119896769316152,3,1.4179897362241873,3,Generalists
rand_500_r035_e0448_n2,seed_8.json,35,448,2,normal,8,10000000,False,,275,2,878,5.000811528010081,4,1.9245315245010317,95.6577262661678,4.0,2.46,311.68,1.410909090909091,1.410909090909091,58.90909090909091,0.0,13,39.99350882947269,0.0,19.996754414736344,19.996754414736344,0.02260101231462115,19.99038132874,1.9999999999999998,3.000811528010081,0.0,58.90909090909091,41.09090909090909,0.0,20.545454545454547,0.0,79.45454545454545,0.7327039521853352,2,0.976975360338475,2,Type 3 specialists
rand_500_r035_e0448_n2,seed_9.json,35,448,2,normal,9,10000000,False,,272,5,857,9.206693015960788,5,2.048241818319092,97.60447145152406,4.0,4.2,276.14,2.6066176470588234,2.6066176470588234,0.0,0.0,123,44.71229263391294,22.721663873157876,10.848244393626558,10.872798146495304,0.0,10.845000952807322,4.116523523202412,5.090169492758375,0.0,0.0,39.338235294117645,60.661764705882355,39.889705882352935,39.889705882352935,20.220588235294116,1.524112099763912,3,0.9669476467816545,2,Generalists
rand_500_r035_e0448_n2,seed_10.json,35,448,2,normal,10,720493,True,720493,0,0,1440,4.8,4,1.9219280948873623,120.96,3.84,0.96,12.18,,,,,,20.0,0.0,40.0,20.0,0.0,20.0,0.96,3.84,,,,,,,,,,,,No diet / mouth
rand_500_r035_e0448_n2,seed_11.json,35,448,2,normal,11,10000000,False,,251,4,857,6.775967461520264,4,1.9529433405410583,126.0,4.0,2.66,279.94,1.00398406374502,1.00398406374502,99.60159362549801,0.0,13,29.50804068880118,0.0,29.516080343621926,26.217838795765935,0.0,14.758040171810963,1.999455235605328,4.776512225914937,0.0,99.60159362549801,0.398406374501992,0.0,0.199203187250996,0.0,99.800796812749,0.020742630861530133,1,0.0374954616578566,1,Type 3 specialists
rand_500_r035_e0448_n2,seed_12.json,35,448,2,normal,12,10000000,False,,254,1,650,7.999498905210352,4,1.8132917194069709,100.19174813196467,4.0,1.54,265.9,1.0,1.0,100.0,0.0,3,37.48726300672361,0.0009025836108053486,12.495586075165727,37.50037558987087,0.015089734974905495,12.500783009654082,2.9987931938161805,5.000705711394172,0.0,100.0,0.0,0.0,0.0,0.0,100.0,-0.0,1,-0.0,1,Type 3 specialists
rand_500_r035_e0448_n2,seed_13.json,35,448,2,normal,13,1802037,True,1802037,0,0,740,5.76,4,1.9182958340544896,100.57057142857143,3.84,0.96,3.8,,,,,,33.33333333333333,0.0,16.666666666666664,33.33333333333333,0.0,16.666666666666664,1.92,3.8400000000000003,,,,,,,,,,,,No diet / mouth
rand_500_r035_e0448_n2,seed_14.json,35,448,2,normal,14,10000000,False,,248,1,689,6.0,4,1.9182958340544896,97.08685968189228,4.0,1.0,246.44,1.0,1.0,100.0,0.0,3,33.33333333333333,0.0,16.666666666666664,33.33333333333333,0.0,16.666666666666664,2.0,4.0,0.0,100.0,0.0,0.0,0.0,0.0,100.0,-0.0,1,-0.0,1,Type 3 specialists
rand_500_r035_e0448_n2,seed_15.json,35,448,2,normal,15,10000000,False,,340,5,609,5.184195899764673,4,1.9295320579056767,104.05184407896564,4.0,4.66,311.02,1.0,1.0,100.0,0.0,23,39.158062907015044,0.0,21.07937519655671,20.483988980207688,0.0,19.278572916220547,2.0300306916527453,3.154165208111928,0.0,100.0,0.0,0.0,0.0,7.9411764705882355,92.05882352941177,0.4001031077602807,2,0.4001031077602807,2,Type 3 specialists
rand_500_r035_e0448_n2,seed_16.json,35,448,2,normal,16,10000000,False,,276,1,876,6.002503238612524,4,1.9196047579082482,120.76690685285496,4.0,1.72,297.54,1.0,1.0,100.0,0.0,3,16.661831645394713,0.007179773816207658,33.31100455914619,33.31532186685205,0.0,16.70466215479083,1.000126984126984,5.00237625448554,0.0,100.0,0.0,0.0,0.0,0.0,100.0,-0.0,1,-0.0,1,Type 3 specialists
rand_500_r035_e0448_n2,seed_17.json,35,448,2,normal,17,10000000,False,,203,1,1038,7.0,4,1.6644977792004612,97.06795946184822,4.0,1.0,211.66,1.0,1.0,100.0,0.0,3,14.285714285714285,0.0,14.285714285714285,57.14285714285714,0.0,14.285714285714285,1.0,6.0,0.0,100.0,0.0,0.0,0.0,0.0,100.0,-0.0,1,-0.0,1,Type 3 specialists
rand_500_r035_e0448_n2,seed_18.json,35,448,2,normal,18,1868421,True,1868421,0,0,896,5.76,4,1.9182958340544896,98.55107311317495,3.84,0.96,23.84,,,,,,33.33333333333333,0.0,16.666666666666664,33.33333333333333,0.0,16.666666666666664,1.92,3.8400000000000003,,,,,,,,,,,,No diet / mouth
rand_500_r035_e0448_n2,seed_19.json,35,448,2,normal,19,4130516,True,4130516,0,0,806,5.534642857142858,4,1.8848069116314607,68.05512648462648,3.84,1.46,6.1,,,,,,34.69058527456927,0.0,17.345292637284636,34.69058527456927,0.0,13.27353681357682,1.9200000000000004,3.6146428571428575,,,,,,,,,,,,No diet / mouth
rand_500_r035_e0448_n2,seed_20.json,35,448,2,normal,20,10000000,False,,512,4,345,7.685297010889042,4,1.9342305837922773,121.68572162045905,4.0,3.74,503.0,1.3046875,1.3046875,69.53125,0.0,23,30.05334566084594,0.0010911459997964184,25.984705967009887,30.9473025455522,0.009069393008154552,13.00448528758402,2.309688875745145,5.375608135143897,0.0,69.53125,30.46875,0.0,0.0,15.234375,84.765625,0.6156745938434387,2,0.8869456102215852,2,Type 3 specialists
rand_500_r035_e0448_n2_predation,seed_1.json,35,448,2,predation,1,10000000,False,,207,1,953,6.0,4,1.9182958340544896,126.0,4.0,1.02,211.64,1.0,1.0,100.0,0.0,3,33.33333333333333,0.0,33.33333333333333,16.666666666666664,0.0,16.666666666666664,2.0,4.0,0.0,100.0,0.0,0.0,0.0,0.0,100.0,-0.0,1,-0.0,1,Type 3 specialists
rand_500_r035_e0448_n2_predation,seed_2.json,35,448,2,predation,2,10000000,False,,187,1,899,10.0,4,1.8464393446710154,121.4537837094098,4.0,1.0,188.88,1.0,2.0,100.0,100.0,3,40.0,0.0,20.0,30.000000000000004,0.0,10.0,3.9999999999999996,6.000000000000001,0.0,100.0,0.0,0.0,0.0,0.0,100.0,-0.0,1,-0.0,1,Type 3 specialists
rand_500_r035_e0448_n2_predation,seed_3.json,35,448,2,predation,3,10000000,False,,320,4,817,6.467044167949023,4,1.9507069605562395,121.21917320260606,4.0,4.38,312.54,2.0,2.0,0.0,0.0,13,30.95164612062374,0.0,30.894913605278653,22.678007533890973,0.01241789091818035,15.463014849288454,2.0016566253280175,4.465387542621006,0.0,0.0,100.0,0.0,50.0,0.0,50.0,1.0,2,-0.0,1,Generalists
rand_500_r035_e0448_n2_predation,seed_4.json,35,448,2,predation,4,10000000,False,,300,5,593,5.609243293508142,4,1.9343680292406438,125.64511012068078,4.0,3.46,294.64,1.0,1.0,100.0,0.0,3,28.70431734962107,0.0,35.641661069238125,17.83247467247081,0.0,17.82154690866999,1.610094995880914,3.9991482976272286,0.0,100.0,0.0,0.0,0.0,0.0,100.0,-0.0,1,-0.0,1,Type 3 specialists
rand_500_r035_e0448_n2_predation,seed_5.json,35,448,2,predation,5,10000000,False,,342,2,701,4.998429148617658,4,1.9218390432296857,71.61554292970067,4.0,1.5,321.7,2.0,2.0,0.0,0.0,13,40.008884284570634,0.0,20.006285380209007,20.006285380209007,0.0,19.97854495501136,1.999815734116688,2.99861341450097,0.0,0.0,100.0,0.0,50.0,0.0,50.0,1.0,2,-0.0,1,Generalists
rand_500_r035_e0448_n2_predation,seed_6.json,35,448,2,predation,6,10000000,False,,376,4,415,6.714362985962679,4,1.7010870307569355,101.288756174396,4.0,2.54,382.54,1.2579787234042554,1.2579787234042554,74.20212765957447,0.0,13,55.33567390598814,0.008797626643303845,14.882271379042312,14.893445619348272,0.002376613662661957,14.877434855315316,3.715438006776676,2.998924979186003,0.0,74.20212765957447,25.79787234042553,0.0,12.898936170212766,0.0,87.10106382978724,0.5546599768765688,2,0.8236808950486622,2,Type 3 specialists
rand_500_r035_e0448_n2_predation,seed_7.json,35,448,2,predation,7,8688262,True,8688262,0,0,1837,5.76,4,1.792481250360578,79.33751709401709,3.84,0.96,5.94,,,,,,50.000000000000014,0.0,16.666666666666664,16.666666666666664,0.0,16.666666666666664,2.8800000000000003,2.8799999999999994,,,,,,,,,,,,No diet / mouth
rand_500_r035_e0448_n2_predation,seed_8.json,35,448,2,predation,8,10000000,False,,269,3,862,5.522287177572002,4,1.9378583583695634,105.61560328862679,4.0,3.8,287.1,1.0,1.0,100.0,0.0,3,36.21560705288634,0.018156606932070926,27.599750172092712,18.108438910264578,0.0,18.05804725782431,1.999929824561404,3.5223573530105985,0.0,100.0,0.0,0.0,0.0,0.0,100.0,-0.0,1,-0.0,1,Type 3 specialists
rand_500_r035_e0448_n2_predation,seed_9.json,35,448,2,predation,9,10000000,False,,410,3,392,7.002879367481856,4,1.6651030147139791,104.98312120692704,4.0,2.68,407.4,1.248780487804878,1.248780487804878,75.1219512195122,0.0,23,57.11858568845006,0.0,14.26836299063946,14.33243480094187,0.0007760782848741154,14.27984044168373,3.9999456521739134,3.0029337153079423,0.0,75.1219512195122,24.878048780487806,0.0,0.0,12.439024390243903,87.5609756097561,0.5418501858883199,2,0.8093395155661236,2,Type 3 specialists
rand_500_r035_e0448_n2_predation,seed_10.json,35,448,2,predation,10,10000000,False,,251,4,335,8.997581293149144,4,1.788162748332432,139.37925648624272,4.0,3.06,267.08,1.0,1.0,100.0,0.0,3,42.54130286133039,0.0,33.31550125983871,13.04634324148477,0.0,11.096852637346135,3.8276883081129847,5.16989298503616,0.0,100.0,0.0,0.0,0.0,0.0,100.0,-0.0,1,-0.0,1,Type 3 specialists
rand_500_r035_e0448_n2_predation,seed_11.json,35,448,2,predation,11,10000000,False,,323,2,966,4.296927423357039,5,2.2289784416541676,102.89009287363672,4.0,3.76,323.44,1.0,1.0,100.0,0.0,3,23.317480586697396,0.038104453611404916,23.248293775712362,23.182242662034145,6.941435181053096,23.272443340891595,1.0019352177657543,3.2949922055912846,0.0,100.0,0.0,0.0,0.0,0.0,100.0,-0.0,1,-0.0,1,Type 3 specialists
rand_500_r035_e0448_n2_predation,seed_12.json,35,448,2,predation,12,2556622,True,2556622,0,0,231,5.76,4,1.9182958340544896,119.06183498682589,3.84,0.96,38.14,,,,,,33.33333333333333,0.0,33.33333333333333,16.666666666666664,0.0,16.666666666666664,1.92,3.8400000000000003,,,,,,,,,,,,No diet / mouth
rand_500_r035_e0448_n2_predation,seed_13.json,35,448,2,predation,13,90973,True,90973,0,0,2001,3.84,3,1.5,100.8,3.84,0.96,9.62,,,,,,50.0,0.0,25.0,0.0,0.0,25.0,1.92,1.92,,,,,,,,,,,,No diet / mouth
rand_500_r035_e0448_n2_predation,seed_14.json,35,448,2,predation,14,10000000,False,,418,6,668,6.32736482708474,4,1.864786152071154,101.93487641881427,4.0,4.66,420.64,1.437799043062201,1.437799043062201,56.2200956937799,0.0,123,43.447954162030136,0.0,15.804367652698453,24.927619182116608,0.009726649373212074,15.810332353781591,2.749110569736195,3.5782542573485445,0.0,56.2200956937799,43.7799043062201,0.0,21.88995215311005,11.602870813397129,66.50717703349282,1.2316463898172447,3,1.4254648807906753,3,Type 3 specialists
rand_500_r035_e0448_n2_predation,seed_15.json,35,448,2,predation,15,10000000,False,,314,1,343,8.999942693409741,4,1.6577478824889798,96.86577112422341,4.0,1.02,339.82,1.0,1.0,100.0,0.0,3,55.55527255824614,0.0,11.111181860438466,22.22236372087693,0.0,11.111181860438466,4.99994269340974,4.000000000000001,0.0,100.0,0.0,0.0,0.0,0.0,100.0,-0.0,1,-0.0,1,Type 3 specialists
rand_500_r035_e0448_n2_predation,seed_16.json,35,448,2,predation,16,1713066,True,1713066,0,0,1314,7.673333333333334,5,2.154901655122065,120.2375,3.84,1.02,3.04,,,,,,37.53258036490009,0.0,25.02172024326672,12.51086012163336,12.51086012163336,12.423979148566463,2.880000000000001,4.793333333333333,,,,,,,,,,,,No diet / mouth
rand_500_r035_e0448_n2_predation,seed_17.json,35,448,2,predation,17,1491731,True,1491731,0,0,1667,4.8,4,1.9219280948873623,100.8,3.84,0.96,3.92,,,,,,40.0,0.0,20.0,20.0,0.0,20.0,1.92,2.88,,,,,,,,,,,,No diet / mouth
rand_500_r035_e0448_n2_predation,seed_18.json,35,448,2,predation,18,10000000,False,,433,1,369,6.000143569041483,4,1.7926524000379505,102.7322179512159,4.0,1.82,415.42,1.0,1.0,100.0,0.0,3,50.004449260598925,0.0,16.66862649175178,16.665489075751882,0.00163800199811395,16.65979716989929,3.000338746544438,2.999804822497045,0.0,100.0,0.0,0.0,0.0,0.0,100.0,-0.0,1,-0.0,1,Type 3 specialists
rand_500_r035_e0448_n2_predation,seed_19.json,35,448,2,predation,19,10000000,False,,527,1,349,5.9999604743083,4,1.9186739874474399,74.67493389809158,4.0,1.58,494.54,2.0,2.0,0.0,0.0,13,33.333552921956006,0.0,16.666776460978003,33.31557121925431,0.001349586328024871,16.682749811483653,1.9999999999999998,3.9999604743083,0.0,0.0,100.0,0.0,50.0,0.0,50.0,1.0,2,-0.0,1,Generalists
rand_500_r035_e0448_n2_predation,seed_20.json,35,448,2,predation,20,10000000,False,,369,4,443,5.002416963363726,4,1.9223253734220425,105.18699551622122,4.0,3.4,416.74,1.0,1.0,100.0,0.0,3,20.032023469509113,0.0,19.949731445357187,39.9730860501482,0.0008126153177909201,20.044346419667715,1.0020853401437266,4.000331623219999,0.0,100.0,0.0,0.0,0.0,0.0,100.0,-0.0,1,-0.0,1,Type 3 specialists
rand_500_r035_e0672_n1,seed_1.json,35,672,1,normal,1,2058996,True,2058996,0,0,1381,4.8,4,1.9219280948873623,100.8,3.84,0.96,17.84,,,,,,40.0,0.0,20.0,20.0,0.0,20.0,1.92,2.88,,,,,,,,,,,,No diet / mouth
rand_500_r035_e0672_n1,seed_2.json,35,672,1,normal,2,10000000,False,,284,1,956,8.002924072954759,4,1.749734649658558,104.9314819553191,4.0,1.92,313.16,2.0,2.0,0.0,0.0,13,50.017391906084505,0.0,12.495432805359483,24.991742483196536,0.0,12.495432805359483,4.002853897516162,4.000070175438597,0.0,0.0,100.0,0.0,50.0,0.0,50.0,1.0,2,-0.0,1,Generalists
rand_500_r035_e0672_n1,seed_3.json,35,672,1,normal,3,10000000,False,,427,2,814,5.999125434297412,4,1.9182901945212458,104.57741163565055,4.0,1.5,438.06,2.0,2.0,0.0,0.0,23,33.32972824354136,0.0,16.663674310219264,33.337501076242994,0.0,16.66909636999639,1.999492204240498,3.9996332300569133,0.0,0.0,100.0,0.0,0.0,50.0,50.0,1.0,2,-0.0,1,Generalists
rand_500_r035_e0672_n1,seed_4.json,35,672,1,normal,4,1559437,True,1559437,0,0,1228,6.72,4,1.8423709931771084,100.8,3.84,0.96,30.4,,,,,,28.57142857142857,0.0,14.285714285714285,42.85714285714286,0.0,14.285714285714285,1.92,4.8,,,,,,,,,,,,No diet / mouth
rand_500_r035_e0672_n1,seed_5.json,35,672,1,normal,5,828520,True,828520,0,0,688,4.23,5,2.2593689670382675,99.84,3.84,1.34,3.22,,,,,,22.69503546099291,0.0,22.69503546099291,22.69503546099291,9.219858156028367,22.69503546099291,0.9600000000000001,3.2700000000000005,,,,,,,,,,,,No diet / mouth
rand_500_r035_e0672_n1,seed_6.json,35,672,1,normal,6,10000000,False,,404,1,763,8.000232888944012,4,1.5490376147033629,94.76462279951022,4.0,1.38,402.1,2.0,2.0,0.0,0.0,13,62.506485164983395,0.0,12.499636121617897,12.499636121617897,0.002911027056897484,12.491331564723914,5.000664383891912,2.9995685050521006,0.0,0.0,100.0,0.0,50.0,0.0,50.0,1.0,2,-0.0,1,Generalists
rand_500_r035_e0672_n1,seed_7.json,35,672,1,normal,7,7904309,True,7904309,0,0,797,4.8,4,1.907220035479503,94.95462559535558,3.84,1.32,10.74,,,,,,41.368299252023505,0.0,20.0,20.0,0.0,18.631700747976492,1.985678364097128,2.8143216359028718,,,,,,,,,,,,No diet / mouth
rand_500_r035_e0672_n1,seed_8.json,35,672,1,normal,8,10000000,False,,561,1,288,5.00058288985796,4,1.9248058980476435,45.77446064924007,4.0,2.26,625.7,1.0,1.0,100.0,0.0,3,19.997668712344943,0.0013243815938023492,19.973836318043407,40.004985302598044,0.02451657307485438,19.997668712344943,0.9999999999999999,4.00058288985796,0.0,100.0,0.0,0.0,0.0,0.0,100.0,-0.0,1,-0.0,1,Type 3 specialists
rand_500_r035_e0672_n1,seed_9.json,35,672,1,normal,9,204829,True,204829,0,0,1207,5.76,4,1.9182958340544896,100.8,3.84,0.96,17.96,,,,,,33.33333333333333,0.0,16.666666666666664,33.33333333333333,0.0,16.666666666666664,1.92,3.8400000000000003,,,,,,,,,,,,No diet / mouth
rand_500_r035_e0672_n1,seed_10.json,35,672,1,normal,10,10000000,False,,464,1,517,5.0,4,1.9219280948873623,99.4202410966101,4.0,1.02,391.7,1.0,1.0,100.0,0.0,3,40.0,0.0,20.0,20.0,0.0,20.0,2.0,3.0,0.0,100.0,0.0,0.0,0.0,0.0,100.0,-0.0,1,-0.0,1,Type 3 specialists
rand_500_r035_e0672_n1,seed_11.json,35,672,1,normal,11,10000000,False,,240,1,866,5.0,4,1.9225807925812584,98.05888986835207,4.0,1.16,238.42,1.0,1.0,100.0,0.0,1,40.0,0.004852195667917569,19.99514780433208,20.0,0.0,20.0,1.9999999999999998,3.0000000000000004,0.0,100.0,0.0,0.0,100.0,0.0,0.0,-0.0,1,-0.0,1,Type 1 specialists
rand_500_r035_e0672_n1,seed_12.json,35,672,1,normal,12,171060,True,171060,0,0,2007,4.8,4,1.9219280948873623,100.79777512806925,3.84,1.2,14.9,,,,,,40.0,0.0,20.0,20.0,0.0,20.0,1.92,2.88,,,,,,,,,,,,No diet / mouth
rand_500_r035_e0672_n1,seed_13.json,35,672,1,normal,13,2705132,True,2705132,0,0,1262,5.76,4,1.9182958340544896,100.72629717328607,3.84,0.96,16.74,,,,,,33.33333333333333,0.0,16.666666666666664,33.33333333333333,0.0,16.666666666666664,1.92,3.8400000000000003,,,,,,,,,,,,No diet / mouth
rand_500_r035_e0672_n1,seed_14.json,35,672,1,normal,14,10000000,False,,535,3,250,6.540861106532764,4,1.936644121809856,117.12405752423014,4.0,3.04,540.78,1.0,1.0,100.0,0.0,23,20.801146039669806,0.0,30.57701375133125,33.33333333333333,0.0011560679460858104,15.287350807719541,1.3605740710218428,5.180287035510922,0.0,100.0,0.0,0.0,0.0,26.16822429906542,73.83177570093459,0.8292743048721372,2,0.8292743048721372,2,Type 3 specialists
rand_500_r035_e0672_n1,seed_15.json,35,672,1,normal,15,558339,True,558339,0,0,1069,6.72,4,1.8423709931771084,100.8,3.84,0.96,10.7,,,,,,28.57142857142857,0.0,14.285714285714285,42.85714285714286,0.0,14.285714285714285,1.92,4.8,,,,,,,,,,,,No diet / mouth
rand_500_r035_e0672_n1,seed_16.json,35,672,1,normal,16,744025,True,744025,0,0,1188,4.8,4,1.927849788615868,98.85060696329815,3.84,1.36,7.92,,,,,,39.387645068711244,0.0,20.0,20.612354931288753,0.0,20.0,1.8906069632981397,2.9093930367018603,,,,,,,,,,,,No diet / mouth
rand_500_r035_e0672_n1,seed_17.json,35,672,1,normal,17,10000000,False,,438,2,524,5.999044245036693,4,1.9186163579651725,99.66164075717637,4.0,2.36,401.28,1.0,1.0,100.0,0.0,3,33.34025061070266,0.0,16.66771528289863,33.3208953220323,0.001816819832646731,16.669321964533765,2.0000963855421685,3.9989478594945242,0.0,100.0,0.0,0.0,0.0,0.0,100.0,-0.0,1,-0.0,1,Type 3 specialists
rand_500_r035_e0672_n1,seed_18.json,35,672,1,normal,18,5078938,True,5078938,0,0,711,5.76,4,1.9182958340544896,87.36,3.84,0.96,5.88,,,,,,33.33333333333333,0.0,16.666666666666664,33.33333333333333,0.0,16.666666666666664,1.92,3.8400000000000003,,,,,,,,,,,,No diet / mouth
rand_500_r035_e0672_n1,seed_19.json,35,672,1,normal,19,1096341,True,1096341,0,0,817,4.8,4,1.9219280948873623,99.84,3.84,0.96,6.8,,,,,,40.0,0.0,20.0,20.0,0.0,20.0,1.92,2.88,,,,,,,,,,,,No diet / mouth
rand_500_r035_e0672_n1,seed_20.json,35,672,1,normal,20,10000000,False,,331,2,499,7.999428172239484,5,2.08219280569093,104.99454197050927,4.0,2.2,320.44,2.0,2.0,0.0,0.0,13,37.50193874144309,0.0,12.497644485429415,29.988698231568417,7.510824996814051,12.500893544745018,2.9999406528189922,4.999487519420492,0.0,0.0,100.0,0.0,50.0,0.0,50.0,1.0,2,-0.0,1,Generalists
rand_500_r035_e0672_n1_predation,seed_1.json,35,672,1,predation,1,367637,True,367637,0,0,1202,5.76,4,1.9182958340544896,100.8,3.84,0.96,2.34,,,,,,33.33333333333333,0.0,16.666666666666664,33.33333333333333,0.0,16.666666666666664,1.92,3.8400000000000003,,,,,,,,,,,,No diet / mouth
rand_500_r035_e0672_n1_predation,seed_2.json,35,672,1,predation,2,10000000,False,,309,2,678,6.0,4,1.7924810734106522,97.68454110669663,4.0,1.52,308.52,1.0032362459546926,1.0032362459546926,99.67637540453075,0.0,12,50.000000000000014,0.0,16.680964237969633,16.6523690953637,0.0,16.666666666666664,3.000000000000001,2.999999999999999,0.0,99.67637540453075,0.32362459546925565,0.0,99.83818770226537,0.16181229773462782,0.0,0.017334935614421804,1,0.03142984171010389,1,Type 1 specialists
rand_500_r035_e0672_n1_predation,seed_3.json,35,672,1,predation,3,240685,True,240685,0,0,1204,4.8,4,1.9234941349670978,98.8124081570803,3.84,0.98,20.4,,,,,,20.0,0.013020833333333327,19.986979166666668,40.0,0.0,20.0,0.96,3.84,,,,,,,,,,,,No diet / mouth
rand_500_r035_e0672_n1_predation,seed_4.json,35,672,1,predation,4,10000000,False,,322,1,541,5.000443738793058,4,1.9237186025573114,104.91832326395692,4.0,1.56,347.62,1.0,1.0,100.0,0.0,3,39.99645040467417,0.008873988314578788,19.993488258758074,20.016271248760876,0.00473694357901222,19.98017915591329,2.0,3.0004437387930576,0.0,100.0,0.0,0.0,0.0,0.0,100.0,-0.0,1,-0.0,1,Type 3 specialists
rand_500_r035_e0672_n1_predation,seed_5.json,35,672,1,predation,5,4407516,True,4407516,0,0,637,5.76,4,1.9182958340544896,93.05522556390977,3.84,0.96,4.66,,,,,,33.33333333333333,0.0,16.666666666666664,33.33333333333333,0.0,16.666666666666664,1.92,3.8400000000000003,,,,,,,,,,,,No diet / mouth
rand_500_r035_e0672_n1_predation,seed_6.json,35,672,1,predation,6,10000000,False,,237,2,842,8.00336341474527,4,1.7499876448094083,104.93570018057882,4.0,1.82,262.44,2.0,2.0,0.0,0.0,13,49.97898749206444,0.0,12.491739911917966,25.04318527110751,0.0,12.48608732491008,4.0,4.0033634147452695,0.0,0.0,100.0,0.0,50.0,0.0,50.0,1.0,2,-0.0,1,Generalists
rand_500_r035_e0672_n1_predation,seed_7.json,35,672,1,predation,7,409967,True,409967,0,0,1985,4.8,4,1.9219280948873623,100.8,3.84,0.96,6.08,,,,,,40.0,0.0,20.0,20.0,0.0,20.0,1.92,2.88,,,,,,,,,,,,No diet / mouth
rand_500_r035_e0672_n1_predation,seed_8.json,35,672,1,predation,8,1429993,True,1429993,0,0,811,6.72,4,1.9502120649147472,218.88,3.84,0.96,8.08,,,,,,28.571428571428577,0.0,28.571428571428577,14.285714285714288,0.0,28.571428571428577,1.9200000000000002,4.799999999999999,,,,,,,,,,,,No diet / mouth
rand_500_r035_e0672_n1_predation,seed_9.json,35,672,1,predation,9,10000000,False,,218,2,1309,7.46217167102589,6,2.3361510390763724,135.6990583642847,4.0,2.04,231.46,1.0,1.0,100.0,0.0,1,26.80184922260095,6.192451665522928,32.99319793136573,13.399821654542343,7.209575902535673,13.403103623432392,2.0000000000000004,5.462171671025889,0.0,100.0,0.0,0.0,100.0,0.0,0.0,-0.0,1,-0.0,1,Type 1 specialists
rand_500_r035_e0672_n1_predation,seed_10.json,35,672,1,predation,10,196425,True,196425,0,0,1957,3.84,3,1.5733945371771145,99.75771291866027,3.84,1.36,13.82,,,,,,50.000000000000014,0.0,23.70748129794182,0.0,1.2925187020581752,25.000000000000007,1.9200000000000004,1.9199999999999995,,,,,,,,,,,,No diet / mouth
rand_500_r035_e0672_n1_predation,seed_11.json,35,672,1,predation,11,77926,True,77926,0,0,2295,4.8,4,1.9219280948873623,100.8,3.84,0.96,38.66,,,,,,40.0,0.0,20.0,20.0,0.0,20.0,1.92,2.88,,,,,,,,,,,,No diet / mouth
rand_500_r035_e0672_n1_predation,seed_12.json,35,672,1,predation,12,181749,True,181749,0,0,1731,3.8407442021460714,3,1.4999030903720623,100.8,3.84,1.84,49.3,,,,,,50.009688254500986,0.0,24.99515587274951,0.0,0.0,24.99515587274951,1.9207442021460714,1.92,,,,,,,,,,,,No diet / mouth
rand_500_r035_e0672_n1_predation,seed_13.json,35,672,1,predation,13,10000000,False,,238,1,1193,4.999498468515533,4,1.9250588505007358,99.18678483408316,4.0,1.44,251.42,2.0,2.0,0.0,0.0,12,39.98182128420922,0.012159734235427528,20.002006327185114,20.002006327185114,0.012159734235427528,19.98984659294969,1.9988905427886572,3.0006079257268756,0.0,0.0,100.0,0.0,50.0,50.0,0.0,1.0,2,-0.0,1,Generalists
rand_500_r035_e0672_n1_predation,seed_14.json,35,672,1,predation,14,586293,True,586293,0,0,924,5.282902639712088,4,1.936225496588185,181.89596360048913,3.84,1.68,15.56,,,,,,27.312686568661142,0.0,18.171828357834716,0.0,18.171828357834716,36.34365671566943,1.4429026397120883,3.839999999999999,,,,,,,,,,,,No diet / mouth
rand_500_r035_e0672_n1_predation,seed_15.json,35,672,1,predation,15,10000000,False,,476,3,711,6.9980768196681336,4,1.664517780198068,104.96659070840789,4.0,2.48,503.94,2.0,2.0,0.0,0.0,13,57.14185648109742,0.0,14.282786303651365,14.289640222146389,0.0,14.28571699310483,3.9988310127317117,2.999245806936422,0.0,0.0,100.0,0.0,50.0,0.0,50.0,1.0,2,-0.0,1,Generalists
rand_500_r035_e0672_n1_predation,seed_16.json,35,672,1,predation,16,349923,True,349923,0,0,1685,4.8,4,1.9198989618225895,94.10196404472721,3.84,1.52,8.56,,,,,,40.0,0.0,20.0,21.676209164502506,0.0,18.32379083549749,1.92,2.88,,,,,,,,,,,,No diet / mouth
rand_500_r035_e0672_n1_predation,seed_17.json,35,672,1,predation,17,80303,True,80303,0,0,2955,3.84,4,2.0,100.8,3.84,0.96,23.26,,,,,,25.0,0.0,25.0,25.0,0.0,25.0,0.96,2.88,,,,,,,,,,,,No diet / mouth
rand_500_r035_e0672_n1_predation,seed_18.json,35,672,1,predation,18,10000000,False,,474,8,791,5.996767303351968,4,1.7991725123014326,104.70713017269529,4.0,7.62,475.48,1.7447257383966244,1.7447257383966244,25.52742616033755,0.0,123,49.99816945661261,0.02938201988786246,16.598727027813016,16.685106611282805,0.03426408005322757,16.654350804350486,2.998273878248655,2.998493425103313,0.0,25.52742616033755,74.47257383966245,0.0,0.10548523206751055,37.130801687763714,62.76371308016878,0.9629165449040232,2,0.840425988411857,2,Generalists
rand_500_r035_e0672_n1_predation,seed_19.json,35,672,1,predation,19,10000000,False,,458,1,693,5.0,4,1.9219280739928277,104.99434889500182,4.0,1.48,402.14,1.0,1.0,100.0,0.0,3,40.0,0.0,19.994617995239842,20.00538200476016,0.0,20.0,2.0,3.0,0.0,100.0,0.0,0.0,0.0,0.0,100.0,-0.0,1,-0.0,1,Type 3 specialists
rand_500_r035_e0672_n1_predation,seed_20.json,35,672,1,predation,20,734256,True,734256,0,0,944,6.800610552685781,5,1.7376116786874023,100.8,3.84,1.84,18.32,,,,,,56.46551835678137,14.116379589195342,14.116379589195342,1.1853428756326259,0.0,14.116379589195342,3.8400000000000003,2.960610552685781,,,,,,,,,,,,No diet / mouth
rand_500_r035_e0672_n2,seed_1.json,35,672,2,normal,1,10000000,False,,540,5,272,7.714985028056005,4,1.8691079283574317,110.42677100431081,4.0,4.52,455.26,1.0,1.0,100.0,0.0,23,38.89055775871061,0.0,16.648801432380576,31.49839216130174,0.013713944398050824,12.948534703209022,3.000400708411996,4.714584319644009,0.0,100.0,0.0,0.0,0.0,68.88888888888889,31.11111111111111,0.8944518845341283,2,0.8944518845341283,2,Type 2 specialists
rand_500_r035_e0672_n2,seed_2.json,35,672,2,normal,2,10000000,False,,569,4,450,5.999572426142069,5,2.2410712647476454,104.97976414686815,4.0,2.42,533.88,1.0,1.0,100.0,0.0,23,20.153253687234944,0.0,16.666096861977703,33.330295057181594,13.183783362683648,16.6665710309221,1.2091090511898075,4.790463374952261,0.0,100.0,0.0,0.0,0.0,21.26537785588752,78.73462214411248,0.7465248127951012,2,0.7465248127951012,2,Type 3 specialists
rand_500_r035_e0672_n2,seed_3.json,35,672,2,normal,3,10000000,False,,733,1,225,6.999789469530115,4,1.9502082894174246,124.83142797378221,4.0,1.14,702.72,1.0,1.0,100.0,0.0,2,28.57228790531406,0.0,28.57228790531406,28.570087363491847,0.0,14.285336825880043,2.0,4.999789469530115,0.0,100.0,0.0,0.0,0.0,100.0,0.0,-0.0,1,-0.0,1,Type 2 specialists
rand_500_r035_e0672_n2,seed_4.json,35,672,2,normal,4,9660839,True,9660839,0,0,931,4.8,4,1.9219280948873623,55.59986013986014,3.84,0.96,6.44,,,,,,40.0,0.0,20.0,20.0,0.0,20.0,1.92,2.88,,,,,,,,,,,,No diet / mouth
rand_500_r035_e0672_n2,seed_5.json,35,672,2,normal,5,10000000,False,,931,3,192,6.5531029244324985,5,2.139786136354832,49.44101564969651,4.0,2.78,915.26,1.0,1.0,100.0,0.0,23,22.08120291086087,8.446304662453258,15.25374492050421,38.96249933158337,0.0,15.256248174598298,1.4470039537014976,5.106098970731002,0.0,100.0,0.0,0.0,0.0,55.10204081632653,44.89795918367347,0.992476003943082,2,0.992476003943082,2,Type 2 specialists
rand_500_r035_e0672_n2,seed_6.json,35,672,2,normal,6,10000000,False,,683,2,191,6.00036160556914,4,1.91874991614994,87.99375509458531,4.0,2.28,701.98,1.0,1.0,100.0,0.0,23,33.33132453457024,0.0,16.66776455632779,33.33177863980914,0.0030158967688090985,16.666116372524016,2.0,4.00036160556914,0.0,100.0,0.0,0.0,0.0,34.69985358711567,65.30014641288433,0.9313588907595731,2,0.9313588907595731,2,Type 3 specialists
rand_500_r035_e0672_n2,seed_7.json,35,672,2,normal,7,10000000,False,,448,1,505,7.0,4,1.9502120624365853,125.10497922640874,4.0,1.06,399.1,1.0,1.0,100.0,0.0,3,28.57142857142857,0.0,28.569213215492304,28.573643927364834,0.0,14.285714285714285,2.0,5.0,0.0,100.0,0.0,0.0,0.0,0.0,100.0,-0.0,1,-0.0,1,Type 3 specialists
rand_500_r035_e0672_n2,seed_8.json,35,672,2,normal,8,10000000,False,,606,4,401,6.000051179686571,4,1.793258478494188,85.1969859008567,4.0,1.82,631.44,1.0,1.0,100.0,0.0,3,16.664625392572216,0.0019938527855234236,16.66130010202603,50.002231320720846,0.003878534945046885,16.66597079695033,0.9998860524573772,5.000165127229194,0.0,100.0,0.0,0.0,0.0,0.0,100.0,-0.0,1,-0.0,1,Type 3 specialists
rand_500_r035_e0672_n2,seed_9.json,35,672,2,normal,9,10000000,False,,322,1,784,6.00012400009129,4,1.91874396294187,101.76691590454283,4.0,1.1,320.66,1.0,1.0,100.0,0.0,3,33.331576104185004,0.0,16.665367138987936,33.33359954827313,0.0031349794669162335,16.666322229087022,1.9999358974358976,4.000188102655392,0.0,100.0,0.0,0.0,0.0,0.0,100.0,-0.0,1,-0.0,1,Type 3 specialists
rand_500_r035_e0672_n2,seed_10.json,35,672,2,normal,10,10000000,False,,562,3,240,5.999852146386202,4,1.9111724502687597,102.71715734785161,4.0,2.7,519.12,1.0,1.0,100.0,0.0,23,37.42598859342286,0.0,16.669393755817513,29.236831032153876,0.0007092373353732074,16.66707738127038,2.2455039799287366,3.7543481664574654,0.0,100.0,0.0,0.0,0.0,20.640569395017792,79.35943060498221,0.734555945133285,2,0.734555945133285,2,Type 3 specialists
rand_500_r035_e0672_n2,seed_11.json,35,672,2,normal,11,10000000,False,,316,1,591,5.999899496852963,4,1.9182909011102751,91.02369407241189,4.0,1.06,360.54,1.0,1.0,100.0,0.0,3,33.332216612993946,0.0,16.666945846751513,33.334943235827744,0.0,16.6658943044268,1.9998994968529638,3.9999999999999996,0.0,100.0,0.0,0.0,0.0,0.0,100.0,-0.0,1,-0.0,1,Type 3 specialists
rand_500_r035_e0672_n2,seed_12.json,35,672,2,normal,12,10000000,False,,502,4,583,5.32965616980746,4,1.9588127869781735,104.39052947418955,4.0,4.94,500.42,1.3087649402390438,1.3087649402390438,69.12350597609561,0.0,23,31.10760752782596,0.03685166195054877,18.7687683826735,31.319138137399683,0.0,18.76763429015031,1.657928523886266,3.671727645921194,0.0,69.12350597609561,30.87649402390438,0.0,0.0,24.40239043824701,75.59760956175299,0.8016680994727154,2,1.2764620730174732,3,Type 3 specialists
rand_500_r035_e0672_n2,seed_13.json,35,672,2,normal,13,2526132,True,2526132,0,0,1273,5.777863017213912,4,1.9203225881396118,102.31835646318254,3.84,1.34,11.04,,,,,,33.2302789851502,0.0,16.6151394925751,33.2302789851502,0.0,16.924302537124504,1.9199999999999997,3.857863017213912,,,,,,,,,,,,No diet / mouth
rand_500_r035_e0672_n2,seed_14.json,35,672,2,normal,14,10000000,False,,760,4,319,5.369637800038653,4,1.9514528379789335,63.31640940895082,4.0,4.32,705.7,1.0,1.0,100.0,0.0,23,33.3470766092997,0.0005275702561877278,18.623229221800734,29.40064945124415,0.0041857903608629446,18.62433135703836,1.7906172308208046,3.5790205692178487,0.0,100.0,0.0,0.0,0.0,35.921052631578945,64.07894736842105,0.9420259149030262,2,0.9420259149030262,2,Type 3 specialists
rand_500_r035_e0672_n2,seed_15.json,35,672,2,normal,15,10000000,False,,562,2,518,6.999686434562632,4,1.6664363096394812,104.90041760882656,4.0,2.06,554.92,1.0,1.0,100.0,0.0,3,14.2898891898499,0.01526176564521973,14.268090118063045,57.14040468259657,0.0010772078011228323,14.285277036044148,1.0002474351359554,5.999438999426676,0.0,100.0,0.0,0.0,0.0,0.0,100.0,-0.0,1,-0.0,1,Type 3 specialists
rand_500_r035_e0672_n2,seed_16.json,35,672,2,normal,16,10000000,False,,584,2,210,5.879965753711393,4,1.909638812996475,84.82922622804368,4.0,2.5,534.4,1.0,1.0,100.0,0.0,23,26.98015677305337,0.0006478819722919753,17.00761335851259,39.00387827411384,0.003313502759439415,17.004390209588465,1.586423978553183,4.293541775158211,0.0,100.0,0.0,0.0,0.0,27.568493150684933,72.43150684931507,0.8495043923625651,2,0.8495043923625651,2,Type 3 specialists
rand_500_r035_e0672_n2,seed_17.json,35,672,2,normal,17,10000000,False,,385,6,438,6.042632075157675,4,1.958510773800609,108.42579987846098,4.0,4.64,367.4,1.0,1.0,100.0,0.0,23,33.09129945372191,0.0,23.91129025304848,26.447466380004442,0.0,16.54994391322517,1.9995854748770765,4.043046600280598,0.0,100.0,0.0,0.0,0.0,63.896103896103895,36.103896103896105,0.9435422266938986,2,0.9435422266938986,2,Type 2 specialists
rand_500_r035_e0672_n2,seed_18.json,35,672,2,normal,18,10000000,False,,567,1,238,7.999186759256068,5,2.2501935047920947,100.06452162997891,4.0,1.5,564.32,1.0,1.0,100.0,0.0,3,24.994204981028815,0.0008681673573417676,12.503968873318666,24.997145524752675,25.002541635694996,12.501270817847498,1.9993331354237778,5.99985362383229,0.0,100.0,0.0,0.0,0.0,0.0,100.0,-0.0,1,-0.0,1,Type 3 specialists
rand_500_r035_e0672_n2,seed_19.json,35,672,2,normal,19,10000000,False,,479,3,323,6.000566006601295,4,1.9202535108441718,104.84013191729328,4.0,3.74,475.96,1.709812108559499,1.709812108559499,29.018789144050103,0.0,23,33.3301891488199,0.0,16.66509457440995,33.328752476043846,0.016456570549102625,16.659507230177205,2.0,4.000566006601295,0.0,29.018789144050103,70.9812108559499,0.0,0.0,35.49060542797495,64.50939457202506,0.9383734224254057,2,0.8689638344723262,2,Generalists
rand_500_r035_e0672_n2,seed_20.json,35,672,2,normal,20,2594289,True,2594289,0,0,821,4.8,4,1.9219280948873623,100.8,3.84,0.96,4.78,,,,,,40.0,0.0,20.0,20.0,0.0,20.0,1.92,2.88,,,,,,,,,,,,No diet / mouth
rand_500_r035_e0672_n2_predation,seed_1.json,35,672,2,predation,1,10000000,False,,654,2,225,5.001043983339276,4,1.9227938090160102,101.78480926381766,4.0,1.82,667.24,2.0,2.0,0.0,0.0,23,39.99398424563964,0.0,19.992946947523222,19.999905672816002,0.006144384816651688,20.007018749204484,2.000116742814219,3.000927240525057,0.0,0.0,100.0,0.0,0.0,50.0,50.0,1.0,2,-0.0,1,Generalists
rand_500_r035_e0672_n2_predation,seed_2.json,35,672,2,predation,2,10000000,False,,880,3,239,4.999478980681797,4,1.9218863897184097,58.412691740451,4.0,2.44,833.1,1.1613636363636364,1.1613636363636364,83.86363636363636,0.0,13,40.0041685889287,0.0,19.99364333930605,20.000103777300897,0.0,20.00208429446435,2.0000000000000004,2.9994789806817965,0.0,83.86363636363636,16.136363636363637,0.0,8.068181818181818,0.0,91.93181818181819,0.4045770743647911,2,0.6375618482493901,2,Type 3 specialists
rand_500_r035_e0672_n2_predation,seed_3.json,35,672,2,predation,3,10000000,False,,813,2,155,5.925761182813567,4,1.92234181453603,97.39379171250557,4.0,2.52,762.5,1.0,1.0,100.0,0.0,23,33.74923315528021,0.0,16.878909927859397,32.49765795182364,0.00045671093761288136,16.873742254099156,1.9998989578128408,3.925862225000726,0.0,100.0,0.0,0.0,0.0,48.831488314883146,51.168511685116854,0.9996059873241685,2,0.9996059873241685,2,Type 3 specialists
rand_500_r035_e0672_n2_predation,seed_4.json,35,672,2,predation,4,10000000,False,,673,3,179,5.747597765420636,5,2.262123641541621,167.74221856932618,4.0,2.94,675.88,1.0,1.0,100.0,0.0,23,21.78484846842132,0.0010449593466926364,17.39543741410439,17.404141239497676,13.010759971455329,30.403767947174593,1.2521054637712554,4.495492301649381,0.0,100.0,0.0,0.0,0.0,75.78008915304606,24.219910846953937,0.7986782340788414,2,0.7986782340788414,2,Type 2 specialists
rand_500_r035_e0672_n2_predation,seed_5.json,35,672,2,predation,5,10000000,False,,599,3,234,5.999966349253217,4,1.7924859936655158,99.52174101346462,4.0,3.06,576.26,1.7212020033388982,1.7212020033388982,27.879799666110184,0.0,13,49.99970071106638,0.0,16.667344940088988,16.666194207357094,0.0,16.666760141487533,2.9999652173913045,3.0000011318619126,0.0,27.879799666110184,72.12020033388981,0.0,36.060100166944906,0.0,63.939899833055094,0.9431809351183889,2,0.8538078225420659,2,Generalists
rand_500_r035_e0672_n2_predation,seed_6.json,35,672,2,predation,6,10000000,False,,566,3,460,5.000079692659385,4,1.9220241368483053,79.3085215309636,4.0,2.2,506.6,1.0,1.0,100.0,0.0,23,19.999681234443116,0.0,39.99039137678536,20.001275062227545,0.0,20.00865232654398,1.0,4.000079692659385,0.0,100.0,0.0,0.0,0.0,58.12720848056537,41.87279151943463,0.9808567383305009,2,0.9808567383305009,2,Type 2 specialists
rand_500_r035_e0672_n2_predation,seed_7.json,35,672,2,predation,7,10000000,False,,528,2,365,6.999726287352339,4,1.842366928470927,69.39957224583598,4.0,2.14,527.82,1.4734848484848484,1.4734848484848484,52.65151515151515,0.0,13,42.858818714392285,0.0,14.286272904797423,28.56917868030583,0.0,14.285729700504465,3.0000000000000004,3.999726287352339,0.0,52.65151515151515,47.34848484848485,0.0,23.674242424242426,0.0,76.32575757575758,0.7895809468593402,2,0.9979704652246337,2,Type 3 specialists
rand_500_r035_e0672_n2_predation,seed_8.json,35,672,2,predation,8,10000000,False,,528,3,285,5.280795745945376,4,1.936490806624571,91.36443813725978,4.0,2.24,536.36,1.0,1.0,100.0,0.0,23,37.870980721947426,0.004989865618889322,24.25310124461186,18.936540023684984,0.002617775492494704,18.931770368644347,1.9998891389123932,3.2809066070329824,0.0,100.0,0.0,0.0,0.0,69.88636363636364,30.113636363636363,0.8826755490431152,2,0.8826755490431152,2,Type 2 specialists
rand_500_r035_e0672_n2_predation,seed_9.json,35,672,2,predation,9,10000000,False,,565,1,396,5.000964896059242,4,1.9240190027354653,119.38926293782478,4.0,2.16,638.22,1.0,1.0,100.0,0.0,3,19.994859212119287,0.017340123880415382,39.992282320877706,20.01400250900371,0.0,19.981515834118884,0.999935890214553,4.001029005844688,0.0,100.0,0.0,0.0,0.0,0.0,100.0,-0.0,1,-0.0,1,Type 3 specialists
rand_500_r035_e0672_n2_predation,seed_10.json,35,672,2,predation,10,10000000,False,,493,3,300,5.000285729542636,4,1.9239697505140607,102.80269240808904,4.0,1.76,491.0,1.0,1.0,100.0,0.0,3,40.00033078958484,0.01528040079359566,20.001087196039897,20.00050281692303,0.0016121766848943859,19.98118661997375,2.0001308322414597,3.0001548973011762,0.0,100.0,0.0,0.0,0.0,0.0,100.0,-0.0,1,-0.0,1,Type 3 specialists
rand_500_r035_e0672_n2_predation,seed_11.json,35,672,2,predation,11,10000000,False,,266,2,934,6.998995897208217,4,1.950232547106894,100.25754835431513,4.0,2.46,247.7,1.0,1.0,100.0,0.0,3,28.570081552656575,0.0,28.56662714013392,28.57552753813967,0.0,14.287763769069835,1.9996188356994753,4.999377061508742,0.0,100.0,0.0,0.0,0.0,0.0,100.0,-0.0,1,-0.0,1,Type 3 specialists
rand_500_r035_e0672_n2_predation,seed_12.json,35,672,2,predation,12,6902335,True,6902335,0,0,529,7.13217837411624,4,1.838325940191711,129.20817517495993,3.84,1.6,11.48,,,,,,40.38036976825984,0.0,32.699383719566946,13.460123256086613,0.03890928012985454,13.421213975956759,2.8800000000000003,4.25217837411624,,,,,,,,,,,,No diet / mouth
rand_500_r035_e0672_n2_predation,seed_13.json,35,672,2,predation,13,10000000,False,,264,7,535,4.99878031254313,4,1.9230832862292202,90.33937107141779,4.0,4.78,265.84,1.0,1.4772727272727273,100.0,47.72727272727273,3,39.88405979617162,0.0,20.03006631635777,20.05634727794497,0.0,20.029526609525647,1.9937165289339565,3.0050637836091734,0.0,100.0,0.0,0.0,0.0,0.0,100.0,-0.0,1,-0.0,1,Type 3 specialists
rand_500_r035_e0672_n2_predation,seed_14.json,35,672,2,predation,14,10000000,False,,343,1,483,5.0,4,1.9222873072073121,101.06757908367607,4.0,1.04,301.38,1.0,1.0,100.0,0.0,3,40.0,0.0,19.997507691411826,20.0,0.0024923085881770612,20.0,1.9999999999999998,3.0000000000000004,0.0,100.0,0.0,0.0,0.0,0.0,100.0,-0.0,1,-0.0,1,Type 3 specialists
rand_500_r035_e0672_n2_predation,seed_15.json,35,672,2,predation,15,10000000,False,,413,4,250,5.999440772790132,5,2.030316781569464,118.68664014188614,4.0,2.88,438.62,1.0,1.0,100.0,0.0,3,31.28671619813479,0.006561847828771118,33.333191700599684,16.66156932644033,2.0529729827903935,16.65898794420603,1.8770280080580333,4.122412764732099,0.0,100.0,0.0,0.0,0.0,0.0,100.0,-0.0,1,-0.0,1,Type 3 specialists
rand_500_r035_e0672_n2_predation,seed_16.json,35,672,2,predation,16,1345673,True,1345673,0,0,978,4.8,4,1.9219280948873623,100.8,3.84,0.96,10.56,,,,,,40.0,0.0,20.0,20.0,0.0,20.0,1.92,2.88,,,,,,,,,,,,No diet / mouth
rand_500_r035_e0672_n2_predation,seed_17.json,35,672,2,predation,17,10000000,False,,524,6,430,7.018679255735568,4,1.8954921340722108,116.16820073383256,4.0,4.88,502.64,1.4923664122137406,1.4923664122137406,50.76335877862596,0.0,123,34.341077574614495,0.0010897257071157572,34.31276499532793,17.10584680348135,0.0005653847146542798,14.238655516154463,2.4102900879255267,4.608389167810042,0.0,50.76335877862596,49.23664122137404,0.0,24.61832061068702,24.61832061068702,50.76335877862596,1.4921982692044045,3,0.999831856990664,2,Type 3 specialists
rand_500_r035_e0672_n2_predation,seed_18.json,35,672,2,predation,18,10000000,False,,579,2,432,6.0010406104767675,4,1.91833468596929,189.9946517443324,4.0,1.56,531.36,2.001727115716753,2.001727115716753,0.0,0.0,123,33.33522515829416,0.0,16.66377658325083,16.673445091953358,0.0,33.32755316650166,2.0004603993431007,4.000580211133667,0.0,0.0,99.82728842832469,0.17271157167530224,49.971214738054115,0.05757052389176741,49.971214738054115,1.006450582450395,2,0.01834001383484561,1,Generalists
rand_500_r035_e0672_n2_predation,seed_19.json,35,672,2,predation,19,10000000,False,,310,2,438,7.999364209506749,4,1.750067022586986,94.86341524586135,4.0,1.24,326.14,1.0,1.0,100.0,0.0,3,49.995284094863614,0.0,12.500993501603064,25.00272890193026,0.0,12.500993501603064,3.9993048623257397,4.000059347181009,0.0,100.0,0.0,0.0,0.0,0.0,100.0,-0.0,1,-0.0,1,Type 3 specialists
rand_500_r035_e0672_n2_predation,seed_20.json,35,672,2,predation,20,10000000,False,,480,4,444,6.893228367626409,4,1.952303230295273,123.23598927474364,4.0,3.1,495.98,1.43125,1.43125,56.875,0.0,23,29.03972556012566,0.002295961206264466,29.00545377166177,27.44724380136992,0.0,14.505280905636386,2.0017746001914394,4.89145376743497,0.0,56.875,43.125,0.0,0.0,78.4375,21.5625,0.7520980337644327,2,0.9863187212887685,2,Type 2 specialists
rand_500_r035_e0896_n1,seed_1.json,35,896,1,normal,1,10000000,False,,441,1,361,6.001116532492815,4,1.9182335507417902,104.89441512593763,4.0,2.14,439.82,2.0,2.0,0.0,0.0,13,33.31226582854014,0.0,16.66356576456295,33.36060264233395,0.0,16.66356576456295,1.9991078919844771,4.002008640508338,0.0,0.0,100.0,0.0,50.0,0.0,50.0,1.0,2,-0.0,1,Generalists
rand_500_r035_e0896_n1,seed_2.json,35,896,1,normal,2,10000000,False,,647,4,189,5.6600540621137085,4,1.9585668446040687,99.82227550876614,4.0,4.38,667.62,1.0,1.0,100.0,0.0,13,35.33481452501086,0.04304405760761754,23.090594107005934,23.85685909744567,0.0,17.67468821292991,1.9999696048632223,3.6600844572504867,0.0,100.0,0.0,0.0,67.0788253477589,0.0,32.92117465224111,0.9141189901084155,2,0.9141189901084155,2,Type 1 specialists
rand_500_r035_e0896_n1,seed_3.json,35,896,1,normal,3,10000000,False,,769,6,278,5.853764068322147,5,2.147967478333423,93.75610287463262,4.0,4.9,760.22,1.0,1.0,100.0,0.0,13,23.251454706956785,0.0018484214410030082,17.07658692080491,36.07497481389663,6.520517984023188,17.074617152877476,1.3610853009980348,4.492678767324112,0.0,100.0,0.0,0.0,64.23927178153446,0.0,35.76072821846554,0.9406791121280986,2,0.9406791121280986,2,Type 1 specialists
rand_500_r035_e0896_n1,seed_4.json,35,896,1,normal,4,10000000,False,,531,2,381,7.0,4,1.8423709931771084,98.13870124717519,4.0,2.0,502.4,1.7796610169491525,1.7796610169491525,22.033898305084747,0.0,13,42.85714285714287,0.0,14.285714285714285,28.57142857142857,0.0,14.285714285714285,3.0000000000000004,4.0,0.0,22.033898305084747,77.96610169491525,0.0,61.016949152542374,0.0,38.983050847457626,0.9646900825612558,2,0.7607859931846075,2,Generalists
rand_500_r035_e0896_n1,seed_5.json,35,896,1,normal,5,3717880,True,3717880,0,0,313,5.76,4,1.9182958340544896,100.8,3.84,0.96,13.04,,,,,,33.33333333333333,0.0,16.666666666666664,33.33333333333333,0.0,16.666666666666664,1.92,3.8400000000000003,,,,,,,,,,,,No diet / mouth
rand_500_r035_e0896_n1,seed_6.json,35,896,1,normal,6,10000000,False,,585,1,283,4.999903708455005,4,1.9220201137722543,96.80051868936297,4.0,1.14,601.26,1.0,1.0,100.0,0.0,3,40.002159262832606,0.0006993141669090127,19.999015219933526,19.999131203227584,0.0,19.99899499983938,2.0000694444444447,2.99983426401056,0.0,100.0,0.0,0.0,0.0,0.0,100.0,-0.0,1,-0.0,1,Type 3 specialists
rand_500_r035_e0896_n1,seed_7.json,35,896,1,normal,7,10000000,False,,310,2,212,6.99853377830604,4,1.8428170296475068,82.47419427110373,4.0,1.82,364.88,1.0,1.0,100.0,0.0,1,14.288707201782557,0.0,28.558839686142967,42.86098035405932,0.0027655562326030746,14.288707201782557,1.0000000000000002,5.99853377830604,0.0,100.0,0.0,0.0,100.0,0.0,0.0,-0.0,1,-0.0,1,Type 1 specialists
rand_500_r035_e0896_n1,seed_8.json,35,896,1,normal,8,438167,True,438167,0,0,1025,5.76,4,1.9122104198521903,92.13631128264103,3.84,1.56,23.88,,,,,,33.91943879996384,0.0,16.080561200036154,33.333333333333336,0.0,16.666666666666668,1.9537596748779171,3.8062403251220824,,,,,,,,,,,,No diet / mouth
rand_500_r035_e0896_n1,seed_9.json,35,896,1,normal,9,10000000,False,,276,3,355,7.996151244125617,4,1.8133931836601533,105.0071923984933,4.0,4.02,295.6,2.0,2.0,0.0,0.0,12,37.49002375991012,0.011291755776997092,12.48224797885628,37.49943952953519,0.005062430021329786,12.511934545900083,2.9977590013010427,4.998392242824574,0.0,0.0,100.0,0.0,50.0,50.0,0.0,1.0,2,-0.0,1,Generalists
rand_500_r035_e0896_n1,seed_10.json,35,896,1,normal,10,10000000,False,,544,2,304,7.0002197166908715,4,1.842827982315835,67.25170277060083,4.0,1.12,529.98,1.9981617647058822,1.9981617647058822,0.18382352941176472,0.0,13,42.85579769513511,0.0031387113514244943,14.285265898378366,28.570531796756732,0.0,14.285265898378366,2.9999999999999996,4.000219716690872,0.0,0.18382352941176472,99.81617647058823,0.0,49.908088235294116,0.0,50.091911764705884,0.9999975624867312,2,0.019354468864735873,1,Generalists
rand_500_r035_e0896_n1,seed_11.json,35,896,1,normal,11,6245926,True,6245926,0,0,574,5.76,4,1.9182958340544896,89.65264646464647,3.84,0.96,3.22,,,,,,33.33333333333333,0.0,16.666666666666664,33.33333333333333,0.0,16.666666666666664,1.92,3.8400000000000003,,,,,,,,,,,,No diet / mouth
rand_500_r035_e0896_n1,seed_12.json,35,896,1,normal,12,10000000,False,,408,1,690,7.0010484052072215,4,1.8437205739185927,104.84732363066082,4.0,1.3,380.64,2.0,2.0,0.0,0.0,13,28.572878189569828,0.0,14.283575003655486,42.850725010966464,0.010671596524984688,14.282150199283231,2.0004010328126807,5.000647372394541,0.0,0.0,100.0,0.0,50.0,0.0,50.0,1.0,2,-0.0,1,Generalists
rand_500_r035_e0896_n1,seed_13.json,35,896,1,normal,13,10000000,False,,324,1,619,5.999945504087193,4,1.9182897786005244,100.29666333293217,4.0,1.02,344.5,1.0,1.0,100.0,0.0,3,33.333636091154325,0.0,16.666818045577163,33.333636091154325,0.0,16.665909772114187,1.9999999999999996,3.9999455040871936,0.0,100.0,0.0,0.0,0.0,0.0,100.0,-0.0,1,-0.0,1,Type 3 specialists
rand_500_r035_e0896_n1,seed_14.json,35,896,1,normal,14,2088706,True,2088706,0,0,613,5.76,5,2.2516291673878226,100.8,3.84,0.96,10.48,,,,,,16.666666666666664,0.0,16.666666666666664,16.666666666666664,33.33333333333333,16.666666666666664,0.96,4.8,,,,,,,,,,,,No diet / mouth
rand_500_r035_e0896_n1,seed_15.json,35,896,1,normal,15,10000000,False,,854,2,305,5.673489633036974,4,1.9326723360946696,91.0436267240483,4.0,2.3,809.36,1.6510538641686183,1.6510538641686183,34.894613583138174,0.0,123,29.501825277710463,0.00042217572177992793,17.62413846145265,35.247777700803105,0.0,17.625836384311995,1.6737829986875847,3.9997066343493897,0.0,34.894613583138174,65.10538641686183,0.0,32.55269320843092,32.55269320843092,34.894613583138174,1.5841772063043376,3,0.9331233421357197,2,Generalists
rand_500_r035_e0896_n1,seed_16.json,35,896,1,normal,16,10000000,False,,596,2,297,7.0008836073361795,4,1.8429714632092855,86.9632471280134,4.0,1.48,484.0,2.0,2.0,0.0,0.0,13,28.573227710049494,0.004024898063444916,14.287102459746972,42.851733699105075,0.0,14.28391123303502,2.0003784148396937,5.000505192496486,0.0,0.0,100.0,0.0,50.0,0.0,50.0,1.0,2,-0.0,1,Generalists
rand_500_r035_e0896_n1,seed_17.json,35,896,1,normal,17,10000000,False,,603,1,272,7.0,5,2.2359263506290326,98.71445206089136,4.0,1.0,652.54,2.0,2.0,0.0,0.0,13,28.57142857142857,0.0,14.285714285714285,28.57142857142857,14.285714285714285,14.285714285714285,2.0,5.0,0.0,0.0,100.0,0.0,50.0,0.0,50.0,1.0,2,-0.0,1,Generalists
rand_500_r035_e0896_n1,seed_18.json,35,896,1,normal,18,10000000,False,,307,2,438,8.999258573308952,4,1.7527671013419113,98.94516710838546,4.0,1.38,269.14,2.0,2.0,0.0,0.0,13,44.43894777735964,0.0,11.112026528117733,33.33699916640491,0.0,11.112026528117733,3.999175817742325,5.000082755566627,0.0,0.0,100.0,0.0,50.0,0.0,50.0,1.0,2,-0.0,1,Generalists
rand_500_r035_e0896_n1,seed_19.json,35,896,1,normal,19,10000000,False,,576,1,159,7.000033955857385,4,1.8424546874714973,60.12002969493669,4.0,1.04,604.1,2.0,2.0,0.0,0.0,12,42.85693496514691,0.0,14.285644988382302,28.571289976764604,0.00048508132388394896,14.285644988382302,3.0000000000000004,4.000033955857385,0.0,0.0,100.0,0.0,50.0,50.0,0.0,1.0,2,-0.0,1,Generalists
rand_500_r035_e0896_n1,seed_20.json,35,896,1,normal,20,10000000,False,,574,1,255,8.999934097670076,4,1.8367649698720878,120.1019504859237,4.0,1.36,635.98,2.0,2.0,0.0,0.0,13,44.42718139119662,0.0,22.23924119097932,22.22238494521604,0.0,11.11119247260802,3.9984170466600393,5.001517051010037,0.0,0.0,100.0,0.0,50.0,0.0,50.0,1.0,2,-0.0,1,Generalists
rand_500_r035_e0896_n1_predation,seed_1.json,35,896,1,predation,1,10000000,False,,509,4,627,5.001020318453812,4,1.9260424275418007,94.12539310358525,4.0,3.08,525.5,2.0,2.0,0.0,0.0,13,40.019779014880854,0.04167057990667793,19.973134047811545,19.97974036891468,0.0,19.98567598848625,2.001397279934506,2.999623038519306,0.0,0.0,100.0,0.0,50.0,0.0,50.0,1.0,2,-0.0,1,Generalists
rand_500_r035_e0896_n1_predation,seed_2.json,35,896,1,predation,2,10000000,False,,692,2,228,8.562160129298082,4,1.6976493366036405,113.64898476579415,4.0,2.02,689.18,2.0,2.588150289017341,0.0,58.8150289017341,13,53.28281719104082,0.0,23.35825287416938,11.679634232550004,0.0,11.679295702239793,4.562160129298081,4.000000000000001,0.0,0.0,100.0,0.0,50.0,0.0,50.0,1.0,2,-0.0,1,Generalists
rand_500_r035_e0896_n1_predation,seed_3.json,35,896,1,predation,3,10000000,False,,775,4,338,4.920681139105889,4,1.9361236418012084,102.48550602974917,4.0,6.44,746.18,1.9303225806451614,1.9303225806451614,6.967741935483871,0.0,123,39.025819656617024,0.031159765696420188,20.29867126670498,20.32238976130254,0.011230297654520948,20.310729252024522,1.9203361472246323,3.0003449918812564,0.0,6.967741935483871,93.03225806451613,0.0,41.41935483870968,5.096774193548387,53.483870967741936,1.2284327172658018,3,0.828594003445036,3,Generalists
rand_500_r035_e0896_n1_predation,seed_4.json,35,896,1,predation,4,2992428,True,2992428,0,0,751,4.8,4,1.9219280948873623,99.8119090909091,3.84,0.96,8.52,,,,,,40.0,0.0,20.0,20.0,0.0,20.0,1.92,2.88,,,,,,,,,,,,No diet / mouth
rand_500_r035_e0896_n1_predation,seed_5.json,35,896,1,predation,5,172582,True,172582,0,0,391,4.8,4,1.9219280948873623,120.96,3.84,0.96,1.62,,,,,,20.0,20.0,40.0,0.0,0.0,20.0,0.96,3.84,,,,,,,,,,,,No diet / mouth
rand_500_r035_e0896_n1_predation,seed_6.json,35,896,1,predation,6,10000000,False,,652,2,352,5.000346867843947,4,1.9238451333819766,104.76920328858095,4.0,3.48,713.14,1.9800613496932515,1.9800613496932515,1.9938650306748467,0.0,13,40.01813886256627,0.0,19.996858238110775,19.972630326590952,0.018176897629169603,19.994195675102834,2.0010457531837735,2.999301114660174,0.0,1.9938650306748467,98.00613496932516,0.0,50.99693251533742,0.0,49.00306748466258,0.9997132094507735,2,0.14109594315597995,1,Generalists
rand_500_r035_e0896_n1_predation,seed_7.json,35,896,1,predation,7,10000000,False,,899,2,298,5.620330128183757,4,1.843041423967953,98.53422739892098,4.0,3.34,903.44,1.6351501668520578,1.6351501668520578,36.48498331479421,0.0,13,46.626161641502215,0.002077222667627666,17.793580498570655,17.78901963377926,0.00042667983553968487,17.7887343236447,2.620544210353007,2.9997859178307498,0.0,36.48498331479421,63.51501668520579,0.0,31.757508342602893,0.0,68.24249165739711,0.9017249318233641,2,0.9466354171863999,2,Generalists
rand_500_r035_e0896_n1_predation,seed_8.json,35,896,1,predation,8,1319343,True,1319343,0,0,453,7.68,4,1.75,100.78972972371632,3.84,0.96,17.18,,,,,,50.0,0.0,12.5,25.0,0.0,12.5,3.84,3.84,,,,,,,,,,,,No diet / mouth
rand_500_r035_e0896_n1_predation,seed_9.json,35,896,1,predation,9,10000000,False,,561,1,217,6.00002149198281,4,1.9182900881905338,189.9867898478881,4.0,1.36,546.22,1.0,1.0,100.0,0.0,1,33.33536016941966,0.0,16.664392010181626,16.66836722043288,0.0,33.33188059996583,2.000128774595057,3.999892717387753,0.0,100.0,0.0,0.0,100.0,0.0,0.0,-0.0,1,-0.0,1,Type 1 specialists
rand_500_r035_e0896_n1_predation,seed_10.json,35,896,1,predation,10,10000000,False,,1057,1,144,4.999902921815135,4,1.92204159811526,103.99139705308573,4.0,1.14,1037.78,2.0,2.0,0.0,0.0,13,40.000776640557895,0.0,20.000388320278947,20.000388320278947,0.0007512306828077167,19.99769548820141,2.0,2.9999029218151345,0.0,0.0,100.0,0.0,50.0,0.0,50.0,1.0,2,-0.0,1,Generalists
rand_500_r035_e0896_n1_predation,seed_11.json,35,896,1,predation,11,10000000,False,,287,1,305,9.0,4,1.836599959648169,124.95665826963928,4.0,1.02,256.08,2.0,2.0,0.0,0.0,23,44.4436152570481,0.0,22.222222222222225,22.223051409618574,0.0,11.111111111111112,3.9999253731343294,5.000074626865671,0.0,0.0,100.0,0.0,0.0,50.0,50.0,1.0,2,-0.0,1,Generalists
rand_500_r035_e0896_n1_predation,seed_12.json,35,896,1,predation,12,10000000,False,,568,3,363,5.441577897731459,4,1.8669071554856158,100.76493032047632,4.0,3.32,545.54,1.4190140845070423,1.4190140845070423,58.098591549295776,0.0,13,44.85496944933394,0.003889778296248402,18.39188302241787,18.359295217793502,0.0,18.389962532158446,2.440818103589154,3.0007597941423048,0.0,58.098591549295776,41.901408450704224,0.0,20.950704225352112,0.0,79.04929577464789,0.7405394120532379,2,0.9809919111095945,2,Type 3 specialists
rand_500_r035_e0896_n1_predation,seed_13.json,35,896,1,predation,13,10000000,False,,733,3,204,4.998712330832957,4,1.922170173258952,103.53966103787805,4.0,2.08,732.44,1.9986357435197817,1.9986357435197817,0.1364256480218281,0.0,13,40.007563660556286,0.0,19.979956306292248,20.005152003483378,0.00217602618470225,20.005152003483378,1.9998630179660724,2.9988493128668847,0.0,0.1364256480218281,99.86357435197817,0.0,49.931787175989086,0.0,50.068212824010914,0.9999986574306486,2,0.01495140501796052,1,Generalists
rand_500_r035_e0896_n1_predation,seed_14.json,35,896,1,predation,14,2075668,True,2075668,0,0,383,3.84,4,2.0,76.8,3.84,0.96,2.3,,,,,,25.0,0.0,25.0,25.0,0.0,25.0,0.96,2.88,,,,,,,,,,,,No diet / mouth
rand_500_r035_e0896_n1_predation,seed_15.json,35,896,1,predation,15,10000000,False,,574,3,393,3.9992231823085014,4,2.0003833237332946,101.84980534690432,4.0,1.86,550.88,0.9982578397212544,1.0,99.82578397212544,0.0,3,25.001311026064343,0.0,25.00206088474845,25.000561710854385,0.002613748019544141,24.99345263031327,0.9998582264354167,2.9993649558730846,0.17421602787456447,99.82578397212544,0.0,0.0,0.0,0.0,99.82578397212544,0.0025112153440115105,1,0.018477952150066715,1,Type 3 specialists
rand_500_r035_e0896_n1_predation,seed_16.json,35,896,1,predation,16,10000000,False,,529,3,746,5.0042677815453835,4,1.9222673558788277,105.25862054856502,4.0,3.14,532.7,2.0,2.0,0.0,0.0,13,39.96588686511844,0.0,20.002166879463825,19.970739653757022,0.0,20.061206601660714,2.0000000000000004,3.004267781545383,0.0,0.0,100.0,0.0,50.0,0.0,50.0,1.0,2,-0.0,1,Generalists
rand_500_r035_e0896_n1_predation,seed_17.json,35,896,1,predation,17,10000000,False,,531,3,377,4.26894339154651,4,1.9922862041162888,92.18979380435368,4.0,3.54,501.04,0.7476459510357816,1.0,74.76459510357816,25.04708097928437,3,23.402466588315196,0.0018910211179904363,23.429122534686666,29.726342655990223,0.0017923627742892337,23.43838483711564,0.9990380508807616,3.2699053406657486,25.235404896421844,74.76459510357816,0.0,0.0,0.0,0.0,74.76459510357816,0.31369194520432153,1,0.8149879287945571,2,Type 3 specialists
rand_500_r035_e0896_n1_predation,seed_18.json,35,896,1,predation,18,10000000,False,,470,6,926,5.998226260935148,4,1.919829130633275,97.10690457989814,4.0,4.38,464.02,1.623404255319149,1.625531914893617,37.659574468085104,0.2127659574468085,13,33.32019724760476,0.0020669084838887686,16.708164797696114,33.33212470659432,0.008875230206104522,16.628571109414814,1.9986208215012191,3.999605439433929,0.0,37.659574468085104,62.340425531914896,0.0,31.382978723404257,0.0,68.61702127659575,0.8975449375183373,2,0.9745515779992914,2,Generalists
rand_500_r035_e0896_n1_predation,seed_19.json,35,896,1,predation,19,10000000,False,,565,1,337,7.0,5,2.1280929152684727,103.85847185447281,4.0,1.02,571.06,2.0,2.0,0.0,0.0,23,42.85666104553121,0.0,14.286196097325945,14.285714285714285,14.285714285714285,14.285714285714285,2.9999662731871846,4.000033726812815,0.0,0.0,100.0,0.0,0.0,50.0,50.0,1.0,2,-0.0,1,Generalists
rand_500_r035_e0896_n1_predation,seed_20.json,35,896,1,predation,20,1880308,True,1880308,0,0,357,5.76,4,1.9182958340544896,113.28,3.84,0.96,2.96,,,,,,33.33333333333333,0.0,33.33333333333333,16.666666666666664,0.0,16.666666666666664,1.92,3.8400000000000003,,,,,,,,,,,,No diet / mouth
rand_500_r035_e0896_n2,seed_1.json,35,896,2,normal,1,10000000,False,,773,3,149,5.509255287827216,4,1.9367129134864771,85.66784652923802,4.0,2.76,830.42,1.0,1.0,100.0,0.0,13,36.30162812581088,0.003639558853177954,18.143654250525266,27.399715945532343,0.0004932411301309529,18.150868878148202,1.9999493670886077,3.509305920738608,0.0,100.0,0.0,0.0,49.02975420439845,0.0,50.97024579560155,0.9997283589925627,2,0.9997283589925627,2,Type 3 specialists
rand_500_r035_e0896_n2,seed_2.json,35,896,2,normal,2,10000000,False,,707,10,159,8.173748127320364,5,2.014033421803068,83.86994425706018,4.0,9.98,686.08,1.0,1.0,100.0,0.0,123,30.947010803948636,0.07176891394674541,12.214728919045529,39.657435054703775,4.868133426194165,12.240922882161136,2.5295307160493823,5.644217411270981,0.0,100.0,0.0,0.0,36.77510608203678,25.6011315417256,37.62376237623762,1.564586398030368,3,1.564586398030368,3,Type 3 specialists
rand_500_r035_e0896_n2,seed_3.json,35,896,2,normal,3,10000000,False,,942,3,132,7.3525449387657735,4,1.9105193950766324,107.17007297327,4.0,2.58,952.62,1.529723991507431,1.529723991507431,47.0276008492569,0.0,123,33.33342634253125,0.0,19.732408887615033,33.3345825965465,0.0031279995508487197,13.596454173756376,2.450855151464998,4.901689787300775,0.0,47.0276008492569,52.9723991507431,0.0,26.48619957537155,26.48619957537155,47.0276008492569,1.5271732004692948,3,0.9974492089618638,2,Generalists
rand_500_r035_e0896_n2,seed_4.json,35,896,2,normal,4,10000000,False,,1007,6,119,6.181137984706266,5,2.0188146782696728,60.68543926366483,4.0,6.48,1041.6,1.4975173783515392,1.4975173783515392,50.248262164846075,0.0,123,24.563613771516767,0.0006240614205274464,16.176673349055548,40.33122178962474,2.7502551575764658,16.177611870805954,1.5183108612477625,4.662827123458504,0.0,50.248262164846075,49.751737835153925,0.0,24.875868917576963,24.875868917576963,50.248262164846075,1.4974995944356622,3,0.999982216084123,2,Type 3 specialists
rand_500_r035_e0896_n2,seed_5.json,35,896,2,normal,5,10000000,False,,900,11,165,4.9993165497725425,4,1.9563301342531263,120.70435079319304,4.0,9.24,904.02,1.0,1.001111111111111,100.0,0.1111111111111111,23,23.92835296586419,0.014607581489879812,36.0661967041478,19.97705728374749,0.011948774548729751,20.001836690201912,1.1962541099104373,3.803062439862105,0.0,100.0,0.0,0.0,0.0,19.88888888888889,80.11111111111111,0.7197002989582204,2,0.7197002989582204,2,Type 3 specialists
rand_500_r035_e0896_n2,seed_6.json,35,896,2,normal,6,10000000,False,,775,4,239,6.000342194857695,4,1.9193787480633784,91.81710238565528,4.0,3.12,789.4,1.0,1.0,100.0,0.0,13,33.331831060551856,0.0,16.664023318884976,33.31931010841835,0.0073716947482158806,16.6774638173966,2.000023923444976,4.000318271412718,0.0,100.0,0.0,0.0,51.354838709677416,0.0,48.645161290322584,0.9994702964472016,2,0.9994702964472016,2,Type 1 specialists
rand_500_r035_e0896_n2,seed_7.json,35,896,2,normal,7,10000000,False,,1081,5,143,6.999125660550999,4,1.664868117361967,75.15083567909902,4.0,2.54,1022.62,2.0,2.0,0.0,0.0,12,57.15106872790716,0.00404142017177823,14.271300699757408,14.28721283882847,0.0,14.286376313335195,4.000075116614088,2.9990505439369115,0.0,0.0,100.0,0.0,50.0,50.0,0.0,1.0,2,-0.0,1,Generalists
rand_500_r035_e0896_n2,seed_8.json,35,896,2,normal,8,10000000,False,,565,1,195,5.997489005707588,4,1.9187796090046525,99.50750306638255,4.0,2.34,588.32,2.0,2.0,0.0,0.0,23,33.346249242870535,0.0,16.67482368228509,33.30311522624085,0.002167277544920221,16.673644571058606,1.9999376321570101,3.997551373550578,0.0,0.0,100.0,0.0,0.0,50.0,50.0,1.0,2,-0.0,1,Generalists
rand_500_r035_e0896_n2,seed_9.json,35,896,2,normal,9,10000000,False,,935,3,138,6.914564656200309,4,1.8858256528828374,90.52374759448722,4.0,2.52,954.34,1.0,1.0,100.0,0.0,13,21.073059743467276,0.003700475900472375,22.312402140844885,42.14707291229793,0.0012289049686351275,14.4625358225208,1.4571103410017636,5.457454315198546,0.0,100.0,0.0,0.0,54.331550802139034,0.0,45.668449197860966,0.9945795432902828,2,0.9945795432902828,2,Type 1 specialists
rand_500_r035_e0896_n2,seed_10.json,35,896,2,normal,10,10000000,False,,1322,4,109,5.411027247070564,4,1.9475106730686278,93.98263359406423,4.0,3.46,1255.86,1.0,1.0,100.0,0.0,13,28.81354050654621,0.0035245142082642377,18.480220052901423,34.22458478447063,0.0,18.478130141873468,1.559108527654929,3.8519187194156346,0.0,100.0,0.0,0.0,55.748865355521936,0.0,44.251134644478064,0.9904428209869164,2,0.9904428209869164,2,Type 1 specialists
rand_500_r035_e0896_n2,seed_11.json,35,896,2,normal,11,10000000,False,,1120,4,148,7.000406043455545,4,1.8433681234318682,62.12031085488505,4.0,2.38,1074.64,2.0,2.0,0.0,0.0,13,28.5773585812256,0.0,14.278110220699839,42.852870071443256,0.008084794788879137,14.28357633184243,2.0005311371800785,4.999874906275466,0.0,0.0,100.0,0.0,50.0,0.0,50.0,1.0,2,-0.0,1,Generalists
rand_500_r035_e0896_n2,seed_12.json,35,896,2,normal,12,10000000,False,,340,2,552,7.001122767980603,4,1.84227154266206,91.73131125422366,4.0,1.26,327.2,1.0,1.0,100.0,0.0,2,28.56684657990762,0.0,14.28342328995381,42.86630684018476,0.0,14.28342328995381,2.0000000000000004,5.001122767980602,0.0,100.0,0.0,0.0,0.0,100.0,0.0,-0.0,1,-0.0,1,Type 2 specialists
rand_500_r035_e0896_n2,seed_13.json,35,896,2,normal,13,10000000,False,,820,4,178,7.999235650790414,4,1.8851600625766924,125.50888866724343,4.0,5.66,819.04,1.4853658536585366,1.4853658536585366,51.46341463414634,0.0,123,37.41486816026347,0.0022197415737091374,31.294443940114057,18.77286722395365,0.011933795093994712,12.503667139001118,2.992903472572027,5.006332178218387,0.0,51.46341463414634,48.53658536585366,0.0,51.46341463414634,24.26829268292683,24.26829268292683,1.4847478353459285,3,0.9993819816873919,2,Type 1 specialists
rand_500_r035_e0896_n2,seed_14.json,35,896,2,normal,14,10000000,False,,610,2,165,6.282905702684247,5,2.0879746082971216,97.58554268028678,4.0,2.66,647.3,1.7573770491803278,1.7573770491803278,24.262295081967213,0.0,123,27.31919957155625,4.51826015808331,15.906294887265252,36.34005094554379,0.0005052762726085301,15.915689161278799,1.7164395478089982,4.566466154875249,0.0,24.262295081967213,75.73770491803279,0.0,37.868852459016395,37.868852459016395,24.262295081967213,1.5567520631923748,3,0.7993750140120467,2,Generalists
rand_500_r035_e0896_n2,seed_15.json,35,896,2,normal,15,1479268,True,1479268,0,0,1631,4.8,4,1.9219280948873623,100.8,3.84,0.96,11.44,,,,,,20.0,0.0,20.0,40.0,0.0,20.0,0.96,3.84,,,,,,,,,,,,No diet / mouth
rand_500_r035_e0896_n2,seed_16.json,35,896,2,normal,16,10000000,False,,591,2,156,6.000135083745727,4,1.7924990900201418,93.98659998867899,4.0,1.14,584.38,0.9983079526226735,1.0,99.83079526226734,0.1692047377326565,3,16.666291442487427,0.0,16.666291442487427,49.998874327462296,0.0,16.66854278756285,0.9999999999999999,5.000135083745727,0.1692047377326565,99.83079526226734,0.0,0.0,0.0,0.0,99.83079526226734,0.0024390419589069194,1,0.01801774639237144,1,Type 3 specialists
rand_500_r035_e0896_n2,seed_17.json,35,896,2,normal,17,6580648,True,6580648,0,0,1741,6.72,5,2.235926350629033,88.32,3.84,0.96,1.0,,,,,,28.571428571428577,0.0,14.285714285714288,28.571428571428577,14.285714285714288,14.285714285714288,1.9200000000000002,4.799999999999999,,,,,,,,,,,,No diet / mouth
rand_500_r035_e0896_n2,seed_18.json,35,896,2,normal,18,10000000,False,,1269,4,143,4.794636777445684,4,1.9793561675793478,51.22620639070246,4.0,5.48,1326.48,1.2332545311268714,1.2332545311268714,76.67454688731284,0.0,123,26.377314329325323,0.0018507714325768038,20.85260075624005,31.896749825117976,0.024124840836799583,20.84735947704727,1.2646964137362824,3.5299403637094016,0.0,76.67454688731284,23.325453112687157,0.0,11.662726556343578,33.175728920409775,55.161544523246654,1.363070797886285,3,1.4401550977497592,3,Type 3 specialists
rand_500_r035_e0896_n2,seed_19.json,35,896,2,normal,19,10000000,False,,644,2,195,6.000001506155177,4,1.793387515410863,104.95088986093963,4.0,1.42,607.48,1.0,1.0,100.0,0.0,1,16.666069363242027,0.0,16.66500773625108,50.00226041760356,0.007500738497338988,16.659161744405996,0.9999644128113879,5.0000370933437885,0.0,100.0,0.0,0.0,100.0,0.0,0.0,-0.0,1,-0.0,1,Type 1 specialists
rand_500_r035_e0896_n2,seed_20.json,35,896,2,normal,20,10000000,False,,1193,2,107,5.646408519455711,4,1.9334797122839118,98.22090178588832,4.0,2.06,1182.62,1.0,1.0,100.0,0.0,13,35.4210504750505,0.0006029067456163849,17.710372824678217,29.15820387559307,0.0,17.7097699179326,2.000017211703959,3.6463913077517525,0.0,100.0,0.0,0.0,67.39312657166806,0.0,32.60687342833194,0.9108592934056327,2,0.9108592934056327,2,Type 1 specialists
rand_500_r035_e0896_n2_predation,seed_1.json,35,896,2,predation,1,10000000,False,,635,6,149,5.419836248484735,4,1.9466555683049895,131.34958406292765,4.0,4.5,661.04,0.9984251968503937,1.0,99.84251968503936,0.0,13,22.339982682536945,0.0,36.879103743562816,18.45074194408692,0.0,22.330171629813318,1.21079047933335,4.209045769151386,0.15748031496062992,99.84251968503936,0.0,0.0,78.4251968503937,0.0,21.41732283464567,0.7511064488065992,2,0.7657688311399212,2,Type 1 specialists
rand_500_r035_e0896_n2_predation,seed_2.json,35,896,2,predation,2,10000000,False,,783,8,152,7.086933944322055,4,1.8744751842708922,121.01878496174538,4.0,7.08,764.2,1.0485312899106003,1.0485312899106003,95.14687100893997,0.0,13,41.70768977020492,0.0,14.09591515620334,26.7288535234601,0.011193164028247254,17.456348386103397,2.95579642371719,4.131137520604866,0.0,95.14687100893997,4.853128991060026,0.0,51.97956577266922,0.0,48.02043422733078,0.9988690121988897,2,1.2304049180600696,2,Type 1 specialists
rand_500_r035_e0896_n2_predation,seed_3.json,35,896,2,predation,3,10000000,False,,600,1,190,8.999946360799845,4,1.7527735375774343,95.54717011218969,4.0,1.62,702.9,2.0,2.0,0.0,0.0,23,33.33293600355672,0.0,11.119135357690215,44.44440068714739,0.00030864381479834836,11.103219307790877,2.9999463607998442,6.000000000000001,0.0,0.0,100.0,0.0,0.0,50.0,50.0,1.0,2,-0.0,1,Generalists
rand_500_r035_e0896_n2_predation,seed_4.json,35,896,2,predation,4,10000000,False,,612,2,244,7.000098092875852,4,1.6645137937297614,103.56435045933769,4.0,2.16,614.98,1.0,1.0,100.0,0.0,3,57.142056395908014,0.0,14.285514098977004,14.286449320849275,0.0,14.285980184265714,4.000000000000001,3.0000980928758514,0.0,100.0,0.0,0.0,0.0,0.0,100.0,-0.0,1,-0.0,1,Type 3 specialists
rand_500_r035_e0896_n2_predation,seed_5.json,35,896,2,predation,5,10000000,False,,1011,8,150,4.760560528447257,4,1.9514686644118613,84.79569876017501,4.0,7.78,1068.94,1.0,1.0,100.0,0.0,13,36.99414111275311,0.0007612303610077044,20.964863957518133,21.02918247330388,0.01806114362097237,20.992990082442894,1.7611284796518039,2.9994320487954536,0.0,100.0,0.0,0.0,39.268051434223544,0.0,60.731948565776456,0.96650760997122,2,0.96650760997122,2,Type 3 specialists
rand_500_r035_e0896_n2_predation,seed_6.json,35,896,2,predation,6,10000000,False,,672,5,342,5.040453396267552,4,1.9290826411005018,104.94401941171526,4.0,6.4,760.64,1.9985119047619047,1.9985119047619047,0.1488095238095238,0.0,13,39.64848426012745,0.029450899032051166,19.814654724846253,20.668721227237075,0.004814660205315895,19.83387422855186,1.9984633714581999,3.0419900248093525,0.0,0.1488095238095238,99.85119047619048,0.0,49.92559523809524,0.0,50.07440476190476,0.999998402627669,2,0.01612193228720797,1,Generalists
rand_500_r035_e0896_n2_predation,seed_7.json,35,896,2,predation,7,10000000,False,,914,2,151,9.000881178405498,5,2.1972360973925635,189.04496384270996,4.0,2.06,925.82,2.0,2.0,0.0,0.0,13,33.32932466970435,0.0004675455449592224,11.109555797493433,22.230581958142075,11.110023343038392,22.220046686076785,2.9999329110850796,6.000948267320418,0.0,0.0,100.0,0.0,50.0,0.0,50.0,1.0,2,-0.0,1,Generalists
rand_500_r035_e0896_n2_predation,seed_8.json,35,896,2,predation,8,10000000,False,,1039,2,141,5.000028594465786,4,1.9224794099283047,98.16953864294297,4.0,2.34,1087.18,1.0,1.0,100.0,0.0,13,39.99902051657222,0.0003831395713178344,19.999901911128752,19.999163947172054,0.003409136786268191,19.998121348769388,1.9999624633348474,3.0000661311309385,0.0,100.0,0.0,0.0,68.23869104908566,0.0,31.76130895091434,0.9017668694875263,2,0.9017668694875263,2,Type 1 specialists
rand_500_r035_e0896_n2_predation,seed_9.json,35,896,2,predation,9,10000000,False,,741,2,171,6.232226033378907,4,1.9662752864016682,119.40769775133218,4.0,2.42,692.72,1.0,1.0,100.0,0.0,13,27.987724023030513,0.0,27.986373438665495,27.985895770041573,0.0018989229695709404,16.03810784529285,1.74425822271355,4.487967810665356,0.0,100.0,0.0,0.0,75.7085020242915,0.0,24.291497975708502,0.7998542771899442,2,0.7998542771899442,2,Type 1 specialists
rand_500_r035_e0896_n2_predation,seed_10.json,35,896,2,predation,10,10000000,False,,625,2,269,5.999167466050643,4,1.9188199160773116,63.15706255167638,4.0,1.68,605.78,1.0,1.0,100.0,0.0,3,33.33422120821242,0.0,16.655102090497433,33.33740445566187,0.004292663727767009,16.668979581900516,1.9997757537844334,3.99939171226621,0.0,100.0,0.0,0.0,0.0,0.0,100.0,-0.0,1,-0.0,1,Type 3 specialists
rand_500_r035_e0896_n2_predation,seed_11.json,35,896,2,predation,11,10000000,False,,601,11,195,8.27999652833487,5,2.0578127699623012,83.29916384178223,4.0,7.46,601.06,1.0,1.0,100.0,0.0,3,36.217317631948845,3.4958940392693414,24.1104742782005,24.110252264066624,0.0017379433609546575,12.064323843153737,2.998792642581377,5.281203885753493,0.0,100.0,0.0,0.0,0.0,0.0,100.0,-0.0,1,-0.0,1,Type 3 specialists
rand_500_r035_e0896_n2_predation,seed_12.json,35,896,2,predation,12,103271,True,103271,0,0,1113,3.84,4,2.0,100.8,3.84,1.2,16.32,,,,,,25.0,0.0,25.0,25.0,0.0,25.0,0.96,2.88,,,,,,,,,,,,No diet / mouth
rand_500_r035_e0896_n2_predation,seed_13.json,35,896,2,predation,13,10000000,False,,665,3,179,7.0,4,1.8423224323847995,103.51266222750175,4.0,3.24,630.74,2.0,2.0,0.0,0.0,13,42.85714285714286,0.0,14.285714285714283,28.576282865772768,0.0,14.28085999137009,3.0,4.0,0.0,0.0,100.0,0.0,50.0,0.0,50.0,1.0,2,-0.0,1,Generalists
rand_500_r035_e0896_n2_predation,seed_14.json,35,896,2,predation,14,10000000,False,,902,2,204,4.999884377243276,4,1.9238339905862434,96.38453883272737,4.0,1.92,842.46,2.0,2.0,0.0,0.0,23,40.00039917653277,0.001978510760616882,19.994904651764227,20.001450233079126,0.013514294312422952,19.987753133550846,1.99997370926241,2.9999106679808665,0.0,0.0,100.0,0.0,0.0,50.0,50.0,1.0,2,-0.0,1,Generalists
rand_500_r035_e0896_n2_predation,seed_15.json,35,896,2,predation,15,10000000,False,,990,9,135,7.001316438836378,3,1.4543609083807947,146.71200813913163,4.0,9.1,1036.92,1.998989898989899,1.998989898989899,0.10101010101010101,0.0,13,42.84099672479956,0.004512560476543161,42.8359991265462,0.02214500043247157,0.01784104047415225,14.278505547271084,2.999433746254746,4.001882692581633,0.0,0.10101010101010101,99.8989898989899,0.0,49.94949494949495,0.0,50.05050505050505,0.9999992640060779,2,0.011508334218728955,1,Generalists
rand_500_r035_e0896_n2_predation,seed_16.json,35,896,2,predation,16,10000000,False,,1168,1,131,4.999929985485107,4,1.9219742263712292,89.99667895605968,4.0,1.8,1123.12,2.0,2.0,0.0,0.0,13,40.00128477179084,0.0,19.999912071547733,19.99783696055776,0.000341301707542342,20.000624894396115,2.0000362318840583,2.9998937536010484,0.0,0.0,100.0,0.0,50.0,0.0,50.0,1.0,2,-0.0,1,Generalists
rand_500_r035_e0896_n2_predation,seed_17.json,35,896,2,predation,17,10000000,False,,985,2,151,4.999957302392397,4,1.9234082855366899,93.12316980793221,4.0,3.28,950.5,1.0,1.0,100.0,0.0,13,39.99992052755059,0.0008412278824894441,19.999769182033635,19.96371068759757,0.010961763527601337,20.024796611408107,1.999978947368421,2.9999783550239756,0.0,100.0,0.0,0.0,19.289340101522843,0.0,80.71065989847716,0.7074851422935907,2,0.7074851422935907,2,Type 3 specialists
rand_500_r035_e0896_n2_predation,seed_18.json,35,896,2,predation,18,10000000,False,,812,3,202,4.998945655848568,4,1.9497483085959115,103.90480668040159,4.0,5.6,811.78,1.8633004926108374,1.8633004926108374,13.669950738916256,0.0,12,37.08456756931549,0.00688136146911403,19.982345489544265,22.938315325981563,0.02037115676836988,19.967519096921198,1.8538373794965237,3.145108276352045,0.0,13.669950738916256,86.33004926108374,0.0,56.71182266009852,43.28817733990148,0.0,0.9869624111888016,2,0.5856656180113347,2,Generalists
rand_500_r035_e0896_n2_predation,seed_19.json,35,896,2,predation,19,10000000,False,,770,7,224,5.001485040904119,4,1.9236201411574896,104.59095277695508,4.0,4.18,791.54,1.8792207792207791,1.8792207792207791,12.077922077922079,0.0,12,40.02008484651708,0.002596647143237297,19.995122214246432,19.99453312417284,0.012590948927098408,19.975072218993315,2.001598556955688,2.999886483948431,0.0,12.077922077922079,87.92207792207792,0.0,56.03896103896104,43.96103896103896,0.0,0.9894515222694644,2,0.5315965714350952,2,Generalists
rand_500_r035_e0896_n2_predation,seed_20.json,35,896,2,predation,20,10000000,False,,602,1,360,8.000032840722495,4,1.8112830041646653,103.83414697170052,4.0,1.02,582.64,1.0,1.0,100.0,0.0,1,37.499846059745245,0.0,12.500359193927773,37.499846059745245,0.0,12.499948686581746,3.0000000000000004,5.000032840722495,0.0,100.0,0.0,0.0,100.0,0.0,0.0,-0.0,1,-0.0,1,Type 1 specialists
rand_500_r050_e0448_n1,seed_1.json,50,448,1,normal,1,953204,True,953204,0,0,1252,5.76,4,1.9182958340544896,100.8,3.84,0.96,13.96,,,,,,33.33333333333333,0.0,16.666666666666664,33.33333333333333,0.0,16.666666666666664,1.92,3.8400000000000003,,,,,,,,,,,,No diet / mouth
rand_500_r050_e0448_n1,seed_2.json,50,448,1,normal,2,7777570,True,7777570,0,0,990,7.68,4,1.75,96.77378826869834,3.84,0.96,15.48,,,,,,25.0,0.0,12.5,50.0,0.0,12.5,1.92,5.76,,,,,,,,,,,,No diet / mouth
rand_500_r050_e0448_n1,seed_3.json,50,448,1,normal,3,10000000,False,,416,2,532,5.4846035739288705,5,2.1940090091077225,99.23473680585352,4.0,2.32,415.2,1.0,1.0,100.0,0.0,13,18.23373915176816,0.0,18.228362409854363,35.921151989323725,9.39008895350576,18.226657495548,1.0000483091787442,4.484555264750126,0.0,100.0,0.0,0.0,44.23076923076923,0.0,55.76923076923077,0.990374836448575,2,0.990374836448575,2,Type 3 specialists
rand_500_r050_e0448_n1,seed_4.json,50,448,1,normal,4,10000000,False,,387,3,820,5.464663784431744,4,1.9367429468945656,104.09861350608257,4.0,4.18,359.12,1.0,1.0,100.0,0.0,123,26.789847333014393,0.002143417475936896,18.300353139704498,36.634854755274034,0.0009242114885262313,18.271877143042616,1.4639750851117912,4.000688699319953,0.0,100.0,0.0,0.0,46.51162790697674,36.950904392764855,16.537467700258397,1.4737216463287743,3,1.4737216463287743,3,Type 1 specialists
rand_500_r050_e0448_n1,seed_5.json,50,448,1,normal,5,377592,True,377592,0,0,1156,5.743312563014024,4,1.9192521567869956,100.8,3.84,1.46,19.88,,,,,,33.13963052039062,0.0,16.715092369902347,33.430184739804695,0.0,16.715092369902347,1.9033125630140242,3.8400000000000003,,,,,,,,,,,,No diet / mouth
rand_500_r050_e0448_n1,seed_6.json,50,448,1,normal,6,357429,True,357429,0,0,766,5.76,5,1.971482148863995,94.55811769875928,3.84,1.84,11.44,,,,,,33.33333333333333,0.0,16.956075228399996,33.33333333333333,0.9733900358900359,15.403868069043295,1.92,3.8400000000000003,,,,,,,,,,,,No diet / mouth
rand_500_r050_e0448_n1,seed_7.json,50,448,1,normal,7,10000000,False,,187,1,828,9.998400409090792,5,2.0464888126472482,105.0,4.0,1.32,192.68,2.0,2.0,0.0,0.0,23,40.006399387277,0.0,10.00159984681925,29.988801072265247,10.00159984681925,10.00159984681925,4.0,5.998400409090792,0.0,0.0,100.0,0.0,0.0,50.0,50.0,1.0,2,-0.0,1,Generalists
rand_500_r050_e0448_n1,seed_8.json,50,448,1,normal,8,10000000,False,,689,1,408,5.000845886748212,4,1.9241559388976717,93.89337035150953,4.0,1.78,686.12,2.0,2.0,0.0,0.0,13,39.994884020672934,0.017087947808966487,19.996009225420256,19.997224825239428,0.0012202366840535937,19.993573744174356,2.0000825124575403,3.000763374290672,0.0,0.0,100.0,0.0,50.0,0.0,50.0,1.0,2,-0.0,1,Generalists
rand_500_r050_e0448_n1,seed_9.json,50,448,1,normal,9,379584,True,379584,0,0,417,5.76,4,1.9182958340544896,100.8,3.84,0.96,10.9,,,,,,33.33333333333333,0.0,16.666666666666664,33.33333333333333,0.0,16.666666666666664,1.92,3.8400000000000003,,,,,,,,,,,,No diet / mouth
rand_500_r050_e0448_n1,seed_10.json,50,448,1,normal,10,460435,True,460435,0,0,624,5.76,4,1.9182958340544896,100.8,3.84,0.96,2.74,,,,,,33.33333333333333,0.0,16.666666666666664,33.33333333333333,0.0,16.666666666666664,1.92,3.8400000000000003,,,,,,,,,,,,No diet / mouth
rand_500_r050_e0448_n1,seed_11.json,50,448,1,normal,11,10000000,False,,529,3,534,7.000078355230845,5,2.1280928666941152,97.62052054844696,4.0,1.94,507.22,2.0,2.0,0.0,0.0,13,42.85666313660953,14.285554378869838,14.286673726780943,14.289414185636574,0.0,14.281694572103106,3.0000000000000004,4.000078355230845,0.0,0.0,100.0,0.0,50.0,0.0,50.0,1.0,2,-0.0,1,Generalists
rand_500_r050_e0448_n1,seed_12.json,50,448,1,normal,12,10000000,False,,189,1,849,5.0,4,1.9219280948873623,103.0,4.0,1.0,190.5,1.0,1.0,100.0,0.0,3,40.0,0.0,20.0,20.0,0.0,20.0,2.0,3.0,0.0,100.0,0.0,0.0,0.0,0.0,100.0,-0.0,1,-0.0,1,Type 3 specialists
rand_500_r050_e0448_n1,seed_13.json,50,448,1,normal,13,10000000,False,,217,2,461,6.440664119829377,4,1.8894369935644997,87.50965910741883,4.0,2.3,200.0,2.0,2.0,0.0,0.0,12,31.08192465251302,0.003193269444039264,15.53113488377959,37.86218374150892,0.0,15.521563452754433,2.001882368846808,4.438781750982568,0.0,0.0,100.0,0.0,50.0,50.0,0.0,1.0,2,-0.0,1,Generalists
rand_500_r050_e0448_n1,seed_14.json,50,448,1,normal,14,4310050,True,4310050,0,0,1582,6.782498501498501,5,2.2701752115139358,114.87,3.84,1.24,2.96,,,,,,18.429786600377856,0.0,24.032441726892728,15.075543345458822,28.308152218180393,14.154076109090196,1.2499999999999996,5.532498501498501,,,,,,,,,,,,No diet / mouth
rand_500_r050_e0448_n1,seed_15.json,50,448,1,normal,15,305484,True,305484,0,0,581,4.8,4,1.9219280948873623,100.8,3.84,0.96,17.44,,,,,,20.0,0.0,20.0,40.0,0.0,20.0,0.96,3.84,,,,,,,,,,,,No diet / mouth
rand_500_r050_e0448_n1,seed_16.json,50,448,1,normal,16,203668,True,203668,0,0,923,4.8,4,1.9219280948873623,100.8,3.84,0.96,10.38,,,,,,40.0,0.0,20.0,20.0,0.0,20.0,1.92,2.88,,,,,,,,,,,,No diet / mouth
rand_500_r050_e0448_n1,seed_17.json,50,448,1,normal,17,903608,True,903608,0,0,1014,5.76,4,1.9182958340544896,100.8,3.84,0.96,10.02,,,,,,33.33333333333333,0.0,16.666666666666664,33.33333333333333,0.0,16.666666666666664,1.92,3.8400000000000003,,,,,,,,,,,,No diet / mouth
rand_500_r050_e0448_n1,seed_18.json,50,448,1,normal,18,8997119,True,8997119,0,0,1746,4.8,4,1.9219280948873623,100.8,3.84,1.46,8.62,,,,,,40.0,0.0,20.0,20.0,0.0,20.0,1.92,2.88,,,,,,,,,,,,No diet / mouth
rand_500_r050_e0448_n1,seed_19.json,50,448,1,normal,19,1608129,True,1608129,0,0,1448,4.8,4,1.9219280948873623,93.70555555555555,3.84,0.96,9.32,,,,,,40.0,0.0,20.0,20.0,0.0,20.0,1.92,2.88,,,,,,,,,,,,No diet / mouth
rand_500_r050_e0448_n1,seed_20.json,50,448,1,normal,20,1093690,True,1093690,0,0,1027,4.787595715020839,4,1.9220560455394065,100.8,3.84,1.38,17.28,,,,,,40.103636862571705,0.0,20.051818431285852,19.783232042644816,0.009494232211783069,20.051818431285852,1.9200000000000002,2.867595715020838,,,,,,,,,,,,No diet / mouth
rand_500_r050_e0448_n1_predation,seed_1.json,50,448,1,predation,1,1045867,True,1045867,0,0,948,4.8,4,1.9219280948873623,100.8,3.84,0.96,4.16,,,,,,40.0,0.0,20.0,20.0,0.0,20.0,1.92,2.88,,,,,,,,,,,,No diet / mouth
rand_500_r050_e0448_n1_predation,seed_2.json,50,448,1,predation,2,201948,True,201948,0,0,956,3.84,3,1.5,100.8,3.84,1.36,24.56,,,,,,50.0,0.0,25.0,0.0,0.0,25.0,1.92,1.92,,,,,,,,,,,,No diet / mouth
rand_500_r050_e0448_n1_predation,seed_3.json,50,448,1,predation,3,1253015,True,1253015,0,0,760,4.8,4,1.9219280948873623,99.75166666666667,3.84,0.96,6.0,,,,,,40.0,0.0,20.0,20.0,0.0,20.0,1.92,2.88,,,,,,,,,,,,No diet / mouth
rand_500_r050_e0448_n1_predation,seed_4.json,50,448,1,predation,4,10000000,False,,343,1,602,9.998413113404848,4,1.9711537084723973,283.1643440429823,4.0,2.96,324.94,2.0,2.0,0.0,0.0,12,30.00476141536809,20.03167620677836,20.003174276912056,0.0,0.0,29.960388100941493,3.0000000000000013,6.998413113404846,0.0,0.0,100.0,0.0,50.0,50.0,0.0,1.0,2,-0.0,1,Generalists
rand_500_r050_e0448_n1_predation,seed_5.json,50,448,1,predation,5,10000000,False,,373,3,447,7.8262321717891234,4,1.7666935944776225,103.25908720553127,4.0,2.44,336.72,1.8364611260053618,1.8364611260053618,16.353887399463808,0.0,13,48.891133522745115,0.0,12.76891400236828,25.55098315569209,0.0028019478040055687,12.786167371390508,3.826333620909455,3.9998985508796685,0.0,16.353887399463808,83.6461126005362,0.0,41.8230563002681,0.0,58.1769436997319,0.9806206578344261,2,0.6427088447154051,2,Generalists
rand_500_r050_e0448_n1_predation,seed_6.json,50,448,1,predation,6,10000000,False,,356,5,802,4.995088893584607,4,1.925546574588881,84.31820849909785,4.0,5.8,393.9,1.9915730337078652,1.9915730337078652,0.8426966292134831,0.0,13,39.989336489309174,0.0,19.99305572451027,20.04386535650056,0.03286430815407713,19.940878121525916,1.9975029055956592,2.9975859879889475,0.0,0.8426966292134831,99.15730337078652,0.0,49.57865168539326,0.0,50.42134831460674,0.9999487737933611,2,0.07017446673356031,1,Generalists
rand_500_r050_e0448_n1_predation,seed_7.json,50,448,1,predation,7,109482,True,109482,0,0,1464,4.618684028220515,4,1.9035948029763454,100.8,3.84,2.26,48.26,,,,,,41.41500725040075,0.0,20.78514126825577,0.0,17.014710213087714,20.78514126825577,1.9128283251606275,2.7058557030598873,,,,,,,,,,,,No diet / mouth
rand_500_r050_e0448_n1_predation,seed_8.json,50,448,1,predation,8,10000000,False,,641,1,254,5.999444111169781,4,1.9183267072424637,73.87873270637671,4.0,1.38,670.54,1.0,1.0,100.0,0.0,1,33.33642189076142,0.0,16.66821094538071,33.32715621847716,0.0,16.66821094538071,1.9999999999999998,3.9994441111697814,0.0,100.0,0.0,0.0,100.0,0.0,0.0,-0.0,1,-0.0,1,Type 1 specialists
rand_500_r050_e0448_n1_predation,seed_9.json,50,448,1,predation,9,10000000,False,,341,1,484,8.006217212460802,4,1.7494164969272812,101.93171772837002,4.0,2.12,314.28,1.0,2.0,100.0,100.0,1,50.03886021800975,0.0,12.490293149224199,24.980586298448397,0.0,12.490260334317663,4.006219839693498,3.9999973727673046,0.0,100.0,0.0,0.0,100.0,0.0,0.0,-0.0,1,-0.0,1,Type 1 specialists
rand_500_r050_e0448_n1_predation,seed_10.json,50,448,1,predation,10,2248954,True,2248954,0,0,509,8.64,4,1.8910611120726526,94.45557142857142,3.84,0.96,4.7,,,,,,33.333333333333336,0.0,22.222222222222218,33.333333333333336,0.0,11.111111111111109,2.8800000000000003,5.76,,,,,,,,,,,,No diet / mouth
rand_500_r050_e0448_n1_predation,seed_11.json,50,448,1,predation,11,347912,True,347912,0,0,902,3.814849483849484,4,1.9999671632724736,99.31270336354483,3.84,1.6,11.48,,,,,,25.20319607430609,0.0,24.802017413138927,25.126443617338275,0.0,24.868342895216706,0.9614639953542393,2.853385488495245,,,,,,,,,,,,No diet / mouth
rand_500_r050_e0448_n1_predation,seed_12.json,50,448,1,predation,12,382976,True,382976,0,0,445,5.76,4,1.7797183039054014,110.18895238095237,3.84,1.54,6.64,,,,,,50.000000000000014,0.0,12.843915343915338,0.0,16.666666666666668,20.489417989417984,2.8800000000000003,2.8799999999999994,,,,,,,,,,,,No diet / mouth
rand_500_r050_e0448_n1_predation,seed_13.json,50,448,1,predation,13,10000000,False,,655,2,268,5.07541182929142,4,1.9272486676504919,80.4029595672526,4.0,2.06,679.02,1.0,1.0,100.0,0.0,13,39.405096522222024,0.0,21.189261795611756,19.702228398455638,0.0,19.703413283710585,1.9999709302325586,3.075440899058862,0.0,100.0,0.0,0.0,91.90839694656489,0.0,8.091603053435115,0.4053986849726139,2,0.4053986849726139,2,Type 1 specialists
rand_500_r050_e0448_n1_predation,seed_14.json,50,448,1,predation,14,1984631,True,1984631,0,0,1362,5.732476064900685,4,1.5429376621761717,106.80873575392988,3.84,1.62,14.68,,,,,,49.279789358358386,0.0,17.22683049905458,1.1907171523228737,0.0,32.30266299026417,2.8249521298013693,2.907523935099315,,,,,,,,,,,,No diet / mouth
rand_500_r050_e0448_n1_predation,seed_15.json,50,448,1,predation,15,3866370,True,3866370,0,0,715,5.76,4,1.792481250360578,100.8,3.84,0.96,7.44,,,,,,50.000000000000014,0.0,16.666666666666664,16.666666666666664,0.0,16.666666666666664,2.8800000000000003,2.8799999999999994,,,,,,,,,,,,No diet / mouth
rand_500_r050_e0448_n1_predation,seed_16.json,50,448,1,predation,16,169244,True,169244,0,0,1497,4.8,4,1.921926753517385,100.75653272817321,3.84,1.1,51.26,,,,,,40.0,0.0,19.956877706521034,20.043122293478966,0.0,20.0,1.92,2.88,,,,,,,,,,,,No diet / mouth
rand_500_r050_e0448_n1_predation,seed_17.json,50,448,1,predation,17,2032459,True,2032459,0,0,1184,5.76,5,1.9074425388123992,85.74690476190477,3.84,1.5,5.1,,,,,,50.000000000000014,3.074570105820104,16.666666666666664,16.666666666666664,0.0,13.592096560846558,2.8800000000000003,2.8799999999999994,,,,,,,,,,,,No diet / mouth
rand_500_r050_e0448_n1_predation,seed_18.json,50,448,1,predation,18,1100982,True,1100982,0,0,1424,4.8,4,1.9219280948873623,100.8,3.84,0.96,7.66,,,,,,40.0,0.0,20.0,20.0,0.0,20.0,1.92,2.88,,,,,,,,,,,,No diet / mouth
rand_500_r050_e0448_n1_predation,seed_19.json,50,448,1,predation,19,10000000,False,,193,1,1275,7.99858134283725,4,1.813817309548778,105.03070718934511,4.0,1.54,205.06,2.0,2.0,0.0,0.0,23,37.50665113491042,0.0,12.502217044970138,37.46415571689678,0.019255987790736395,12.507720115431919,3.0000000000000004,4.99858134283725,0.0,0.0,100.0,0.0,0.0,50.0,50.0,1.0,2,-0.0,1,Generalists
rand_500_r050_e0448_n1_predation,seed_20.json,50,448,1,predation,20,212894,True,212894,0,0,1155,3.8534069264069264,3,1.528206873366937,100.8,3.84,1.12,5.7,,,,,,49.82603801437306,0.0,24.91301900718653,0.34792397125386293,0.0,24.91301900718653,1.92,1.9334069264069265,,,,,,,,,,,,No diet / mouth
rand_500_r050_e0448_n2,seed_1.json,50,448,2,normal,1,1257699,True,1257699,0,0,952,4.8,4,1.9219280948873623,89.28,3.84,0.96,5.4,,,,,,40.0,0.0,20.0,20.0,0.0,20.0,1.92,2.88,,,,,,,,,,,,No diet / mouth
rand_500_r050_e0448_n2,seed_2.json,50,448,2,normal,2,10000000,False,,349,2,697,6.001095942677311,4,1.919273284316898,104.05732750737802,4.0,1.58,320.32,1.0,1.0,100.0,0.0,2,33.32724587482143,0.0067294337700107565,16.66171300386386,33.32724587482143,0.0,16.677065812723274,2.0,4.001095942677311,0.0,100.0,0.0,0.0,0.0,100.0,0.0,-0.0,1,-0.0,1,Type 2 specialists
rand_500_r050_e0448_n2,seed_3.json,50,448,2,normal,3,10000000,False,,479,8,402,5.596768754001918,5,1.9905495450626933,122.90776574505655,4.0,7.26,470.26,1.0,1.0,100.0,0.0,123,17.86745252401146,1.2607117867979214,39.48684588862439,23.48157689653015,0.023202808923835878,17.880210095112243,1.0000000000000004,4.596768754001917,0.0,100.0,0.0,0.0,47.18162839248434,27.55741127348643,25.260960334029228,1.5251701109316411,3,1.5251701109316411,3,Type 1 specialists
rand_500_r050_e0448_n2,seed_4.json,50,448,2,normal,4,10000000,False,,390,3,657,5.368957853114195,4,1.939993888512737,98.86597030847388,4.0,3.38,394.76,1.0,1.0,100.0,0.0,23,37.251177131888376,0.03263402160471782,18.578399121991733,25.513153874098656,0.0,18.62463585041652,2.0,3.3689578531141953,0.0,100.0,0.0,0.0,0.0,57.43589743589744,42.56410256410256,0.9839866005586034,2,0.9839866005586034,2,Type 2 specialists
rand_500_r050_e0448_n2,seed_5.json,50,448,2,normal,5,2541797,True,2541797,0,0,2930,4.910653012450227,4,1.9295078291872405,103.12371326145474,3.84,1.44,10.1,,,,,,39.09866967045172,0.0,21.80266065909657,19.54933483522586,0.0,19.54933483522586,1.9200000000000004,2.9906530124502257,,,,,,,,,,,,No diet / mouth
rand_500_r050_e0448_n2,seed_6.json,50,448,2,normal,6,1393754,True,1393754,0,0,637,4.8,4,1.9219280948873623,95.03331535299218,3.84,0.96,19.7,,,,,,40.0,0.0,20.0,20.0,0.0,20.0,1.92,2.88,,,,,,,,,,,,No diet / mouth
rand_500_r050_e0448_n2,seed_7.json,50,448,2,normal,7,502032,True,502032,0,0,1228,5.76,4,1.9182958340544896,100.8,3.84,0.96,10.96,,,,,,33.33333333333333,0.0,16.666666666666664,33.33333333333333,0.0,16.666666666666664,1.92,3.8400000000000003,,,,,,,,,,,,No diet / mouth
rand_500_r050_e0448_n2,seed_8.json,50,448,2,normal,8,1136695,True,1136695,0,0,1690,4.8,4,1.9219280948873623,100.77879292929292,3.84,0.96,6.06,,,,,,40.0,0.0,20.0,20.0,0.0,20.0,1.92,2.88,,,,,,,,,,,,No diet / mouth
rand_500_r050_e0448_n2,seed_9.json,50,448,2,normal,9,1612884,True,1612884,0,0,992,8.64,5,2.197159723424149,100.8,3.84,0.96,2.42,,,,,,33.333333333333336,0.0,11.111111111111109,22.222222222222218,22.222222222222218,11.111111111111109,2.8800000000000003,5.76,,,,,,,,,,,,No diet / mouth
rand_500_r050_e0448_n2,seed_10.json,50,448,2,normal,10,623077,True,623077,0,0,639,5.76,4,1.9182958340544896,100.8,3.84,0.96,7.46,,,,,,33.33333333333333,0.0,16.666666666666664,33.33333333333333,0.0,16.666666666666664,1.92,3.8400000000000003,,,,,,,,,,,,No diet / mouth
rand_500_r050_e0448_n2,seed_11.json,50,448,2,normal,11,10000000,False,,429,11,725,5.157186588095604,4,1.9494790845342251,88.8305648823271,4.0,8.16,437.32,1.0,1.0,100.0,0.0,123,24.84177563172456,0.014186121723294389,19.396464824568177,36.35535007134226,0.0,19.392223350641718,1.281136721124101,3.8760498669715027,0.0,100.0,0.0,0.0,28.67132867132867,39.62703962703963,31.7016317016317,1.5713590363103105,3,1.5713590363103105,3,Type 2 specialists
rand_500_r050_e0448_n2,seed_12.json,50,448,2,normal,12,4311150,True,4311150,0,0,845,4.8,5,2.321928094887362,98.88,3.84,0.96,4.84,,,,,,20.0,0.0,20.0,20.0,20.0,20.0,0.96,3.84,,,,,,,,,,,,No diet / mouth
rand_500_r050_e0448_n2,seed_13.json,50,448,2,normal,13,297148,True,297148,0,0,1782,5.76,4,1.792481250360578,100.8,3.84,0.96,37.54,,,,,,16.666666666666664,0.0,16.666666666666664,50.000000000000014,0.0,16.666666666666664,0.96,4.8,,,,,,,,,,,,No diet / mouth
rand_500_r050_e0448_n2,seed_14.json,50,448,2,normal,14,930688,True,930688,0,0,1377,5.76,5,2.2516291673878226,100.8,3.84,0.96,3.3,,,,,,16.666666666666664,0.0,16.666666666666664,33.33333333333333,16.666666666666664,16.666666666666664,0.96,4.8,,,,,,,,,,,,No diet / mouth
rand_500_r050_e0448_n2,seed_15.json,50,448,2,normal,15,10000000,False,,248,5,951,6.447150950646362,4,1.8895333724352812,104.82540590211889,4.0,3.84,274.82,1.5080645161290323,1.5080645161290323,49.193548387096776,0.0,13,37.916872180168944,0.0050034604064753555,15.495649839384834,31.023346573472693,0.0,15.55912794656705,2.444557985219128,4.002592965427234,0.0,49.193548387096776,50.806451612903224,0.0,25.403225806451612,0.0,74.59677419354838,0.8176067725803733,2,0.9998123364204978,2,Generalists
rand_500_r050_e0448_n2,seed_16.json,50,448,2,normal,16,10000000,False,,163,1,1628,6.0,4,1.9182958340544896,105.0,4.0,1.0,161.72,1.0,1.0,100.0,0.0,3,33.33333333333333,0.0,16.666666666666664,33.33333333333333,0.0,16.666666666666664,2.0,4.0,0.0,100.0,0.0,0.0,0.0,0.0,100.0,-0.0,1,-0.0,1,Type 3 specialists
rand_500_r050_e0448_n2,seed_17.json,50,448,2,normal,17,10000000,False,,349,1,643,6.998885153026022,4,1.8423678458066126,104.99120214821711,4.0,1.34,330.46,2.0,2.0,0.0,0.0,23,28.560919340636957,0.0,14.287989846034865,42.86396953810461,0.0,14.28712127522356,1.9989459432995775,4.999939209726444,0.0,0.0,100.0,0.0,0.0,50.0,50.0,1.0,2,-0.0,1,Generalists
rand_500_r050_e0448_n2,seed_18.json,50,448,2,normal,18,836798,True,836798,0,0,1136,4.8,4,1.9219280948873623,100.8,3.84,0.96,5.32,,,,,,40.0,0.0,20.0,20.0,0.0,20.0,1.92,2.88,,,,,,,,,,,,No diet / mouth
rand_500_r050_e0448_n2,seed_19.json,50,448,2,normal,19,10000000,False,,105,1,2591,5.0,4,1.924895603681007,104.99534136001903,4.0,1.12,105.7,1.0,1.0,100.0,0.0,3,20.0,0.024493170714083808,20.0,39.97550682928592,0.0,20.0,0.9999999999999999,4.0,0.0,100.0,0.0,0.0,0.0,0.0,100.0,-0.0,1,-0.0,1,Type 3 specialists
rand_500_r050_e0448_n2,seed_20.json,50,448,2,normal,20,6583828,True,6583828,0,0,1858,6.708036549707603,5,2.2366849454076023,85.68823388599705,3.84,1.22,6.68,,,,,,28.622384296395808,0.0,14.311192148197904,28.444039259010477,14.311192148197904,14.311192148197904,1.9200000000000002,4.788036549707603,,,,,,,,,,,,No diet / mouth
rand_500_r050_e0448_n2_predation,seed_1.json,50,448,2,predation,1,7541804,True,7541804,0,0,1349,5.76,5,1.893736373354938,94.56486111111111,3.84,2.14,14.0,,,,,,49.26256302022232,0.0,16.66666666666668,16.66666666666668,2.010953909697782,15.393149736746548,2.8375236299648057,2.9224763700351946,,,,,,,,,,,,No diet / mouth
rand_500_r050_e0448_n2_predation,seed_2.json,50,448,2,predation,2,636997,True,636997,0,0,1744,6.72,4,1.8546594150463396,126.4594691243158,3.84,1.52,7.84,,,,,,42.05481601244225,0.0,28.571428571428577,14.285714285714288,0.0,15.088041130414883,2.8260836360361195,3.8939163639638803,,,,,,,,,,,,No diet / mouth
rand_500_r050_e0448_n2_predation,seed_3.json,50,448,2,predation,3,10000000,False,,276,3,1077,6.999602034301697,4,1.8439478450017706,74.23707221887089,4.0,2.34,255.28,2.0,2.0,0.0,0.0,23,42.85957952035612,0.0,14.28194416596783,28.559040369423204,0.012909437467474897,14.286526506785371,3.0000000000000004,3.999602034301696,0.0,0.0,100.0,0.0,0.0,50.0,50.0,1.0,2,-0.0,1,Generalists
rand_500_r050_e0448_n2_predation,seed_4.json,50,448,2,predation,4,256754,True,256754,0,0,1485,4.54515971533505,4,1.889096166586012,100.60922556718559,3.84,2.64,55.94,,,,,,42.34779809199641,15.584487496571079,20.9463444239043,0.0,0.0,21.121369987528222,1.9247750592088455,2.6203846561262045,,,,,,,,,,,,No diet / mouth
rand_500_r050_e0448_n2_predation,seed_5.json,50,448,2,predation,5,433856,True,433856,0,0,1600,4.8,4,1.9277586442988237,100.60447928115717,3.84,1.04,32.22,,,,,,39.99465811965812,0.0,19.941378066378068,20.0,0.05862193362193359,20.00534188034188,1.9197435897435897,2.88025641025641,,,,,,,,,,,,No diet / mouth
rand_500_r050_e0448_n2_predation,seed_6.json,50,448,2,predation,6,390393,True,390393,0,0,1157,5.76,3,1.4591479170272446,120.96,3.84,0.96,2.18,,,,,,50.000000000000014,0.0,33.33333333333333,0.0,0.0,16.666666666666664,2.8800000000000003,2.8799999999999994,,,,,,,,,,,,No diet / mouth
rand_500_r050_e0448_n2_predation,seed_7.json,50,448,2,predation,7,287615,True,287615,0,0,1617,4.8,4,1.9188764159114378,106.25079592629592,3.84,1.6,14.2,,,,,,40.0,0.013440860215053755,17.461183492433488,19.986559139784948,0.0,22.5388165075665,1.92,2.88,,,,,,,,,,,,No diet / mouth
rand_500_r050_e0448_n2_predation,seed_8.json,50,448,2,predation,8,10000000,False,,226,2,1612,5.004283217190578,4,1.9341424266306197,100.27615570764335,4.0,2.12,257.32,1.0,1.0,100.0,0.0,3,39.96576359087061,0.03712453486445667,19.94575726057084,19.982881795435304,0.08559102282348713,19.982881795435304,2.0,3.0042832171905776,0.0,100.0,0.0,0.0,0.0,0.0,100.0,-0.0,1,-0.0,1,Type 3 specialists
rand_500_r050_e0448_n2_predation,seed_9.json,50,448,2,predation,9,185185,True,185185,0,0,1089,3.84,3,1.5,99.84,3.84,0.96,4.28,,,,,,50.0,0.0,25.0,0.0,0.0,25.0,1.92,1.92,,,,,,,,,,,,No diet / mouth
rand_500_r050_e0448_n2_predation,seed_10.json,50,448,2,predation,10,791603,True,791603,0,0,1479,4.8,4,1.9219280948873623,97.71587338110601,3.84,0.96,15.58,,,,,,20.0,0.0,20.0,40.0,0.0,20.0,0.96,3.84,,,,,,,,,,,,No diet / mouth
rand_500_r050_e0448_n2_predation,seed_11.json,50,448,2,predation,11,2613476,True,2613476,0,0,1060,4.8,4,1.9219280948873623,86.4,3.84,0.96,10.3,,,,,,40.0,0.0,20.0,20.0,0.0,20.0,1.92,2.88,,,,,,,,,,,,No diet / mouth
rand_500_r050_e0448_n2_predation,seed_12.json,50,448,2,predation,12,555189,True,555189,0,0,1122,4.8,5,1.7925349394649799,171.36682918079515,3.84,1.84,14.8,,,,,,37.4900765496257,2.509923450374302,20.000000000000007,0.0,2.509923450374302,37.4900765496257,1.7995236743820333,3.0004763256179667,,,,,,,,,,,,No diet / mouth
rand_500_r050_e0448_n2_predation,seed_13.json,50,448,2,predation,13,342680,True,342680,0,0,909,3.84,4,2.0161409187349606,100.8,3.84,1.06,4.58,,,,,,24.80950689935065,0.19049310064935052,25.0,25.0,0.0,25.0,0.9526850649350649,2.8873149350649348,,,,,,,,,,,,No diet / mouth
rand_500_r050_e0448_n2_predation,seed_14.json,50,448,2,predation,14,10000000,False,,363,8,444,6.974880295399158,4,1.672841555503666,102.39289634383535,4.0,6.96,384.32,1.7493112947658402,1.7493112947658402,25.068870523415978,0.0,12,57.01880596954688,0.05109147677478691,14.338247148101454,14.312624752569054,0.007977067784335757,14.271253585223484,3.9769934622418046,2.9978868331573536,0.0,25.068870523415978,74.93112947658402,0.0,37.46556473829201,62.53443526170799,0.0,0.9541798618935913,2,0.812367872766622,2,Generalists
rand_500_r050_e0448_n2_predation,seed_15.json,50,448,2,predation,15,327268,True,327268,0,0,1267,3.8649680701283615,3,1.5399084222730215,101.42305059801193,3.84,1.68,23.06,,,,,,49.67699513067993,0.0,24.838497565339964,0.15491653356193144,0.29427342174746385,25.035317348670716,1.92,1.9449680701283616,,,,,,,,,,,,No diet / mouth
rand_500_r050_e0448_n2_predation,seed_16.json,50,448,2,predation,16,799311,True,799311,0,0,1215,4.8,4,1.9219280948873623,78.5217739275844,3.84,0.96,17.76,,,,,,20.0,0.0,20.0,40.0,0.0,20.0,0.96,3.84,,,,,,,,,,,,No diet / mouth
rand_500_r050_e0448_n2_predation,seed_17.json,50,448,2,predation,17,1091125,True,1091125,0,0,1495,4.8,5,1.9917521668899343,95.45054306804306,3.84,1.46,19.06,,,,,,40.0,0.0,20.0,20.0,1.3111414048914045,18.68885859510859,1.92,2.88,,,,,,,,,,,,No diet / mouth
rand_500_r050_e0448_n2_predation,seed_18.json,50,448,2,predation,18,1853371,True,1853371,0,0,1769,7.61703583867776,5,2.251917860170903,211.5112461006838,3.84,1.46,41.56,,,,,,25.206655720990973,12.603327860495487,25.206655720990973,0.0,12.603327860495487,24.38003283702708,1.9200000000000002,5.69703583867776,,,,,,,,,,,,No diet / mouth
rand_500_r050_e0448_n2_predation,seed_19.json,50,448,2,predation,19,1268345,True,1268345,0,0,1425,7.68,4,1.75,175.91334086707923,3.84,0.96,8.14,,,,,,50.0,0.0,12.5,12.5,0.0,25.0,3.84,3.84,,,,,,,,,,,,No diet / mouth
rand_500_r050_e0448_n2_predation,seed_20.json,50,448,2,predation,20,1015376,True,1015376,0,0,2050,4.8,4,1.9219280948873623,100.54789446025015,3.84,0.96,11.38,,,,,,40.0,0.0,20.0,20.0,0.0,20.0,1.92,2.88,,,,,,,,,,,,No diet / mouth
rand_500_r050_e0672_n1,seed_1.json,50,672,1,normal,1,10000000,False,,558,1,247,6.99960889169392,4,1.842494799696456,110.97021150912119,4.0,1.3,579.8,2.0,2.0,0.0,0.0,13,42.85295513864747,0.0,28.57353800175993,14.286512510529684,0.00048183853323877497,14.286512510529684,2.9995392582383746,4.000069633455546,0.0,0.0,100.0,0.0,50.0,0.0,50.0,1.0,2,-0.0,1,Generalists
rand_500_r050_e0672_n1,seed_2.json,50,672,1,normal,2,10000000,False,,960,5,153,5.393837802264383,5,2.1583457251545766,104.99560834646218,4.0,3.58,1015.38,1.0,1.0,100.0,0.0,13,18.54275261904159,0.0003730316906754145,18.53855275405713,37.09512106943446,7.2840620310727635,18.539138494703383,1.0001660003462343,4.393671801918149,0.0,100.0,0.0,0.0,51.979166666666664,0.0,48.020833333333336,0.9988694683155833,2,0.9988694683155833,2,Type 1 specialists
rand_500_r050_e0672_n1,seed_3.json,50,672,1,normal,3,6657228,True,6657228,0,0,686,5.76,4,1.9182958340544896,98.96748384948386,3.84,0.96,7.16,,,,,,33.33333333333333,0.0,16.666666666666664,33.33333333333333,0.0,16.666666666666664,1.92,3.8400000000000003,,,,,,,,,,,,No diet / mouth
rand_500_r050_e0672_n1,seed_4.json,50,672,1,normal,4,10000000,False,,774,1,176,5.0,4,1.922094298559198,100.98321370146719,4.0,1.04,782.82,1.0,1.0,100.0,0.0,3,20.0,0.0,20.0,40.0,0.0010624844569318108,19.998937515543066,0.9999999999999999,4.0,0.0,100.0,0.0,0.0,0.0,0.0,100.0,-0.0,1,-0.0,1,Type 3 specialists
rand_500_r050_e0672_n1,seed_5.json,50,672,1,normal,5,10000000,False,,525,6,454,7.011082482927743,4,1.8524598568934219,104.04571841794194,4.0,6.0,542.14,2.0,2.0,0.0,0.0,23,42.76416494355384,0.016402642193142428,14.271963314298123,28.599609042406687,0.07895676365516695,14.268903293893045,2.99823087732783,4.012851605599913,0.0,0.0,100.0,0.0,0.0,50.0,50.0,1.0,2,-0.0,1,Generalists
rand_500_r050_e0672_n1,seed_6.json,50,672,1,normal,6,10000000,False,,512,4,321,5.00009409288338,5,2.1241963254073366,64.86218944804342,4.0,4.24,543.42,1.0,1.0,100.0,0.0,1,35.52727792595955,0.0007299132713704058,20.001967341443923,19.994541329297128,4.4727177398090046,20.002765750219027,1.7763973249381644,3.2236967679452153,0.0,100.0,0.0,0.0,100.0,0.0,0.0,-0.0,1,-0.0,1,Type 1 specialists
rand_500_r050_e0672_n1,seed_7.json,50,672,1,normal,7,10000000,False,,538,5,229,7.058755698675352,4,1.845150799119956,101.46356755022329,4.0,4.76,611.54,1.262081784386617,1.262081784386617,73.7918215613383,0.0,123,42.07778627975734,0.00046296741178086375,14.15962171513763,29.592322917142667,0.007627283870207426,14.162178836680376,2.9701681368988067,4.088587561776546,0.0,73.7918215613383,26.20817843866171,0.0,13.104089219330856,56.04089219330855,30.855018587360593,1.3758244539960667,3,1.5534562011088013,3,Type 2 specialists
rand_500_r050_e0672_n1,seed_8.json,50,672,1,normal,8,10000000,False,,874,4,201,5.37400783295708,4,1.9370044301066356,102.33246246394505,4.0,3.46,884.32,0.9988558352402745,1.0,99.88558352402745,0.0,23,25.56723828327862,0.0025610532926083436,18.608929486576482,37.216172029646785,0.0,18.605099147205504,1.3739853880141943,4.000022444942886,0.11441647597254005,99.88558352402745,0.0,0.0,0.0,66.81922196796339,33.066361556064074,0.9165895220199041,2,0.9277697159209346,2,Type 2 specialists
rand_500_r050_e0672_n1,seed_9.json,50,672,1,normal,9,10000000,False,,324,2,553,6.002230250450466,4,1.920116151456807,103.98180297603434,4.0,3.1,338.62,1.0,1.0,100.0,0.0,3,33.26500401260048,0.0,16.721963970345076,33.32094765691305,0.008165966426816164,16.68391839371459,1.9966421336578672,4.005588116792598,0.0,100.0,0.0,0.0,0.0,0.0,100.0,-0.0,1,-0.0,1,Type 3 specialists
rand_500_r050_e0672_n1,seed_10.json,50,672,1,normal,10,10000000,False,,607,3,224,5.622683665981819,5,2.0691137744440815,103.39021813011276,4.0,3.42,619.4,1.0,1.0,100.0,0.0,23,35.56848102239042,0.0,17.799938331529805,25.970982617647337,2.875496475411268,17.78510155302117,1.9999031726837897,3.622780493298029,0.0,100.0,0.0,0.0,0.0,62.43822075782537,37.56177924217463,0.9548881202648998,2,0.9548881202648998,2,Type 2 specialists
rand_500_r050_e0672_n1,seed_11.json,50,672,1,normal,11,2885786,True,2885786,0,0,376,6.72,5,2.235926350629033,86.4,3.84,0.96,8.74,,,,,,28.571428571428577,14.285714285714288,14.285714285714288,28.571428571428577,0.0,14.285714285714288,1.9200000000000002,4.799999999999999,,,,,,,,,,,,No diet / mouth
rand_500_r050_e0672_n1,seed_12.json,50,672,1,normal,12,10000000,False,,477,1,456,8.0,5,2.1556390622295662,96.63721049207085,4.0,1.0,474.82,1.0,1.0,100.0,0.0,2,25.0,12.5,12.5,37.500000000000014,0.0,12.5,2.0,6.0,0.0,100.0,0.0,0.0,0.0,100.0,0.0,-0.0,1,-0.0,1,Type 2 specialists
rand_500_r050_e0672_n1,seed_13.json,50,672,1,normal,13,1138647,True,1138647,0,0,549,5.76,4,1.9182958340544896,100.8,3.84,0.96,20.64,,,,,,33.33333333333333,0.0,16.666666666666664,33.33333333333333,0.0,16.666666666666664,1.92,3.8400000000000003,,,,,,,,,,,,No diet / mouth
rand_500_r050_e0672_n1,seed_14.json,50,672,1,normal,14,10000000,False,,302,1,271,9.0,4,1.8365916681089791,126.0,4.0,1.0,315.88,1.0,1.0,100.0,0.0,3,22.222222222222225,0.0,22.222222222222225,44.44444444444445,0.0,11.111111111111112,2.0,7.0,0.0,100.0,0.0,0.0,0.0,0.0,100.0,-0.0,1,-0.0,1,Type 3 specialists
rand_500_r050_e0672_n1,seed_15.json,50,672,1,normal,15,10000000,False,,291,2,455,6.999383055381571,5,2.128025372591115,73.46857970948416,4.0,1.18,302.38,1.0,1.0,100.0,0.0,2,14.286973467342042,0.0,14.278159195947735,42.86092040202614,14.286973467342042,14.286973467342042,0.9999999999999999,5.999383055381571,0.0,100.0,0.0,0.0,0.0,100.0,0.0,-0.0,1,-0.0,1,Type 2 specialists
rand_500_r050_e0672_n1,seed_16.json,50,672,1,normal,16,10000000,False,,531,5,261,8.866332614342166,5,1.9721769439319137,62.48227535023225,4.0,5.74,488.08,1.5216572504708097,1.5216572504708097,47.83427495291902,0.0,123,29.08477760662948,5.166886312493184,11.27976416573895,43.204561834548244,0.0004840609618704975,11.263526019628276,2.5787531227454767,6.28757949159669,0.0,47.83427495291902,52.16572504708098,0.0,26.08286252354049,26.08286252354049,47.83427495291902,1.5203034737123358,3,0.9986462232415261,2,Generalists
rand_500_r050_e0672_n1,seed_17.json,50,672,1,normal,17,10000000,False,,242,1,589,7.0,4,1.8426327072827149,96.91949774598325,4.0,1.26,247.62,1.0,1.0,100.0,0.0,3,28.57142857142857,0.0,14.302238202490217,42.84061894036693,0.0,14.285714285714285,2.0,5.0,0.0,100.0,0.0,0.0,0.0,0.0,100.0,-0.0,1,-0.0,1,Type 3 specialists
rand_500_r050_e0672_n1,seed_18.json,50,672,1,normal,18,10000000,False,,422,1,253,7.999941194918513,5,2.1556328460686163,97.13295057736376,4.0,1.18,412.26,1.0,1.0,100.0,0.0,2,25.00018376723045,12.500091883615225,12.502579564149102,37.50027565084569,0.0,12.49686913415954,1.9999999999999998,5.999941194918513,0.0,100.0,0.0,0.0,0.0,100.0,0.0,-0.0,1,-0.0,1,Type 2 specialists
rand_500_r050_e0672_n1,seed_19.json,50,672,1,normal,19,10000000,False,,707,2,211,8.254368723062496,5,1.9946803576925187,101.57863698696839,4.0,2.14,713.68,2.0,2.0,0.0,0.0,123,39.42806835706937,0.0,12.114796825177265,31.82883100371196,4.515559471819827,12.112744342221575,3.2545381425736353,4.999830580488861,0.0,0.0,100.0,0.0,50.0,32.53182461103253,17.468175388967467,1.4667491644727135,3,0.9334983289454273,2,Generalists
rand_500_r050_e0672_n1,seed_20.json,50,672,1,normal,20,10000000,False,,277,3,432,9.997742875770255,4,1.8356446927309897,125.9819148017815,4.0,2.88,323.1,1.0,1.0,100.0,0.0,1,27.844654876978165,0.0,20.00668182161159,42.146405667604505,0.0,10.002257633805744,2.7838369992458993,7.213905876524357,0.0,100.0,0.0,0.0,100.0,0.0,0.0,-0.0,1,-0.0,1,Type 1 specialists
rand_500_r050_e0672_n1_predation,seed_1.json,50,672,1,predation,1,10000000,False,,1053,2,188,6.9992548028629775,4,1.8425361651367334,72.13156254089823,4.0,1.94,1018.52,1.9990503323836657,1.9990503323836657,0.0949667616334283,0.0,13,42.853006723265025,0.0,14.283689391710453,28.577745105704782,0.0010752554910317018,14.284483523828712,2.9993911312493218,3.999863671613656,0.0,0.0949667616334283,99.90503323836657,0.0,50.047483380816715,0.0,49.952516619183285,0.9999993494392372,2,0.010904368000548757,1,Generalists
rand_500_r050_e0672_n1_predation,seed_2.json,50,672,1,predation,2,10000000,False,,395,1,453,6.00005,4,1.9185555313249727,93.96032711487064,4.0,1.04,385.28,1.0,1.0,100.0,0.0,3,33.33305555787035,0.0,16.665629313825804,33.33305555787035,0.0017317914983233172,16.666527778935176,2.0,4.00005,0.0,100.0,0.0,0.0,0.0,0.0,100.0,-0.0,1,-0.0,1,Type 3 specialists
rand_500_r050_e0672_n1_predation,seed_3.json,50,672,1,predation,3,10000000,False,,672,1,204,4.999969465648855,4,1.9219256520167438,104.52427588386416,4.0,1.04,694.24,1.0,1.0,100.0,0.0,3,40.000244276300926,0.0,19.999511447398156,20.000122138150463,0.0,20.000122138150463,1.9999999999999998,2.9999694656488547,0.0,100.0,0.0,0.0,0.0,0.0,100.0,-0.0,1,-0.0,1,Type 3 specialists
rand_500_r050_e0672_n1_predation,seed_4.json,50,672,1,predation,4,10000000,False,,605,3,389,5.554820987992253,4,1.9393911527991472,98.58941615597479,4.0,4.4,593.72,1.4066115702479338,1.4066115702479338,59.33884297520661,0.0,23,36.035454961435356,0.016536574362817923,17.99757948114618,27.95211994751623,0.018305087222902344,17.98000394831652,2.0017050153163067,3.553115972675946,0.0,59.33884297520661,40.66115702479339,0.0,0.0,20.330578512396695,79.6694214876033,0.7284905979147369,2,0.9746869677719925,2,Type 3 specialists
rand_500_r050_e0672_n1_predation,seed_5.json,50,672,1,predation,5,10000000,False,,622,6,332,4.990561352257714,4,1.9298437942546542,104.91709760566197,4.0,5.44,605.36,2.0,2.0,0.0,0.0,23,40.07565199243982,0.0642776436639839,20.03483344705571,19.784209794678922,0.021599682498796666,20.019427439662767,2.0000000000000004,2.9905613522577137,0.0,0.0,100.0,0.0,0.0,50.0,50.0,1.0,2,-0.0,1,Generalists
rand_500_r050_e0672_n1_predation,seed_6.json,50,672,1,predation,6,7957875,True,7957875,0,0,208,4.8,4,1.9219280948873623,78.33898169864777,3.84,0.96,62.62,,,,,,20.0,0.0,20.0,40.0,0.0,20.0,0.96,3.84,,,,,,,,,,,,No diet / mouth
rand_500_r050_e0672_n1_predation,seed_7.json,50,672,1,predation,7,10000000,False,,803,1,195,4.999826185452739,4,1.9221758809251173,86.12132628263005,4.0,1.2,795.34,2.0,2.0,0.0,0.0,12,39.998494122329795,0.0015405341328289456,19.99911753852837,20.000152522649927,0.0,20.00069528235908,1.99985518291502,2.9999710025377193,0.0,0.0,100.0,0.0,50.0,50.0,0.0,1.0,2,-0.0,1,Generalists
rand_500_r050_e0672_n1_predation,seed_8.json,50,672,1,predation,8,10000000,False,,524,1,431,7.0,4,1.8456745179647507,110.92201569480414,4.0,2.04,513.28,1.0,1.0,100.0,0.0,2,42.85659863945579,0.029621583865589215,28.55746869435629,14.27005257892097,0.0005442176870748296,14.285714285714285,2.9999619047619053,4.000038095238095,0.0,100.0,0.0,0.0,0.0,100.0,0.0,-0.0,1,-0.0,1,Type 2 specialists
rand_500_r050_e0672_n1_predation,seed_9.json,50,672,1,predation,9,10000000,False,,388,6,375,5.00758007616844,4,1.926876878418606,75.95260675969476,4.0,4.7,368.98,1.0,1.0,100.0,0.0,3,20.02796357393705,0.016230397436449804,19.952741435914113,40.004957763617696,0.028430725683985057,19.969676103410702,1.0029163135907446,4.004663762577696,0.0,100.0,0.0,0.0,0.0,0.0,100.0,-0.0,1,-0.0,1,Type 3 specialists
rand_500_r050_e0672_n1_predation,seed_10.json,50,672,1,predation,10,404722,True,404722,0,0,367,5.76,4,1.9328558690365722,118.99463636363636,3.84,1.56,9.44,,,,,,33.333333333333336,0.0,31.708528739778735,18.29147126022126,0.0,16.666666666666668,1.9200000000000002,3.84,,,,,,,,,,,,No diet / mouth
rand_500_r050_e0672_n1_predation,seed_11.json,50,672,1,predation,11,1009181,True,1009181,0,0,692,4.8,4,1.9219280948873623,100.8,3.84,0.96,21.84,,,,,,20.0,0.0,20.0,40.0,0.0,20.0,0.96,3.84,,,,,,,,,,,,No diet / mouth
rand_500_r050_e0672_n1_predation,seed_12.json,50,672,1,predation,12,10000000,False,,524,6,471,4.999045317790226,4,1.9229090182394188,104.4918384619811,4.0,3.78,562.4,1.3282442748091603,1.3282442748091603,67.17557251908397,0.0,12,39.98104131308934,0.004282143449448692,20.003819458112837,20.009876122246123,0.0013585289250101994,19.999622434177233,1.9986703737657687,3.0003749440244567,0.0,67.17557251908397,32.82442748091603,0.0,16.412213740458014,83.58778625954199,0.0,0.6440804423586443,2,0.9131224909094169,2,Type 2 specialists
rand_500_r050_e0672_n1_predation,seed_13.json,50,672,1,predation,13,2420109,True,2420109,0,0,567,5.74631732530464,5,1.890275250407473,88.2340984241705,3.84,2.42,18.64,,,,,,50.11905603120027,0.0,16.577205482975064,16.706352010400085,2.4290407544953463,14.168345720929242,2.8800000000000012,2.8663173253046383,,,,,,,,,,,,No diet / mouth
rand_500_r050_e0672_n1_predation,seed_14.json,50,672,1,predation,14,10000000,False,,794,1,262,6.999779832216952,4,1.6651565622600586,104.90256989118427,4.0,1.84,801.78,2.0,2.0,0.0,0.0,23,57.141526388629785,0.003938580922807641,14.284405418609442,14.286163621853268,0.0006951945593868921,14.28327079542531,3.9997810399722353,2.999998792244717,0.0,0.0,100.0,0.0,0.0,50.0,50.0,1.0,2,-0.0,1,Generalists
rand_500_r050_e0672_n1_predation,seed_15.json,50,672,1,predation,15,642964,True,642964,0,0,421,5.76,4,1.792481250360578,100.8,3.84,0.96,5.92,,,,,,50.000000000000014,0.0,16.666666666666664,16.666666666666664,0.0,16.666666666666664,2.8800000000000003,2.8799999999999994,,,,,,,,,,,,No diet / mouth
rand_500_r050_e0672_n1_predation,seed_16.json,50,672,1,predation,16,1711409,True,1711409,0,0,643,4.8,4,1.9219280948873623,100.8,3.84,0.96,15.5,,,,,,40.0,0.0,20.0,20.0,0.0,20.0,1.92,2.88,,,,,,,,,,,,No diet / mouth
rand_500_r050_e0672_n1_predation,seed_17.json,50,672,1,predation,17,10000000,False,,456,2,543,5.999957894736842,4,1.9182981573223679,84.76045057292629,4.0,2.54,487.82,1.0,1.0,100.0,0.0,12,33.332865493792944,0.0,16.67106391910996,33.33356725310353,0.0,16.662503333993563,1.9999578947368426,3.999999999999999,0.0,100.0,0.0,0.0,41.666666666666664,58.333333333333336,0.0,0.9798687566511528,2,0.9798687566511528,2,Type 2 specialists
rand_500_r050_e0672_n1_predation,seed_18.json,50,672,1,predation,18,10000000,False,,536,2,266,6.998706748385667,4,1.8433132667789889,89.74181738549251,4.0,2.8,629.48,1.0,1.0,100.0,0.0,1,42.86406473329622,0.007679080360661227,14.285398353413214,28.573827080289043,0.0008480034022870383,14.268182749238575,2.999930191121603,3.9987765572640637,0.0,100.0,0.0,0.0,100.0,0.0,0.0,-0.0,1,-0.0,1,Type 1 specialists
rand_500_r050_e0672_n1_predation,seed_19.json,50,672,1,predation,19,1464868,True,1464868,0,0,651,4.8,4,1.9219280948873623,100.8,3.84,0.96,3.46,,,,,,40.0,0.0,20.0,20.0,0.0,20.0,1.92,2.88,,,,,,,,,,,,No diet / mouth
rand_500_r050_e0672_n1_predation,seed_20.json,50,672,1,predation,20,2370458,True,2370458,0,0,172,5.8189165985993565,4,1.9221746950914493,123.8630958078958,3.84,2.26,13.3,,,,,,34.008334112843144,0.0,32.216137964263524,16.497916471789217,0.0,17.277611451104114,1.9789165985993569,3.84,,,,,,,,,,,,No diet / mouth
rand_500_r050_e0672_n2,seed_1.json,50,672,2,normal,1,10000000,False,,362,3,481,7.999719974584054,4,1.7521776680609564,100.5330868921883,4.0,2.02,356.36,1.0,1.0,100.0,0.0,2,49.98375105343187,0.01799916668104082,12.487222096448571,25.010590128410282,0.0,12.500437555028235,3.9985601170677567,4.001159857516297,0.0,100.0,0.0,0.0,0.0,100.0,0.0,-0.0,1,-0.0,1,Type 2 specialists
rand_500_r050_e0672_n2,seed_2.json,50,672,2,normal,2,10000000,False,,270,1,559,7.0,4,1.8423709931771084,82.52726934265286,4.0,1.0,288.72,1.0,1.0,100.0,0.0,2,42.85714285714287,0.0,14.285714285714285,28.57142857142857,0.0,14.285714285714285,3.0000000000000004,4.0,0.0,100.0,0.0,0.0,0.0,100.0,0.0,-0.0,1,-0.0,1,Type 2 specialists
rand_500_r050_e0672_n2,seed_3.json,50,672,2,normal,3,10000000,False,,746,1,242,5.000056779258042,4,1.9219326368043503,97.2660659537516,4.0,1.08,716.22,1.0,1.0,100.0,0.0,2,39.99954577109383,0.0,19.999772885546914,20.000908457812354,0.0,19.999772885546914,2.0000000000000004,3.0000567792580415,0.0,100.0,0.0,0.0,0.0,100.0,0.0,-0.0,1,-0.0,1,Type 2 specialists
rand_500_r050_e0672_n2,seed_4.json,50,672,2,normal,4,10000000,False,,283,1,293,6.0,4,1.9182958340544896,99.10505917858329,4.0,1.0,307.04,1.0,1.0,100.0,0.0,2,33.33333333333333,0.0,16.666666666666664,33.33333333333333,0.0,16.666666666666664,2.0,4.0,0.0,100.0,0.0,0.0,0.0,100.0,0.0,-0.0,1,-0.0,1,Type 2 specialists
rand_500_r050_e0672_n2,seed_5.json,50,672,2,normal,5,10000000,False,,366,2,637,7.003764002604749,4,1.8451403072988628,104.72306459658657,4.0,2.46,370.76,2.0,2.0,0.0,0.0,12,42.86352175535825,0.0,14.278036776054892,28.555324048866954,0.025648009691316566,14.27746941002859,3.0020599069504366,4.001704095654312,0.0,0.0,100.0,0.0,50.0,50.0,0.0,1.0,2,-0.0,1,Generalists
rand_500_r050_e0672_n2,seed_6.json,50,672,2,normal,6,10000000,False,,533,2,338,5.500827323682014,4,1.9362694422919002,103.60979674244274,4.0,2.96,501.18,2.0,2.0,0.0,0.0,123,36.348904789775546,0.0,18.179083638834232,27.296266185615842,0.0,18.175745385774377,1.9994904865351337,3.50133683714688,0.0,0.0,100.0,0.0,25.797373358348967,50.0,24.202626641651033,1.4996330290976876,3,0.9992660581953754,2,Generalists
rand_500_r050_e0672_n2,seed_7.json,50,672,2,normal,7,4799212,True,4799212,0,0,857,5.704674115100586,4,1.9213924730548015,100.79449480344218,3.84,1.96,14.04,,,,,,33.656611425316214,0.0,16.828305712658107,32.68677714936758,0.0,16.828305712658107,1.9200000000000004,3.784674115100585,,,,,,,,,,,,No diet / mouth
rand_500_r050_e0672_n2,seed_8.json,50,672,2,normal,8,10000000,False,,323,1,447,7.0,4,1.8423709931771084,105.0,4.0,1.0,369.68,1.0,1.0,100.0,0.0,2,28.57142857142857,0.0,14.285714285714285,42.85714285714287,0.0,14.285714285714285,2.0,5.0,0.0,100.0,0.0,0.0,0.0,100.0,0.0,-0.0,1,-0.0,1,Type 2 specialists
rand_500_r050_e0672_n2,seed_9.json,50,672,2,normal,9,10000000,False,,639,2,270,5.666873176944897,4,1.8371042204139005,95.98766064103133,4.0,2.26,583.22,1.294209702660407,1.294209702660407,70.57902973395932,0.0,12,47.06126403355715,0.003970567040058015,17.646977505546463,17.64652310098373,0.0,17.6412647928726,2.666902148248866,2.999971028696031,0.0,70.57902973395932,29.420970266040687,0.0,14.710485133020343,85.28951486697966,0.0,0.6025475187956091,2,0.8740972880775537,2,Type 2 specialists
rand_500_r050_e0672_n2,seed_10.json,50,672,2,normal,10,906290,True,906290,0,0,1449,5.76,4,1.9182958340544896,96.96,3.84,0.96,5.94,,,,,,33.33333333333333,0.0,16.666666666666664,33.33333333333333,0.0,16.666666666666664,1.92,3.8400000000000003,,,,,,,,,,,,No diet / mouth
rand_500_r050_e0672_n2,seed_11.json,50,672,2,normal,11,10000000,False,,380,2,589,7.999774637983494,4,1.9054767084050306,101.55960010655991,4.0,2.04,372.16,1.0,1.0,100.0,0.0,2,25.000704276141217,0.0,37.50170578315407,25.012809327918234,0.0,12.484780612786476,2.0,5.999774637983494,0.0,100.0,0.0,0.0,0.0,100.0,0.0,-0.0,1,-0.0,1,Type 2 specialists
rand_500_r050_e0672_n2,seed_12.json,50,672,2,normal,12,10000000,False,,508,3,467,5.0028097180465245,4,1.9269942434152854,104.98519944165058,4.0,4.38,511.86,1.9980314960629921,1.9980314960629921,0.1968503937007874,0.0,12,39.95564279996771,0.02104278858691426,20.016548368768753,20.00695630561813,0.019561800361630303,19.980247936696856,1.998904780904741,3.0039049371417836,0.0,0.1968503937007874,99.80314960629921,0.0,49.90157480314961,50.09842519685039,0.0,0.9999972047709624,2,0.02053141499914688,1,Generalists
rand_500_r050_e0672_n2,seed_13.json,50,672,2,normal,13,10000000,False,,563,4,459,4.724450192615553,4,1.9570058037009221,100.40734793524678,4.0,4.8,571.42,1.0,1.0,100.0,0.0,12,21.155084733204824,0.00989214641600091,21.139133770762182,36.538060850248705,0.025723039961749704,21.13210545940653,0.9994614414258787,3.724988751189674,0.0,100.0,0.0,0.0,28.241563055062166,71.75843694493783,0.0,0.858721433710891,2,0.858721433710891,2,Type 2 specialists
rand_500_r050_e0672_n2,seed_14.json,50,672,2,normal,14,10000000,False,,800,4,284,7.134009774567992,5,2.229438621378396,104.32477393650665,4.0,5.08,764.74,1.0,1.0,100.0,0.0,123,14.01736234739819,0.017698575703061558,14.02105131172621,28.03472469479638,29.891800722977973,14.01736234739819,1.0000000000000002,6.134009774567992,0.0,100.0,0.0,0.0,30.875,58.875,10.25,1.3102940883400758,3,1.3102940883400758,3,Type 2 specialists
rand_500_r050_e0672_n2,seed_15.json,50,672,2,normal,15,10000000,False,,1081,3,192,5.000105374702948,4,1.9233763782964772,103.91413410732407,4.0,4.06,1008.86,1.4033302497687326,1.4033302497687326,59.66697502312673,0.0,12,39.99792121680593,0.0026257846451287546,19.98885879570896,20.000028235821006,0.00828977689458169,20.002276190124398,1.999938208530964,3.0001671661719844,0.0,59.66697502312673,40.33302497687327,0.0,20.166512488436634,79.83348751156336,0.0,0.7252458703222466,2,0.9728653622646339,2,Type 2 specialists
rand_500_r050_e0672_n2,seed_16.json,50,672,2,normal,16,7113724,True,7113724,0,0,699,8.64,4,1.6577427265048892,94.29166675641504,3.84,0.96,11.44,,,,,,22.222222222222232,0.0,11.111111111111116,55.555555555555536,0.0,11.111111111111116,1.920000000000001,6.72,,,,,,,,,,,,No diet / mouth
rand_500_r050_e0672_n2,seed_17.json,50,672,2,normal,17,4124565,True,4124565,0,0,363,6.72,4,1.8423709931771084,100.8,3.84,0.96,3.56,,,,,,28.57142857142857,0.0,14.285714285714285,42.85714285714286,0.0,14.285714285714285,1.92,4.8,,,,,,,,,,,,No diet / mouth
rand_500_r050_e0672_n2,seed_18.json,50,672,2,normal,18,3198907,True,3198907,0,0,499,5.76,4,1.934439532480056,100.8,3.84,1.16,14.8,,,,,,33.333333333333336,0.0,16.666666666666668,33.153402610037574,0.17993072329575943,16.666666666666668,1.9200000000000002,3.84,,,,,,,,,,,,No diet / mouth
rand_500_r050_e0672_n2,seed_19.json,50,672,2,normal,19,10000000,False,,479,4,593,4.999011804509137,4,1.930456860472341,125.07789110321991,4.0,2.78,490.6,1.0375782881002087,1.0375782881002087,96.24217118997912,0.0,23,20.87773107855563,0.0,39.105179171393175,20.00395356334215,0.0,20.013136186709033,1.0436802411306687,3.9553315633784685,0.0,96.24217118997912,3.757828810020877,0.0,0.0,98.12108559498957,1.8789144050104385,0.13458687726325602,1,0.23107636439194973,1,Type 2 specialists
rand_500_r050_e0672_n2,seed_20.json,50,672,2,normal,20,10000000,False,,744,2,188,8.069909869434424,4,1.8036992986272218,95.85064076226388,4.0,2.22,742.14,1.7647849462365592,1.7647849462365592,23.521505376344088,0.0,12,34.293438162647945,0.0,12.39171212788384,40.92113251283295,0.00035054348310845356,12.39336665315217,2.7674495508559174,5.302460318578507,0.0,23.521505376344088,76.47849462365592,0.0,38.23924731182796,61.76075268817204,0.0,0.9597142402699483,2,0.7869921177705279,2,Generalists
rand_500_r050_e0672_n2_predation,seed_1.json,50,672,2,predation,1,1112611,True,1112611,0,0,563,4.79360757179164,4,1.9345084680647429,98.68399775646846,3.84,1.74,30.42,,,,,,39.92327330606497,0.0,19.896602669753495,20.02338542131208,0.136888963802486,20.01984963906697,1.9137650521066012,2.879842519685039,,,,,,,,,,,,No diet / mouth
rand_500_r050_e0672_n2_predation,seed_2.json,50,672,2,predation,2,267032,True,267032,0,0,247,4.747725481261085,4,1.9171701806460733,99.70223510648279,3.84,1.36,25.5,,,,,,40.44041736570692,0.0,19.11916526858617,20.22020868285346,0.0,20.22020868285346,1.9200000000000004,2.8277254812610852,,,,,,,,,,,,No diet / mouth
rand_500_r050_e0672_n2_predation,seed_3.json,50,672,2,predation,3,10000000,False,,706,2,527,4.999246240877286,4,1.9221758036692407,104.98084078679233,4.0,2.54,658.62,2.0,2.0,0.0,0.0,23,39.993315973441355,0.0,20.003015491081637,19.999486687806964,0.001166356588401261,20.003015491081637,1.9993643454044423,2.999881895472844,0.0,0.0,100.0,0.0,0.0,50.0,50.0,1.0,2,-0.0,1,Generalists
rand_500_r050_e0672_n2_predation,seed_4.json,50,672,2,predation,4,2008729,True,2008729,0,0,469,3.857286155823543,4,1.9999566679128824,91.00212477848385,3.84,1.96,23.16,,,,,,24.88796426344047,0.0,24.88796426344047,24.88796426344047,0.0,25.336107209678595,0.9600000000000001,2.897286155823543,,,,,,,,,,,,No diet / mouth
rand_500_r050_e0672_n2_predation,seed_5.json,50,672,2,predation,5,10000000,False,,688,1,407,6.999477521824828,4,1.842307421332786,70.95313791304724,4.0,1.38,671.64,1.0,1.0,100.0,0.0,2,42.86034194189215,0.0,14.28718709909389,28.572713211248107,0.0,14.279757747765858,3.0,3.999477521824829,0.0,100.0,0.0,0.0,0.0,100.0,0.0,-0.0,1,-0.0,1,Type 2 specialists
rand_500_r050_e0672_n2_predation,seed_6.json,50,672,2,predation,6,1182162,True,1182162,0,0,830,3.84,4,1.9999714308385488,101.51769368553575,3.84,1.36,26.18,,,,,,24.777500717529836,0.0,25.0,25.0,0.0,25.222499282470157,0.9514560275531457,2.888543972446854,,,,,,,,,,,,No diet / mouth
rand_500_r050_e0672_n2_predation,seed_7.json,50,672,2,predation,7,10000000,False,,701,2,377,4.999982604808235,4,1.9223830624699467,104.97722995663156,4.0,1.38,715.36,2.0,2.0,0.0,0.0,23,40.00227925905562,0.0,20.00006958100914,19.99951556246119,0.0034236923676477823,19.994711905106417,2.0001070044795934,2.9998756003286413,0.0,0.0,100.0,0.0,0.0,50.0,50.0,1.0,2,-0.0,1,Generalists
rand_500_r050_e0672_n2_predation,seed_8.json,50,672,2,predation,8,474291,True,474291,0,0,998,4.8,4,1.9219280948873623,100.8,3.84,0.96,31.02,,,,,,40.0,0.0,20.0,20.0,0.0,20.0,1.92,2.88,,,,,,,,,,,,No diet / mouth
rand_500_r050_e0672_n2_predation,seed_9.json,50,672,2,predation,9,10000000,False,,642,4,621,5.133057057176453,4,1.9302573485457393,106.85367803791146,4.0,4.4,570.38,1.5109034267912773,1.5109034267912773,48.90965732087228,0.0,12,38.978371855682795,0.0,22.071363180141752,19.481567979103495,0.0,19.468696985071958,2.000782067310606,3.132274989865847,0.0,48.90965732087228,51.09034267912772,0.0,25.54517133956386,74.45482866043614,0.0,0.8198050899694004,2,0.9996569440277513,2,Generalists
rand_500_r050_e0672_n2_predation,seed_10.json,50,672,2,predation,10,10000000,False,,574,1,273,4.999447994068976,4,1.9220629654009969,125.47831492404558,4.0,1.98,600.36,1.0,1.0,100.0,0.0,2,19.991166929922212,0.0,39.986492053178004,20.002208267519446,0.0,20.020132749380338,0.9994479940689767,4.0,0.0,100.0,0.0,0.0,0.0,100.0,0.0,-0.0,1,-0.0,1,Type 2 specialists
rand_500_r050_e0672_n2_predation,seed_11.json,50,672,2,predation,11,431853,True,431853,0,0,1032,5.76,4,1.9182958340544896,100.78625915750916,3.84,0.96,19.64,,,,,,33.33333333333333,0.0,16.666666666666664,33.33333333333333,0.0,16.666666666666664,1.92,3.8400000000000003,,,,,,,,,,,,No diet / mouth
rand_500_r050_e0672_n2_predation,seed_12.json,50,672,2,predation,12,2960056,True,2960056,0,0,711,4.8,4,1.9219280948873623,97.92,3.84,0.96,15.52,,,,,,20.0,0.0,20.0,40.0,0.0,20.0,0.96,3.84,,,,,,,,,,,,No diet / mouth
rand_500_r050_e0672_n2_predation,seed_13.json,50,672,2,predation,13,10000000,False,,392,1,615,6.000461822229053,4,1.918475206655426,97.3409204916882,4.0,1.3,441.22,1.0,1.0,100.0,0.0,2,33.332226441317886,0.0,16.663925336305766,33.32991321667598,0.0008546350731217714,16.673080370627236,2.0000875221102175,4.000374300118836,0.0,100.0,0.0,0.0,0.0,100.0,0.0,-0.0,1,-0.0,1,Type 2 specialists
rand_500_r050_e0672_n2_predation,seed_14.json,50,672,2,predation,14,10000000,False,,404,8,690,4.995228710794677,4,1.9280289618014474,99.94090429815905,4.0,6.84,393.4,1.0,1.0,100.0,0.0,2,40.014054328706635,0.024152444048426848,20.013019981514915,19.990197965135852,0.03329753099640964,19.925277749597768,1.9987935301805344,2.996435180614143,0.0,100.0,0.0,0.0,0.0,100.0,0.0,-0.0,1,-0.0,1,Type 2 specialists
rand_500_r050_e0672_n2_predation,seed_15.json,50,672,2,predation,15,10000000,False,,581,1,305,4.99931439731041,4,1.92201035814263,99.7418354806493,4.0,1.4,581.18,1.0,1.0,100.0,0.0,2,39.9917716394477,0.0,20.002742786850767,20.002742786850767,0.0,20.002742786850767,1.9993143973104104,3.0000000000000004,0.0,100.0,0.0,0.0,0.0,100.0,0.0,-0.0,1,-0.0,1,Type 2 specialists
rand_500_r050_e0672_n2_predation,seed_16.json,50,672,2,predation,16,10000000,False,,424,4,391,5.580418908460168,4,1.8660061653310525,96.34966088771789,4.0,5.52,448.86,1.2122641509433962,1.2122641509433962,78.77358490566037,0.0,12,44.841028751123964,0.0,17.94024868176359,19.355846003543565,0.0,17.86287656356889,2.502317247175782,3.078101661284386,0.0,78.77358490566037,21.22641509433962,0.0,10.61320754716981,89.38679245283019,0.0,0.48813774276678623,2,0.7457883499499818,2,Type 2 specialists
rand_500_r050_e0672_n2_predation,seed_17.json,50,672,2,predation,17,10000000,False,,374,1,327,5.999945049928511,4,1.9185874006605954,123.57395626161147,4.0,1.12,380.58,1.0,1.0,100.0,0.0,1,33.3318267894474,0.000846031436911272,33.33277280550896,16.667735066454657,0.0008818422913837067,16.665937464860683,1.9998912915041946,4.000053758424317,0.0,100.0,0.0,0.0,100.0,0.0,0.0,-0.0,1,-0.0,1,Type 1 specialists
rand_500_r050_e0672_n2_predation,seed_18.json,50,672,2,predation,18,10000000,False,,616,2,369,6.0,4,1.895253685153886,89.04493242406397,4.0,2.0,572.96,1.4334415584415585,1.4334415584415585,56.65584415584416,0.0,12,40.60052930594299,0.0,16.666666666666668,26.066137360723662,0.0,16.666666666666668,2.4360317583565796,3.56396824164342,0.0,56.65584415584416,43.34415584415584,0.0,21.67207792207792,78.32792207792208,0.0,0.7541343764980027,2,0.9871796255849248,2,Type 2 specialists
rand_500_r050_e0672_n2_predation,seed_19.json,50,672,2,predation,19,288452,True,288452,0,0,411,4.8,4,1.9219280948873623,100.8,3.84,0.96,6.14,,,,,,40.0,0.0,20.0,20.0,0.0,20.0,1.92,2.88,,,,,,,,,,,,No diet / mouth
rand_500_r050_e0672_n2_predation,seed_20.json,50,672,2,predation,20,10000000,False,,767,2,226,7.000255596175294,4,1.6646071284548989,59.70668416518771,4.0,1.92,755.02,3.0,3.0,0.0,0.0,123,57.146435190106324,0.001208372777935279,14.283578477797098,14.283585279406106,0.0,14.285192679912528,4.000396527410106,2.9998590687651885,0.0,0.0,0.0,100.0,33.333333333333336,33.333333333333336,33.333333333333336,1.584962500721156,3,-0.0,1,Generalists
rand_500_r035_e0168_n1,seed_1.json,35.0,168.0,1.0,normal,1,289081,True,289081.0,0,0,1524,3.8915303030303026,5,1.7308012761567333,27.973336940836944,3.84,1.82,8.08,,,,,[],46.6856000034114,0.0,24.66895861642028,1.3241655343188976,24.66895861642028,2.6523172294291384,1.8167842712842708,2.074746031746032,,,,,,,,,,,,No diet / mouth
rand_500_r035_e0168_n1,seed_2.json,35.0,168.0,1.0,normal,2,112769,True,112769.0,0,0,2980,3.84,3,1.5,100.8,3.84,0.96,24.26,,,,,[],50.0,0.0,25.0,0.0,0.0,25.0,1.92,1.92,,,,,,,,,,,,No diet / mouth
rand_500_r035_e0168_n1,seed_3.json,35.0,168.0,1.0,normal,3,309437,True,309437.0,0,0,3243,4.8,4,1.9219280948873625,100.75141053391052,3.84,0.96,7.62,,,,,[],40.0,0.0,20.0,20.0,0.0,20.0,1.92,2.88,,,,,,,,,,,,No diet / mouth
rand_500_r035_e0168_n1,seed_4.json,35.0,168.0,1.0,normal,4,1298078,True,1298078.0,0,0,1933,6.72,4,1.8423709931771084,89.7854761904762,3.84,0.96,5.5,,,,,[],42.85714285714286,0.0,14.285714285714285,28.57142857142857,0.0,14.285714285714285,2.88,3.84,,,,,,,,,,,,No diet / mouth
rand_500_r035_e0168_n1,seed_5.json,35.0,168.0,1.0,normal,5,369971,True,369971.0,0,0,1441,4.8,4,1.9219280948873625,100.8,3.84,0.96,8.74,,,,,[],40.0,0.0,20.0,20.0,0.0,20.0,1.92,2.88,,,,,,,,,,,,No diet / mouth
rand_500_r035_e0168_n1_predation,seed_1.json,35.0,168.0,1.0,predation,1,262447,True,262447.0,0,0,1665,5.76,4,1.9261414890325643,120.96,3.84,1.1,13.56,,,,,[],33.256419138555366,0.0769141947779705,33.33333333333333,16.666666666666664,0.0,16.666666666666664,1.915569742380789,3.8444302576192104,,,,,,,,,,,,No diet / mouth
rand_500_r035_e0168_n1_predation,seed_2.json,35.0,168.0,1.0,predation,2,159576,True,159576.0,0,0,2790,3.953059414402324,4,1.6716314858685355,99.58037435013172,3.84,2.38,23.66,,,,,[],48.569975776351725,0.3629729673426463,24.284987888175863,0.0,2.8600484472965553,23.92201492083321,1.92,2.0330594144023237,,,,,,,,,,,,No diet / mouth
rand_500_r035_e0168_n1_predation,seed_3.json,35.0,168.0,1.0,predation,3,184375,True,184375.0,0,0,2026,4.8,4,1.9219280948873625,100.8,3.84,0.96,9.88,,,,,[],40.0,0.0,20.0,0.0,20.0,20.0,1.92,2.88,,,,,,,,,,,,No diet / mouth
rand_500_r035_e0168_n1_predation,seed_4.json,35.0,168.0,1.0,predation,4,177396,True,177396.0,0,0,1826,4.8,4,1.9219280948873625,100.8,3.84,0.96,19.66,,,,,[],20.0,0.0,20.0,40.0,0.0,20.0,0.96,3.84,,,,,,,,,,,,No diet / mouth
rand_500_r035_e0168_n1_predation,seed_5.json,35.0,168.0,1.0,predation,5,10000000,False,,146,2,3044,6.0,4,1.792481250360578,101.01538351898112,4.0,1.26,143.2,1.9931506849315068,1.9931506849315068,0.684931506849315,0.0,"[2, 3]",50.000000000000014,0.0,16.666666666666664,16.666666666666664,0.0,16.666666666666664,3.000000000000001,2.999999999999999,0.0,0.684931506849315,99.31506849315068,0.0,0.0,49.657534246575345,50.342465753424655,0.9999661590748424,2.0,0.059092928385733,1.0,Generalists
rand_500_r035_e0168_n2,seed_1.json,35.0,168.0,2.0,normal,1,223584,True,223584.0,0,0,1771,3.8417549283693258,4,1.902917267766363,100.94489526012757,3.84,1.94,44.8,,,,,[],37.65582964210131,0.0,24.98857990422316,12.321330166344984,0.0,25.034260287330547,1.446644691093785,2.3951102372755413,,,,,,,,,,,,No diet / mouth
rand_500_r035_e0168_n2,seed_2.json,35.0,168.0,2.0,normal,2,455616,True,455616.0,0,0,2729,3.911661616161616,3,1.508442290961591,102.30489393939392,3.84,1.46,6.0,,,,,[],49.08400031503831,0.0,26.373999527442532,0.0,0.0,24.542000157519155,1.9200000000000004,1.9916616161616156,,,,,,,,,,,,No diet / mouth
rand_500_r035_e0168_n2,seed_3.json,35.0,168.0,2.0,normal,3,114450,True,114450.0,0,0,2407,4.798888888888889,3,1.3710973584413126,100.8,3.84,0.98,8.62,,,,,[],59.99073859689743,0.0,20.00463070155128,0.0,0.0,20.00463070155128,2.878888888888889,1.92,,,,,,,,,,,,No diet / mouth
rand_500_r035_e0168_n2,seed_4.json,35.0,168.0,2.0,normal,4,375922,True,375922.0,0,0,2454,4.8,4,1.9219280948873625,100.8,3.84,0.96,27.64,,,,,[],40.0,0.0,20.0,20.0,0.0,20.0,1.92,2.88,,,,,,,,,,,,No diet / mouth
rand_500_r035_e0168_n2,seed_5.json,35.0,168.0,2.0,normal,5,229516,True,229516.0,0,0,2778,3.84,3,1.5660193309916577,97.73530071125832,3.84,1.76,25.96,,,,,[],50.000000000000014,1.1182980310399584,24.761789760509128,0.0,0.0,24.119912208450913,1.9200000000000004,1.9199999999999997,,,,,,,,,,,,No diet / mouth
rand_500_r035_e0168_n2_predation,seed_1.json,35.0,168.0,2.0,predation,1,164294,True,164294.0,0,0,2497,3.84,3,1.5154388041944176,99.87368802989052,3.84,1.76,35.88,,,,,[],50.000000000000014,0.1806970244172994,25.070266803263824,0.0,0.0,24.74903617231887,1.9200000000000004,1.9199999999999997,,,,,,,,,,,,No diet / mouth
rand_500_r035_e0168_n2_predation,seed_2.json,35.0,168.0,2.0,predation,2,220363,True,220363.0,0,0,2029,4.8,4,1.9219280948873625,100.8,3.84,0.96,9.76,,,,,[],40.0,0.0,20.0,20.0,0.0,20.0,1.92,2.88,,,,,,,,,,,,No diet / mouth
rand_500_r035_e0168_n2_predation,seed_3.json,35.0,168.0,2.0,predation,3,82826,True,82826.0,0,0,2034,4.8,3,1.521928094887362,182.4,3.84,0.96,14.08,,,,,[],40.0,0.0,20.0,0.0,0.0,40.0,1.92,2.88,,,,,,,,,,,,No diet / mouth
rand_500_r035_e0168_n2_predation,seed_4.json,35.0,168.0,2.0,predation,4,245413,True,245413.0,0,0,3521,3.84,3,1.5,100.8,3.84,1.36,17.34,,,,,[],50.0,0.0,25.0,0.0,0.0,25.0,1.92,1.92,,,,,,,,,,,,No diet / mouth
rand_500_r035_e0168_n2_predation,seed_5.json,35.0,168.0,2.0,predation,5,148782,True,148782.0,0,0,1374,3.84,3,1.5,100.8,3.84,0.96,72.02,,,,,[],50.0,0.0,25.0,0.0,0.0,25.0,1.92,1.92,,,,,,,,,,,,No diet / mouth
rand_500_r035_e0336_n1,seed_1.json,35.0,336.0,1.0,normal,1,392235,True,392235.0,0,0,1725,2.88,3,1.584962500721156,100.8,3.84,1.26,26.36,,,,,[],33.33333333333333,0.0,33.33333333333333,0.0,0.0,33.33333333333333,0.96,1.92,,,,,,,,,,,,No diet / mouth
rand_500_r035_e0336_n1,seed_2.json,35.0,336.0,1.0,normal,2,5189127,True,5189127.0,0,0,1153,5.76,4,1.9182958340544896,100.8,3.84,0.96,29.22,,,,,[],33.33333333333333,0.0,16.666666666666664,33.33333333333333,0.0,16.666666666666664,1.92,3.84,,,,,,,,,,,,No diet / mouth
rand_500_r035_e0336_n1,seed_3.json,35.0,336.0,1.0,normal,3,10000000,False,,88,2,1323,4.997615629780744,4,1.925920559414955,94.92624565055635,4.0,1.4,88.46,1.0,1.0,100.0,0.0,[3],39.97137390632789,0.0,20.00954203122404,20.00954203122404,0.0349591303273738,19.974582900896667,1.997615629780744,3.0,0.0,100.0,0.0,0.0,0.0,0.0,100.0,-0.0,1.0,-0.0,1.0,Type 3 specialists
rand_500_r035_e0336_n1,seed_4.json,35.0,336.0,1.0,normal,4,1703035,True,1703035.0,0,0,1237,5.76,4,1.9142535310151143,98.8704555897319,3.84,1.3,9.34,,,,,[],33.72743962628025,0.0,16.666666666666664,33.33333333333333,0.0,16.272560373719752,1.942700522473742,3.817299477526258,,,,,,,,,,,,No diet / mouth
rand_500_r035_e0336_n1,seed_5.json,35.0,336.0,1.0,normal,5,10000000,False,,137,2,1447,6.0,4,1.9181976118294677,66.16988731208275,4.0,1.16,153.46,1.0,1.0,100.0,0.0,[3],33.34766072700396,0.0,16.652339272996038,33.32881350738494,0.0,16.671186492615064,2.0008596436202377,3.999140356379762,0.0,100.0,0.0,0.0,0.0,0.0,100.0,-0.0,1.0,-0.0,1.0,Type 3 specialists
rand_500_r035_e0336_n1_predation,seed_1.json,35.0,336.0,1.0,predation,1,4679259,True,4679259.0,0,0,2183,9.6,4,1.35677964944704,71.04,3.84,0.96,6.74,,,,,[],69.99999999999997,0.0,10.000000000000009,0.0,10.000000000000009,10.000000000000009,6.719999999999997,2.8800000000000026,,,,,,,,,,,,No diet / mouth
rand_500_r035_e0336_n1_predation,seed_2.json,35.0,336.0,1.0,predation,2,1258316,True,1258316.0,0,0,958,4.788819202240899,4,1.9231097884837605,86.43599057546628,3.84,1.88,23.42,,,,,[],39.859913720436104,0.0,20.046695426521303,20.591036270049077,0.0,19.502354582993515,1.9088192022408987,2.8800000000000003,,,,,,,,,,,,No diet / mouth
rand_500_r035_e0336_n1_predation,seed_3.json,35.0,336.0,1.0,predation,3,706199,True,706199.0,0,0,1105,3.84,4,2.0,100.8,3.84,0.96,30.84,,,,,[],25.0,0.0,25.0,25.0,0.0,25.0,0.96,2.88,,,,,,,,,,,,No diet / mouth
rand_500_r035_e0336_n1_predation,seed_4.json,35.0,336.0,1.0,predation,4,179961,True,179961.0,0,0,1002,3.84,4,2.0,100.8,3.84,0.96,26.52,,,,,[],25.0,0.0,25.0,25.0,0.0,25.0,0.96,2.88,,,,,,,,,,,,No diet / mouth
rand_500_r035_e0336_n1_predation,seed_5.json,35.0,336.0,1.0,predation,5,801261,True,801261.0,0,0,1224,4.8,4,1.9219280948873625,100.8,3.84,0.96,11.98,,,,,[],40.0,0.0,20.0,20.0,0.0,20.0,1.92,2.88,,,,,,,,,,,,No diet / mouth
rand_500_r035_e0336_n2,seed_1.json,35.0,336.0,2.0,normal,1,10000000,False,,136,2,1605,6.0,4,1.796054883791267,104.76579009433038,4.0,1.42,143.78,1.0,1.0,100.0,0.0,[1],50.01272630106921,0.0,16.66444444444444,16.619379103637165,0.0367834841825216,16.666666666666664,3.0007635780641526,2.9992364219358474,0.0,100.0,0.0,0.0,100.0,0.0,0.0,-0.0,1.0,-0.0,1.0,Type 1 specialists
rand_500_r035_e0336_n2,seed_2.json,35.0,336.0,2.0,normal,2,732757,True,732757.0,0,0,1253,5.76,5,2.1124608213649028,42.9520717060717,3.84,1.46,5.64,,,,,[],33.33333333333333,0.0,28.68882853257853,16.666666666666664,16.666666666666664,4.644504800754799,1.92,3.84,,,,,,,,,,,,No diet / mouth
rand_500_r035_e0336_n2,seed_3.json,35.0,336.0,2.0,normal,3,10000000,False,,233,2,1182,5.999831578200901,4,1.922964549105305,101.19926622660698,4.0,1.62,232.04,1.0,1.0,100.0,0.0,[1],33.33426903626046,0.0,16.664327409348857,33.291892134467524,0.0423769017929232,16.66713451813023,2.0000000000000004,3.999831578200901,0.0,100.0,0.0,0.0,100.0,0.0,0.0,-0.0,1.0,-0.0,1.0,Type 1 specialists
rand_500_r035_e0336_n2,seed_4.json,35.0,336.0,2.0,normal,4,370052,True,370052.0,0,0,15718,3.8173626373626375,3,1.4539173413167408,96.38590809190808,3.84,1.66,6.24,,,,,[],53.89487017099429,0.0,20.956877195002587,0.0,0.0,25.14825263400312,2.0573626373626372,1.7600000000000005,,,,,,,,,,,,No diet / mouth
rand_500_r035_e0336_n2,seed_5.json,35.0,336.0,2.0,normal,5,650769,True,650769.0,0,0,725,6.72,4,1.8423709931771084,100.8,3.84,0.96,6.82,,,,,[],28.57142857142857,0.0,14.285714285714285,42.85714285714286,0.0,14.285714285714285,1.92,4.8,,,,,,,,,,,,No diet / mouth
rand_500_r035_e0336_n2_predation,seed_1.json,35.0,336.0,2.0,predation,1,5743930,True,5743930.0,0,0,1295,4.8,4,1.9219280948873625,79.67076923076922,3.84,0.96,3.42,,,,,[],40.0,0.0,20.0,20.0,0.0,20.0,1.92,2.88,,,,,,,,,,,,No diet / mouth
rand_500_r035_e0336_n2_predation,seed_2.json,35.0,336.0,2.0,predation,2,578939,True,578939.0,0,0,940,4.8,4,1.9219280948873625,100.8,3.84,0.96,29.48,,,,,[],40.0,0.0,20.0,20.0,0.0,20.0,1.92,2.88,,,,,,,,,,,,No diet / mouth
rand_500_r035_e0336_n2_predation,seed_3.json,35.0,336.0,2.0,predation,3,10000000,False,,114,4,1061,5.000867919750087,4,1.9311706836190727,100.73394107759026,4.0,2.5,124.08,1.0,1.0,100.0,0.0,[1],40.032063429857615,0.0058234093550447,19.969864328235023,20.036898789411257,0.0963085552703895,19.859041487870677,2.001950617677756,2.998917302072331,0.0,100.0,0.0,0.0,100.0,0.0,0.0,-0.0,1.0,-0.0,1.0,Type 1 specialists
rand_500_r035_e0336_n2_predation,seed_4.json,35.0,336.0,2.0,predation,4,51356,True,51356.0,0,0,7411,3.84,3,1.4953626702864866,105.91069047619048,3.84,1.3,10.78,,,,,[],50.000000000000014,0.0,22.16827876984126,0.0,0.0,27.831721230158735,1.9200000000000004,1.9199999999999997,,,,,,,,,,,,No diet / mouth
rand_500_r035_e0336_n2_predation,seed_5.json,35.0,336.0,2.0,predation,5,10000000,False,,227,4,584,6.001543892007522,4,1.956013361708176,119.67975969255504,4.0,4.8,224.32,1.0,1.0,100.0,0.0,[1],22.63346494141288,0.0,33.32475836198539,27.364225132094415,0.0,16.67755156450732,1.3583573327410283,4.643186559266494,0.0,100.0,0.0,0.0,100.0,0.0,0.0,-0.0,1.0,-0.0,1.0,Type 1 specialists
rand_500_r050_e0168_n1,seed_1.json,50.0,168.0,1.0,normal,1,420676,True,420676.0,0,0,839,3.84,3,1.4999774099440866,101.15708220122627,3.84,1.14,14.86,,,,,[],50.0,0.0,24.802148603043943,0.0,0.0,25.19785139695606,1.92,1.92,,,,,,,,,,,,No diet / mouth
rand_500_r050_e0168_n1,seed_2.json,50.0,168.0,1.0,normal,2,157225,True,157225.0,0,0,601,3.84,3,1.5,100.8,3.84,0.96,17.74,,,,,[],50.0,0.0,25.0,0.0,0.0,25.0,1.92,1.92,,,,,,,,,,,,No diet / mouth
rand_500_r050_e0168_n1,seed_3.json,50.0,168.0,1.0,normal,3,229893,True,229893.0,0,0,811,4.8,4,1.9219280948873625,100.8,3.84,0.96,16.02,,,,,[],40.0,0.0,20.0,20.0,0.0,20.0,1.92,2.88,,,,,,,,,,,,No diet / mouth
rand_500_r050_e0168_n1,seed_4.json,50.0,168.0,1.0,normal,4,136580,True,136580.0,0,0,436,3.84,3,1.5,100.8,3.84,0.96,15.42,,,,,[],50.0,0.0,25.0,0.0,0.0,25.0,1.92,1.92,,,,,,,,,,,,No diet / mouth
rand_500_r050_e0168_n1,seed_5.json,50.0,168.0,1.0,normal,5,94658,True,94658.0,0,0,484,3.897321130370182,4,1.5935804293088218,100.67751122083774,3.84,1.74,22.52,,,,,[],49.16394304431012,1.571448375240897,24.63230429022449,0.0,0.0,24.63230429022449,1.91607674078906,1.9812443895811225,,,,,,,,,,,,No diet / mouth
rand_500_r050_e0168_n1_predation,seed_1.json,50.0,168.0,1.0,predation,1,103292,True,103292.0,0,0,1373,3.8796264088370105,4,1.5887009408706132,100.38392270721138,3.84,1.36,12.52,,,,,[],49.48930122824779,0.0,24.23395184237168,1.532096315256633,0.0,24.744650614123895,1.92,1.95962640883701,,,,,,,,,,,,No diet / mouth
rand_500_r050_e0168_n1_predation,seed_2.json,50.0,168.0,1.0,predation,2,102901,True,102901.0,0,0,924,3.84,3,1.5,100.8,3.84,0.96,33.64,,,,,[],50.0,0.0,25.0,0.0,0.0,25.0,1.92,1.92,,,,,,,,,,,,No diet / mouth
rand_500_r050_e0168_n1_predation,seed_3.json,50.0,168.0,1.0,predation,3,163782,True,163782.0,0,0,1168,3.84,3,1.5,100.8,3.84,0.96,20.46,,,,,[],50.0,0.0,25.0,0.0,0.0,25.0,1.92,1.92,,,,,,,,,,,,No diet / mouth
rand_500_r050_e0168_n1_predation,seed_4.json,50.0,168.0,1.0,predation,4,178508,True,178508.0,0,0,1610,3.86023388460424,3,1.5025615603911255,101.22491157668904,3.84,1.46,28.0,,,,,[],49.7379189291491,0.0,25.393121606276353,0.0,0.0,24.86895946457455,1.92,1.9402338846042404,,,,,,,,,,,,No diet / mouth
rand_500_r050_e0168_n1_predation,seed_5.json,50.0,168.0,1.0,predation,5,99919,True,99919.0,0,0,1104,3.84,3,1.5,100.8,3.84,0.96,25.4,,,,,[],50.0,0.0,25.0,0.0,0.0,25.0,1.92,1.92,,,,,,,,,,,,No diet / mouth
rand_500_r050_e0168_n2,seed_1.json,50.0,168.0,2.0,normal,1,224685,True,224685.0,0,0,2972,4.8,4,1.9219280948873625,100.8,3.84,0.96,11.52,,,,,[],40.0,0.0,20.0,20.0,0.0,20.0,1.92,2.88,,,,,,,,,,,,No diet / mouth
rand_500_r050_e0168_n2,seed_2.json,50.0,168.0,2.0,normal,2,295042,True,295042.0,0,0,3981,4.8,4,1.9219280948873625,100.8,3.84,0.96,8.5,,,,,[],40.0,0.0,20.0,20.0,0.0,20.0,1.92,2.88,,,,,,,,,,,,No diet / mouth
rand_500_r050_e0168_n2,seed_3.json,50.0,168.0,2.0,normal,3,500665,True,500665.0,0,0,2443,4.8,4,1.9219280948873625,100.8,3.84,0.96,11.54,,,,,[],40.0,0.0,20.0,20.0,0.0,20.0,1.92,2.88,,,,,,,,,,,,No diet / mouth
rand_500_r050_e0168_n2,seed_4.json,50.0,168.0,2.0,normal,4,231399,True,231399.0,0,0,1807,4.8,4,1.9219280948873625,100.8,3.84,0.96,9.32,,,,,[],40.0,0.0,20.0,20.0,0.0,20.0,1.92,2.88,,,,,,,,,,,,No diet / mouth
rand_500_r050_e0168_n2,seed_5.json,50.0,168.0,2.0,normal,5,282342,True,282342.0,0,0,1814,4.8,3,1.3709505944546687,99.84,3.84,0.96,16.44,,,,,[],60.0,0.0,19.999999999999996,0.0,0.0,19.999999999999996,2.88,1.92,,,,,,,,,,,,No diet / mouth
rand_500_r050_e0168_n2_predation,seed_1.json,50.0,168.0,2.0,predation,1,51595,True,51595.0,0,0,3845,3.84,3,1.5,100.8,3.84,0.96,6.42,,,,,[],50.0,0.0,25.0,0.0,0.0,25.0,1.92,1.92,,,,,,,,,,,,No diet / mouth
rand_500_r050_e0168_n2_predation,seed_2.json,50.0,168.0,2.0,predation,2,222699,True,222699.0,0,0,2954,3.84,3,1.5,100.8,3.84,0.96,13.48,,,,,[],50.0,0.0,25.0,0.0,0.0,25.0,1.92,1.92,,,,,,,,,,,,No diet / mouth
rand_500_r050_e0168_n2_predation,seed_3.json,50.0,168.0,2.0,predation,3,84243,True,84243.0,0,0,2045,3.741866239287913,3,1.4853713597217808,98.73919102504615,3.84,1.66,25.66,,,,,[],51.31129434400577,0.0,23.03305848399134,0.0,0.0,25.655647172002887,1.9200000000000008,1.8218662392879124,,,,,,,,,,,,No diet / mouth
rand_500_r050_e0168_n2_predation,seed_4.json,50.0,168.0,2.0,predation,4,158211,True,158211.0,0,0,2195,3.840048048048049,4,1.9999999157644055,100.54941593736002,3.84,1.24,55.2,,,,,[],25.01238655237264,0.0,24.99968719110121,24.99968719110121,0.0,24.98823906542493,0.9604876615746182,2.8795603864734307,,,,,,,,,,,,No diet / mouth
rand_500_r050_e0168_n2_predation,seed_5.json,50.0,168.0,2.0,predation,5,606274,True,606274.0,0,0,1260,5.76,4,1.9182958340544896,120.96,3.84,0.96,4.8,,,,,[],33.33333333333333,0.0,33.33333333333333,16.666666666666664,0.0,16.666666666666664,1.92,3.84,,,,,,,,,,,,No diet / mouth
rand_500_r050_e0336_n1,seed_1.json,50.0,336.0,1.0,normal,1,409466,True,409466.0,0,0,743,5.76,4,1.9182958340544896,100.8,3.84,0.96,4.7,,,,,[],33.33333333333333,0.0,16.666666666666664,33.33333333333333,0.0,16.666666666666664,1.92,3.84,,,,,,,,,,,,No diet / mouth
rand_500_r050_e0336_n1,seed_2.json,50.0,336.0,1.0,normal,2,3346905,True,3346905.0,0,0,1184,4.8,4,1.9219280948873625,97.92,3.84,0.96,10.26,,,,,[],40.0,0.0,20.0,20.0,0.0,20.0,1.92,2.88,,,,,,,,,,,,No diet / mouth
rand_500_r050_e0336_n1,seed_3.json,50.0,336.0,1.0,normal,3,10000000,False,,200,1,904,8.998999315987184,5,2.1132187388907,104.90969154644,4.0,1.2,190.6,1.0,1.0,100.0,0.0,[1],33.33703998254946,0.0,11.104566564604072,33.33370013114682,11.112346660849818,11.112346660849818,3.0000000000000004,5.9989993159871835,0.0,100.0,0.0,0.0,100.0,0.0,0.0,-0.0,1.0,-0.0,1.0,Type 1 specialists
rand_500_r050_e0336_n1,seed_4.json,50.0,336.0,1.0,normal,4,240915,True,240915.0,0,0,1772,3.84,3,1.5,100.8,3.84,0.96,35.1,,,,,[],50.0,0.0,25.0,0.0,0.0,25.0,1.92,1.92,,,,,,,,,,,,No diet / mouth
rand_500_r050_e0336_n1,seed_5.json,50.0,336.0,1.0,normal,5,10000000,False,,466,4,805,6.021199665783262,4,1.9146312318393564,100.82399835095455,4.0,4.16,424.92,1.8454935622317596,1.8454935622317596,15.450643776824034,0.0,"[1, 2, 3]",30.93211140033064,0.0,16.607986041099277,35.85269259158488,0.0008881275957807,16.606321839389427,1.8624841882564147,4.1587154775268464,0.0,15.450643776824034,84.54935622317596,0.0,36.05150214592275,57.72532188841202,6.223175965665236,1.237546334754574,3.0,1.130675089128724,3.0,Generalists
rand_500_r050_e0336_n1_predation,seed_1.json,50.0,336.0,1.0,predation,1,138928,True,138928.0,0,0,476,3.84,3,1.5,100.8,3.84,1.76,18.48,,,,,[],50.0,0.0,25.0,0.0,0.0,25.0,1.92,1.92,,,,,,,,,,,,No diet / mouth
rand_500_r050_e0336_n1_predation,seed_2.json,50.0,336.0,1.0,predation,2,297945,True,297945.0,0,0,799,5.76,4,1.909424794855752,116.02009324009325,3.84,1.46,6.96,,,,,[],34.17413990330657,0.0,33.33333333333333,16.666666666666664,0.0,15.825860096693429,1.9684304584304584,3.7915695415695416,,,,,,,,,,,,No diet / mouth
rand_500_r050_e0336_n1_predation,seed_3.json,50.0,336.0,1.0,predation,3,2113918,True,2113918.0,0,0,2469,5.76,3,1.2516291673878228,100.8,3.84,0.96,13.5,,,,,[],66.66666666666666,0.0,16.666666666666664,0.0,0.0,16.666666666666664,3.84,1.92,,,,,,,,,,,,No diet / mouth
rand_500_r050_e0336_n1_predation,seed_4.json,50.0,336.0,1.0,predation,4,476433,True,476433.0,0,0,1762,4.80095238095238,3,1.373404689987274,100.8,3.84,0.98,7.86,,,,,[],59.98809759968261,0.0,19.99603253322753,0.0,0.0198373338623288,19.99603253322753,2.88,1.9209523809523803,,,,,,,,,,,,No diet / mouth
rand_500_r050_e0336_n1_predation,seed_5.json,50.0,336.0,1.0,predation,5,679492,True,679492.0,0,0,1143,4.8,4,1.9219280948873625,99.84071428571428,3.84,0.96,11.7,,,,,[],40.0,0.0,20.0,20.0,0.0,20.0,1.92,2.88,,,,,,,,,,,,No diet / mouth
rand_500_r050_e0336_n2,seed_1.json,50.0,336.0,2.0,normal,1,2263458,True,2263458.0,0,0,421,4.8,4,1.9219280948873625,98.88,3.84,0.96,11.6,,,,,[],40.0,0.0,20.0,20.0,0.0,20.0,1.92,2.88,,,,,,,,,,,,No diet / mouth
rand_500_r050_e0336_n2,seed_2.json,50.0,336.0,2.0,normal,2,427813,True,427813.0,0,0,668,4.8,4,1.9219280948873625,100.8,3.84,0.96,11.3,,,,,[],40.0,0.0,20.0,20.0,0.0,20.0,1.92,2.88,,,,,,,,,,,,No diet / mouth
rand_500_r050_e0336_n2,seed_3.json,50.0,336.0,2.0,normal,3,10000000,False,,169,2,366,10.002801800783208,4,1.5740866578646917,104.99170572409272,4.0,2.14,168.52,2.0,2.0,0.0,0.0,"[1, 3]",59.98439838583936,0.0268056781379561,9.997198984005673,19.994397968011345,0.0,9.997198984005673,6.000120481927712,4.002681318855495,0.0,0.0,100.0,0.0,50.0,0.0,50.0,1.0,2.0,-0.0,1.0,Generalists
rand_500_r050_e0336_n2,seed_4.json,50.0,336.0,2.0,normal,4,503760,True,503760.0,0,0,803,3.84,3,1.5,14.4,3.84,0.96,3.32,,,,,[],50.0,0.0,0.0,25.0,25.0,0.0,1.92,1.92,,,,,,,,,,,,No diet / mouth
rand_500_r050_e0336_n2,seed_5.json,50.0,336.0,2.0,normal,5,3540388,True,3540388.0,0,0,1385,5.76,4,1.9182958340544896,86.41948240165631,3.84,0.96,4.86,,,,,[],33.33333333333333,0.0,16.666666666666664,33.33333333333333,0.0,16.666666666666664,1.92,3.84,,,,,,,,,,,,No diet / mouth
rand_500_r050_e0336_n2_predation,seed_1.json,50.0,336.0,2.0,predation,1,605159,True,605159.0,0,0,442,4.8112084719109145,3,1.5236861701481064,121.8397501295193,3.84,2.06,16.8,,,,,[],40.139779500011514,0.0,39.68106762440112,0.0,0.0,20.179152875587377,1.9312084719109144,2.8800000000000003,,,,,,,,,,,,No diet / mouth
rand_500_r050_e0336_n2_predation,seed_2.json,50.0,336.0,2.0,predation,2,295084,True,295084.0,0,0,1844,4.8,3,1.3709505944546687,100.8,3.84,0.96,18.24,,,,,[],60.0,0.0,19.999999999999996,0.0,0.0,19.999999999999996,2.88,1.92,,,,,,,,,,,,No diet / mouth
rand_500_r050_e0336_n2_predation,seed_3.json,50.0,336.0,2.0,predation,3,170087,True,170087.0,0,0,853,3.9242431971193583,4,1.6190579446614972,100.6417748917749,3.84,1.38,5.26,,,,,[],48.92663129057346,2.1941725998030948,24.46331564528673,0.0,0.0,24.415880464336727,1.92,2.004243197119358,,,,,,,,,,,,No diet / mouth
rand_500_r050_e0336_n2_predation,seed_4.json,50.0,336.0,2.0,predation,4,565842,True,565842.0,0,0,1920,4.8,4,1.9219280948873625,100.8,3.84,0.96,31.18,,,,,[],40.0,0.0,20.0,20.0,0.0,20.0,1.92,2.88,,,,,,,,,,,,No diet / mouth
rand_500_r050_e0336_n2_predation,seed_5.json,50.0,336.0,2.0,predation,5,579279,True,579279.0,0,0,885,3.84,4,2.0,100.8,3.84,0.96,18.44,,,,,[],25.0,0.0,25.0,25.0,0.0,25.0,0.96,2.88,,,,,,,,,,,,No diet / mouth
rand_500_r100_e0168_n1,seed_1.json,100.0,168.0,1.0,normal,1,785200,True,785200.0,0,0,2385,6.527326395826395,5,2.2310293562186145,165.56207431457432,3.76,1.46,6.18,,,,,[],28.801991596468675,0.0,13.594025210593982,14.400995798234336,14.400995798234336,28.801991596468675,1.88,4.647326395826395,,,,,,,,,,,,No diet / mouth
rand_500_r100_e0168_n1,seed_2.json,100.0,168.0,1.0,normal,2,2124474,True,2124474.0,0,0,2781,4.857690476190476,4,1.926276290520874,104.74369047619048,3.84,1.38,4.24,,,,,[],39.52495551972082,0.0,19.76247775986041,19.76247775986041,0.0,20.950088960558368,1.92,2.9376904761904763,,,,,,,,,,,,No diet / mouth
rand_500_r100_e0168_n1,seed_3.json,100.0,168.0,1.0,normal,3,634665,True,634665.0,0,0,2169,4.800884150398264,4,1.9310720403073376,92.91573703481548,3.84,1.24,22.04,,,,,[],39.92058468178679,0.090465162832223,19.996316718460328,19.996316718460328,0.0,19.996316718460328,1.9165410227342192,2.8843431276640445,,,,,,,,,,,,No diet / mouth
rand_500_r100_e0168_n1,seed_4.json,100.0,168.0,1.0,normal,4,279176,True,279176.0,0,0,1805,5.76,4,1.9182958340544896,100.77053886314644,3.84,0.96,21.78,,,,,[],33.33333333333333,0.0,16.666666666666664,33.33333333333333,0.0,16.666666666666664,1.92,3.84,,,,,,,,,,,,No diet / mouth
rand_500_r100_e0168_n1,seed_5.json,100.0,168.0,1.0,normal,5,745813,True,745813.0,0,0,1568,5.76,4,1.9182958340544896,100.00915984015982,3.84,0.96,5.66,,,,,[],33.33333333333333,0.0,16.666666666666664,33.33333333333333,0.0,16.666666666666664,1.92,3.84,,,,,,,,,,,,No diet / mouth
rand_500_r100_e0168_n1_predation,seed_1.json,100.0,168.0,1.0,predation,1,273732,True,273732.0,0,0,1512,3.8754010744747904,3,1.5656541085506186,100.50180133328564,3.84,2.16,32.5,,,,,[],49.59076423349051,0.0,24.676619573877296,0.0,1.0167135236732507,24.715902668958943,1.9218410099449512,1.953560064529839,,,,,,,,,,,,No diet / mouth
rand_500_r100_e0168_n1_predation,seed_2.json,100.0,168.0,1.0,predation,2,250150,True,250150.0,0,0,2770,3.84,3,1.5,100.8,3.84,1.02,19.46,,,,,[],50.0,0.0,25.0,0.0,0.0,25.0,1.92,1.92,,,,,,,,,,,,No diet / mouth
rand_500_r100_e0168_n1_predation,seed_3.json,100.0,168.0,1.0,predation,3,239828,True,239828.0,0,0,2270,3.838214242924248,3,1.5348234993221934,99.43128339050034,3.84,2.4,28.7,,,,,[],49.980443976092545,0.0,24.68548157599359,0.065517258675445,0.374423604558528,24.89413358467989,1.918356519367158,1.9198577235570895,,,,,,,,,,,,No diet / mouth
rand_500_r100_e0168_n1_predation,seed_4.json,100.0,168.0,1.0,predation,4,120881,True,120881.0,0,0,2761,4.2839867356876,4,1.826836271312794,100.69456176765291,3.84,4.06,46.74,,,,,[],44.74442593920184,0.0,22.40903296928429,10.466463622534588,0.0,22.38007746897928,1.916845272194969,2.367141463492631,,,,,,,,,,,,No diet / mouth
rand_500_r100_e0168_n1_predation,seed_5.json,100.0,168.0,1.0,predation,5,1099249,True,1099249.0,0,0,1875,5.745064946491417,6,2.330348347874458,98.73648484848484,3.84,1.8,9.1,,,,,[],33.41998772655421,1.710383210247891,14.999610653029224,16.450030683614468,16.709993863277106,16.709993863277106,1.92,3.825064946491417,,,,,,,,,,,,No diet / mouth
rand_500_r100_e0168_n2,seed_1.json,100.0,168.0,2.0,normal,1,168775,True,168775.0,0,0,1830,3.84,3,1.5,99.85073996252504,3.84,0.96,27.24,,,,,[],50.0,0.0,25.0,0.0,0.0,25.0,1.92,1.92,,,,,,,,,,,,No diet / mouth
rand_500_r100_e0168_n2,seed_2.json,100.0,168.0,2.0,normal,2,818274,True,818274.0,0,0,2116,6.72,4,1.8423709931771084,100.8,3.84,0.96,5.26,,,,,[],28.57142857142857,0.0,14.285714285714285,42.85714285714286,0.0,14.285714285714285,1.92,4.8,,,,,,,,,,,,No diet / mouth
rand_500_r100_e0168_n2,seed_3.json,100.0,168.0,2.0,normal,3,228797,True,228797.0,0,0,1468,5.7616,4,1.921444509631777,98.84783951380427,3.84,0.98,15.94,,,,,[],33.32407664537628,0.0277700638711468,16.66203832268814,33.32407664537628,0.0,16.66203832268814,1.9199999999999997,3.8416,,,,,,,,,,,,No diet / mouth
rand_500_r100_e0168_n2,seed_4.json,100.0,168.0,2.0,normal,4,165423,True,165423.0,0,0,1458,4.796861538461538,4,1.9216651493371144,100.8,3.84,1.04,13.18,,,,,[],40.026170957934035,0.0,20.013085478967017,19.947658084131938,0.0,20.013085478967017,1.92,2.8768615384615384,,,,,,,,,,,,No diet / mouth
rand_500_r100_e0168_n2,seed_5.json,100.0,168.0,2.0,normal,5,10000000,False,,99,2,2181,5.999430230109585,4,1.7924059553528382,88.48965645892571,4.0,1.62,106.48,1.0,1.0,100.0,0.0,[1],50.00474853334869,0.0,16.658752444418866,16.668249511116223,0.0,16.668249511116223,3.0000000000000004,2.9994302301095845,0.0,100.0,0.0,0.0,100.0,0.0,0.0,-0.0,1.0,-0.0,1.0,Type 1 specialists
rand_500_r100_e0168_n2_predation,seed_1.json,100.0,168.0,2.0,predation,1,53934,True,53934.0,0,0,4090,3.84,3,1.5,100.8,3.84,0.96,20.72,,,,,[],50.0,0.0,25.0,0.0,0.0,25.0,1.92,1.92,,,,,,,,,,,,No diet / mouth
rand_500_r100_e0168_n2_predation,seed_2.json,100.0,168.0,2.0,predation,2,153681,True,153681.0,0,0,2570,4.8,4,1.9295745545616871,100.8,3.84,1.02,9.84,,,,,[],39.92751870485037,0.0,20.0,20.0,0.0724812951496387,20.0,1.9165208978328172,2.8834791021671826,,,,,,,,,,,,No diet / mouth
rand_500_r100_e0168_n2_predation,seed_3.json,100.0,168.0,2.0,predation,3,311778,True,311778.0,0,0,2701,4.8,3,1.3709505944546687,100.8,3.84,0.96,12.28,,,,,[],60.0,0.0,19.999999999999996,0.0,0.0,19.999999999999996,2.88,1.92,,,,,,,,,,,,No diet / mouth
rand_500_r100_e0168_n2_predation,seed_4.json,100.0,168.0,2.0,predation,4,134676,True,134676.0,0,0,1655,3.84,3,1.5,100.8,3.84,0.96,8.12,,,,,[],50.0,0.0,25.0,0.0,0.0,25.0,1.92,1.92,,,,,,,,,,,,No diet / mouth
rand_500_r100_e0168_n2_predation,seed_5.json,100.0,168.0,2.0,predation,5,28950,True,28950.0,0,0,4260,3.724137931034482,3,1.528607315316756,97.45862708827772,3.724137931034482,1.1724137931034482,9.724137931034482,,,,,[],50.0,0.0,24.616410298062345,0.0,0.3835897019376552,25.0,1.862068965517241,1.862068965517241,,,,,,,,,,,,No diet / mouth
rand_500_r100_e0336_n1,seed_1.json,100.0,336.0,1.0,normal,1,10000000,False,,383,1,458,6.999420030673178,4,1.842386446243043,98.25219272528058,4.0,1.6,391.76,2.0,2.0,0.0,0.0,"[1, 3]",42.85467403991069,0.0,14.286136026765856,28.57379598931781,0.0,14.285393944005657,2.999578638829207,3.999841391843972,0.0,0.0,100.0,0.0,50.0,0.0,50.0,1.0,2.0,-0.0,1.0,Generalists
rand_500_r100_e0336_n1,seed_2.json,100.0,336.0,1.0,normal,2,780958,True,780958.0,0,0,1154,5.76,4,1.9182958340544896,100.8,3.84,0.96,17.9,,,,,[],33.33333333333333,0.0,16.666666666666664,33.33333333333333,0.0,16.666666666666664,1.92,3.84,,,,,,,,,,,,No diet / mouth
rand_500_r100_e0336_n1,seed_3.json,100.0,336.0,1.0,normal,3,2736816,True,2736816.0,0,0,987,9.6,5,1.9611373325189725,106.64833333333334,3.84,0.98,2.44,,,,,[],49.999999999999986,10.000000000000004,19.9826388888889,10.000000000000004,0.0,10.017361111111116,4.799999999999998,4.800000000000002,,,,,,,,,,,,No diet / mouth
rand_500_r100_e0336_n1,seed_4.json,100.0,336.0,1.0,normal,4,949927,True,949927.0,0,0,1284,7.68,4,1.75,99.69132584082584,3.84,0.96,5.04,,,,,[],25.0,0.0,12.5,50.0,0.0,12.5,1.92,5.76,,,,,,,,,,,,No diet / mouth
rand_500_r100_e0336_n1,seed_5.json,100.0,336.0,1.0,normal,5,2001,True,2001.0,0,0,13430,0.0,0,0.0,0.0,0.0,0.0,0.0,,,,,[],0.0,0.0,0.0,0.0,0.0,0.0,0.0,0.0,,,,,,,,,,,,No diet / mouth
rand_500_r100_e0336_n1_predation,seed_1.json,100.0,336.0,1.0,predation,1,520282,True,520282.0,0,0,2026,4.8,4,1.9219280948873625,100.8,3.84,0.96,3.82,,,,,[],40.0,0.0,20.0,20.0,0.0,20.0,1.92,2.88,,,,,,,,,,,,No diet / mouth
rand_500_r100_e0336_n1_predation,seed_2.json,100.0,336.0,1.0,predation,2,95997,True,95997.0,0,0,2924,4.797757136583224,3,1.3705053990591822,100.609356609574,3.84,1.06,25.92,,,,,[],60.02804889892831,0.0,20.009349632976097,0.0,0.0,19.962601468095585,2.8800000000000003,1.9177571365832236,,,,,,,,,,,,No diet / mouth
rand_500_r100_e0336_n1_predation,seed_3.json,100.0,336.0,1.0,predation,3,677484,True,677484.0,0,0,595,4.8,4,1.9219280948873625,100.8,3.84,0.96,6.28,,,,,[],40.0,0.0,20.0,20.0,0.0,20.0,1.92,2.88,,,,,,,,,,,,No diet / mouth
rand_500_r100_e0336_n1_predation,seed_4.json,100.0,336.0,1.0,predation,4,505969,True,505969.0,0,0,1260,4.8,4,1.9219280948873625,100.8,3.84,0.96,12.44,,,,,[],40.0,0.0,20.0,20.0,0.0,20.0,1.92,2.88,,,,,,,,,,,,No diet / mouth
rand_500_r100_e0336_n1_predation,seed_5.json,100.0,336.0,1.0,predation,5,2001,True,2001.0,0,0,12745,0.0,0,0.0,0.0,0.0,0.0,0.0,,,,,[],0.0,0.0,0.0,0.0,0.0,0.0,0.0,0.0,,,,,,,,,,,,No diet / mouth
rand_500_r100_e0336_n2,seed_1.json,100.0,336.0,2.0,normal,1,248484,True,248484.0,0,0,1471,4.798666666666667,4,1.9218167300796825,100.8,3.84,0.98,12.26,,,,,[],40.01111419838844,0.0,20.00555709919422,19.97777160322312,0.0,20.00555709919422,1.92,2.8786666666666667,,,,,,,,,,,,No diet / mouth
rand_500_r100_e0336_n2,seed_2.json,100.0,336.0,2.0,normal,2,516619,True,516619.0,0,0,2329,3.84,3,1.5,97.92090909090908,3.84,0.96,13.42,,,,,[],50.0,0.0,25.0,0.0,0.0,25.0,1.92,1.92,,,,,,,,,,,,No diet / mouth
rand_500_r100_e0336_n2,seed_3.json,100.0,336.0,2.0,normal,3,2837273,True,2837273.0,0,0,2693,5.33246426719061,5,2.197504074111178,89.74379423747608,3.84,2.34,16.18,,,,,[],35.9419562365656,0.0,19.822252808581403,18.002933576257657,10.11315395061116,16.11970342798417,1.9165919732441477,3.4158722939464625,,,,,,,,,,,,No diet / mouth
rand_500_r100_e0336_n2,seed_4.json,100.0,336.0,2.0,normal,4,10000000,False,,461,3,806,7.002455829316914,4,1.664929894677249,102.87481291975482,4.0,3.54,494.08,1.6767895878524943,1.6767895878524943,32.321041214750544,0.0,"[1, 3]",57.121237446843544,0.0,14.30224180680064,14.29687942405731,0.0,14.27964132229851,3.999889421374452,3.0025664079424623,0.0,32.321041214750544,67.67895878524946,0.0,66.16052060737528,0.0,33.83947939262473,0.9232743438136404,2.0,0.9078385546725408,2.0,Generalists
rand_500_r100_e0336_n2,seed_5.json,100.0,336.0,2.0,normal,5,2193,True,2193.0,0,0,6789,0.0,0,0.0,0.0,0.0,0.0,0.0,,,,,[],0.0,0.0,0.0,0.0,0.0,0.0,0.0,0.0,,,,,,,,,,,,No diet / mouth
rand_500_r100_e0336_n2_predation,seed_1.json,100.0,336.0,2.0,predation,1,103367,True,103367.0,0,0,2174,4.081814568921021,4,1.7419885932818795,100.11575708997636,3.84,2.26,25.5,,,,,[],47.03790354953653,0.0277411976078843,23.518951774768265,6.0936658700233854,0.0,23.321737608063938,1.92,2.1618145689210206,,,,,,,,,,,,No diet / mouth
rand_500_r100_e0336_n2_predation,seed_2.json,100.0,336.0,2.0,predation,2,851318,True,851318.0,0,0,1628,4.8,4,1.9181733219713677,100.70240655887866,3.84,1.42,14.98,,,,,[],40.36812300627776,0.0,20.0,19.63187699372223,0.0,20.0,1.9376699043013328,2.8623300956986673,,,,,,,,,,,,No diet / mouth
rand_500_r100_e0336_n2_predation,seed_3.json,100.0,336.0,2.0,predation,3,2266,True,2266.0,0,0,8616,0.0,0,0.0,0.0,0.0,0.0,0.0,,,,,[],0.0,0.0,0.0,0.0,0.0,0.0,0.0,0.0,,,,,,,,,,,,No diet / mouth
rand_500_r100_e0336_n2_predation,seed_4.json,100.0,336.0,2.0,predation,4,400322,True,400322.0,0,0,2403,4.245189033189033,4,1.815236850210277,101.24932310791922,3.84,2.0,20.28,,,,,[],44.978625843287546,0.0,22.613833977584676,0.0,9.669185145602205,22.738355033525583,1.909427691578371,2.3357613416106617,,,,,,,,,,,,No diet / mouth
rand_500_r100_e0336_n2_predation,seed_5.json,100.0,336.0,2.0,predation,5,2193,True,2193.0,0,0,9661,0.0,0,0.0,0.0,0.0,0.0,0.0,,,,,[],0.0,0.0,0.0,0.0,0.0,0.0,0.0,0.0,,,,,,,,,,,,No diet / mouth
rand_500_r100_e0672_n1,seed_1.json,100.0,672.0,1.0,normal,1,10000000,False,,951,2,213,5.998817629530645,4,1.9189076018677744,53.94970517501702,4.0,2.52,870.0,1.0,1.0,100.0,0.0,[2],33.32605465234584,0.0038982796695175,16.660216530199424,33.332071382684795,0.0,16.677759155100414,1.99916924171194,3.9996483878187057,0.0,100.0,0.0,0.0,0.0,100.0,0.0,-0.0,1.0,-0.0,1.0,Type 2 specialists
rand_500_r100_e0672_n1,seed_2.json,100.0,672.0,1.0,normal,2,10000000,False,,1112,1,141,5.999689847823852,4,1.9183177988694025,103.99420871293164,4.0,1.44,1160.34,2.0,2.0,0.0,0.0,"[2, 3]",33.334772061242425,0.0002777921374171,16.66752824502603,33.33450746067714,0.0,16.662914440916992,1.9999829351535836,3.999706912670269,0.0,0.0,100.0,0.0,0.0,50.0,50.0,1.0,2.0,-0.0,1.0,Generalists
rand_500_r100_e0672_n1,seed_3.json,100.0,672.0,1.0,normal,3,10000000,False,,569,1,244,6.998003326177179,4,1.8421393154815813,103.43120945360847,4.0,2.82,549.32,1.0,1.0,100.0,0.0,[2],42.86660810134849,0.0,14.271760503502511,28.579580585774693,0.0,14.282050809374308,2.9998066607517035,3.998196665425476,0.0,100.0,0.0,0.0,0.0,100.0,0.0,-0.0,1.0,-0.0,1.0,Type 2 specialists
rand_500_r100_e0672_n1,seed_4.json,100.0,672.0,1.0,normal,4,10000000,False,,515,1,227,6.000077294758146,4,1.9183044216517728,94.85348735866732,4.0,1.04,517.34,1.0,1.0,100.0,0.0,[2],33.332903923542155,0.0,16.667740191144613,33.332903923542155,0.0,16.666451961771077,2.0,4.000077294758146,0.0,100.0,0.0,0.0,0.0,100.0,0.0,-0.0,1.0,-0.0,1.0,Type 2 specialists
rand_500_r100_e0672_n1,seed_5.json,100.0,672.0,1.0,normal,5,682343,True,682343.0,0,0,498,4.8,4,1.9219280948873625,100.8,3.84,0.96,13.16,,,,,[],40.0,0.0,20.0,20.0,0.0,20.0,1.92,2.88,,,,,,,,,,,,No diet / mouth
rand_500_r100_e0672_n1_predation,seed_1.json,100.0,672.0,1.0,predation,1,10000000,False,,598,2,517,4.999618542663745,4,1.9265013951528744,104.89126954991582,4.0,5.04,645.12,1.0,2.0,100.0,100.0,[2],39.987656136816426,0.0190223525076503,19.99230618308894,20.001525945761664,0.0198440522379972,19.979645329587324,1.999230270992891,3.000388271670854,0.0,100.0,0.0,0.0,0.0,100.0,0.0,-0.0,1.0,-0.0,1.0,Type 2 specialists
rand_500_r100_e0672_n1_predation,seed_2.json,100.0,672.0,1.0,predation,2,1253096,True,1253096.0,0,0,930,4.8,4,1.9219280948873625,99.84,3.84,0.96,12.18,,,,,[],40.0,0.0,20.0,20.0,0.0,20.0,1.92,2.88,,,,,,,,,,,,No diet / mouth
rand_500_r100_e0672_n1_predation,seed_3.json,100.0,672.0,1.0,predation,3,10000000,False,,529,1,305,6.000075894952752,4,1.792472235947334,90.80114420286505,4.0,1.12,543.86,1.0,1.0,100.0,0.0,[2],16.66641631402351,0.0,16.666559095989143,50.00056873996722,0.0,16.666455850020117,0.9999976278101976,5.000078267142554,0.0,100.0,0.0,0.0,0.0,100.0,0.0,-0.0,1.0,-0.0,1.0,Type 2 specialists
rand_500_r100_e0672_n1_predation,seed_4.json,100.0,672.0,1.0,predation,4,3456355,True,3456355.0,0,0,434,4.808196121997899,4,1.9226015709128403,89.98365349600257,3.84,1.6,25.68,,,,,[],19.965907705135397,0.0,20.1363691794584,39.931815410270794,0.0,19.965907705135397,0.9599999999999996,3.848196121997898,,,,,,,,,,,,No diet / mouth
rand_500_r100_e0672_n1_predation,seed_5.json,100.0,672.0,1.0,predation,5,970052,True,970052.0,0,0,686,3.84,4,2.0,100.68638737676092,3.84,0.96,31.66,,,,,[],25.0,0.0,25.0,25.0,0.0,25.0,0.96,2.88,,,,,,,,,,,,No diet / mouth
rand_500_r100_e0672_n2,seed_1.json,100.0,672.0,2.0,normal,1,1099054,True,1099054.0,0,0,340,4.8,4,1.9219280948873625,100.8,3.84,0.96,32.92,,,,,[],20.0,0.0,20.0,40.0,0.0,20.0,0.96,3.84,,,,,,,,,,,,No diet / mouth
rand_500_r100_e0672_n2,seed_2.json,100.0,672.0,2.0,normal,2,496457,True,496457.0,0,0,286,3.84,4,2.0,100.8,3.84,0.96,13.96,,,,,[],25.0,0.0,25.0,25.0,0.0,25.0,0.96,2.88,,,,,,,,,,,,No diet / mouth
rand_500_r100_e0672_n2,seed_3.json,100.0,672.0,2.0,normal,3,1476729,True,1476729.0,0,0,343,5.76,4,1.9182958340544896,100.8,3.84,0.96,1.74,,,,,[],33.33333333333333,0.0,16.666666666666664,33.33333333333333,0.0,16.666666666666664,1.92,3.84,,,,,,,,,,,,No diet / mouth
rand_500_r100_e0672_n2,seed_4.json,100.0,672.0,2.0,normal,4,2299925,True,2299925.0,0,0,410,4.8,4,1.9219280948873625,100.8,3.84,0.96,28.26,,,,,[],40.0,0.0,20.0,20.0,0.0,20.0,1.92,2.88,,,,,,,,,,,,No diet / mouth
rand_500_r100_e0672_n2,seed_5.json,100.0,672.0,2.0,normal,5,10000000,False,,811,3,363,6.000616300448769,4,1.91902908885391,92.46628405621728,4.0,1.82,862.18,1.998766954377312,1.998766954377312,0.1233045622688039,0.0,"[1, 2]",33.32785084948215,0.0020589441239849,16.675647413577,33.32954751197795,0.0024212257521762,16.662474055086758,1.999876450663279,4.00073984978549,0.0,0.1233045622688039,99.8766954377312,0.0,50.0616522811344,49.9383477188656,0.0,0.9999989032618646,2.0,0.0136934196361267,1.0,Generalists
rand_500_r100_e0672_n2_predation,seed_1.json,100.0,672.0,2.0,predation,1,3680751,True,3680751.0,0,0,150,4.8,4,1.9219280948873625,75.79416243571619,3.84,0.96,15.7,,,,,[],20.0,0.0,20.0,40.0,0.0,20.0,0.96,3.84,,,,,,,,,,,,No diet / mouth
rand_500_r100_e0672_n2_predation,seed_2.json,100.0,672.0,2.0,predation,2,10000000,False,,265,2,335,7.001132327934641,4,1.848965500036199,59.082607484168626,4.0,2.68,269.76,1.0,1.0,100.0,0.0,[1],28.566807572254632,0.0555341866669254,14.256326094436078,42.83080953652359,0.0071188239914556,14.283403786127316,2.0,5.001132327934641,0.0,100.0,0.0,0.0,100.0,0.0,0.0,-0.0,1.0,-0.0,1.0,Type 1 specialists
rand_500_r100_e0672_n2_predation,seed_3.json,100.0,672.0,2.0,predation,3,10000000,False,,1188,3,133,5.9997756174016725,4,1.9182878037371056,96.8893700446238,4.0,1.86,1181.48,1.9991582491582491,1.9991582491582491,0.0841750841750841,0.0,"[1, 2]",33.33373816762192,0.0,16.66355741770179,33.33373087506041,0.0,16.668973539615877,1.999949494949495,3.999826122452178,0.0,0.0841750841750841,99.91582491582491,0.0,49.95791245791246,50.04208754208754,0.0,0.9999994888931362,2.0,0.0098117902326317,1.0,Generalists
rand_500_r100_e0672_n2_predation,seed_4.json,100.0,672.0,2.0,predation,4,10000000,False,,1129,4,209,7.000221137080458,4,1.666290099874581,95.93226765903188,4.0,3.22,1135.44,2.99911426040744,2.99911426040744,0.0,0.0,"[1, 2, 3]",57.138306940008746,0.0,14.2782134361029,14.285262999806664,0.015006441732859,14.283210182348832,3.999807839784402,3.000413297296056,0.0,0.0,0.0885739592559787,99.91142604074402,33.34809565987599,33.303808680248004,33.34809565987599,1.5849622177183034,3.0,0.01025942045782,1.0,Generalists
rand_500_r100_e0672_n2_predation,seed_5.json,100.0,672.0,2.0,predation,5,1082345,True,1082345.0,0,0,299,4.8,4,1.9219280948873625,98.78692964943455,3.84,0.96,19.94,,,,,[],40.0,0.0,20.0,20.0,0.0,20.0,1.92,2.88,,,,,,,,,,,,No diet / mouth
